x	y	clickSelects
0.094094395788491	0.457783165593737	86
-0.047463215614001	0.470750016571924	86
0.07379597286348	0.413785283004285	86
-0.0253869946616	0.595614728008042	86
0.108212493131049	0.365232884028566	86
-0.066230020907052	0.793562012045057	86
0.01425480326423	0.502273313761972	86
-0.002803036833673	0.533585030530294	86
0.028711646092557	0.434072724046471	113
-0.015140849037775	0.324956950647837	113
-0.092133355146562	0.381175109425612	113
-0.043411592972317	0.208605527780817	113
0.029831394446699	0.207987425389157	113
0.018546214111233	0.185040432930578	113
0.05454121655778	0.0947522492883155	113
-0.033807264178859	0.131485935549625	113
-0.075530426419979	0.416120091168302	113
0.057571842049776	0.05268150679056	45
0.021110586005269	0.438467414106812	5
0.122700323406696	0.0965744220585699	5
0.087055936165266	0.133784495841678	5
0.048510332833652	0.132610388997601	5
-0.00161612119025201	0.235877367235204	5
0.101666856680057	0.0877047938559628	28
0.052533626598883	0.0957447161261358	28
-0.101523391037858	0.595337286447582	28
0.047573877318806	0.133284031191179	28
0.102392413776934	0.0872462028950933	28
0.082399528864281	0.160462697355941	28
-0.064009116369662	0.196878180256266	28
-0.096089125947831	0.291613608944688	28
0.083464302406825	0.16894374328338	23
0.062121000310224	0.23016920164333	23
0.07748221329713	0.211539725535225	23
0.110587458886754	0.125289068504878	23
-0.034717128526075	0.131936457307058	126
-0.034350582146606	0.131755098811505	126
0.124299158753125	0.0952703780755299	126
0.042650593066286	1.44393034569969	13
0.115006027566841	0.795940339654939	13
0.094327155022978	0.531449916242302	86
0.107447039711083	0.852254913850099	13
0.119238965856838	0.719394867293756	81
0.121057817277761	0.74740863543708	81
0.089674219262845	0.834386873029568	81
0.064990663830703	0.653606878098747	86
0.104431855832687	0.64823248469542	81
0.05210536304427	0.434643492903143	72
0.065855473432881	0.439358397533133	73
0.00112862760152299	0.491447249535104	73
0.00791726388476999	0.455241512237513	73
0.00830674052597699	0.174910403777591	113
-0.00141762721669603	0.235631110518914	113
0.00388142813577	0.364347321388312	110
0.112682382055476	0.227654171186312	110
0.009293490067208	0.481600254320988	118
0.05899457441382	0.402312166634486	21
0.030629368877041	0.351700399456577	87
0.028009667519608	0.209994619819576	87
0.098471040760281	0.297570471576457	8
-0.064283407714022	0.740904351786842	8
-0.046635594667214	0.537935615288084	8
0.093168185436481	0.255676301818818	8
0.116129618987477	0.636492342438005	15
0.071349612072347	0.262226468372417	5
-0.088346333753975	0.520023483900824	5
0.016966427533011	0.186572168481536	5
0.016930052703221	0.320886201816912	5
-0.044587187748136	0.574194482469667	16
-0.092800762063657	0.183914978060079	28
-0.117426130456878	0.334050270106833	28
-0.006660334208206	0.341840845913282	23
0.044841793096436	0.45551469499392	47
0.060373065641625	0.191817529429618	126
0.024118627660621	0.19756254449851	126
0.103291249944345	0.086652914303669	126
0.120155272195173	0.750531064434635	13
0.089200843454894	1.02383846290603	13
0.113240810889536	0.761215675276136	81
0.092566422966848	0.850657399683746	81
0.063050912439062	1.287332475557	81
0.075957404339053	1.0144166700763	81
0.080918137076736	0.962907724804125	13
0.014504083763434	0.749670687829614	73
-0.097078689684203	0.750152325676337	73
-0.06973541910937	0.598279310398453	110
-0.094667270164746	0.424351258997696	113
0.042261045995828	0.232583578827398	113
0.012265501060794	0.253406770110326	113
-0.01730791336901	0.328349433999157	113
0.034170637403915	0.385036445090381	110
0.020961434324118	0.325964580080864	110
0.120367977954843	0.276516239959915	110
0.07585006687437	0.632165549009035	112
-0.111396994608185	0.950463487663355	87
0.054490224971345	0.158560943002812	87
-0.011936392193374	0.145600732320837	45
-0.02907002638383	0.516874944232854	8
0.070350444241617	0.448872086575466	66
-0.121733781077103	0.646314416035685	8
0.064275770210514	0.654382162274359	15
0.109670923920894	0.312609885930117	16
-0.096116845036029	0.747213255189191	5
-0.069238052179783	0.426330899417582	5
0.024359960152701	0.342602843541383	16
0.081101946211985	0.180824329195253	5
-0.077696985136545	0.419789169533836	5
0.099200483595081	0.169268735307241	5
0.01319159759623	0.371048649335809	5
0.094780636128312	0.10415350207932	28
0.102511988135929	0.0871740393612336	28
0.11322715163216	0.431349244109094	14
0.077375125073585	0.70038161107914	14
0.015873427638394	0.322779349543762	47
-0.091832690151522	0.183325344026557	28
-0.050056269172655	0.256072039845416	28
0.110852587225961	0.362904547310233	47
0.00384753030818299	0.59361386171438	114
-0.023222970382498	0.272814702453616	126
0.040056292220924	0.25838832636453	23
-0.083579837503865	0.464141480177886	23
0.052152188721325	0.298608911643382	23
0.069013673429121	1.22516036124027	13
0.045440917842779	0.951841330687121	72
0.042504278230786	0.723840581413265	72
0.061842385954636	0.413723537280664	110
0.089823112700049	0.30082060117665	110
-0.054618907386997	0.879368888430903	110
-0.03728463595558	0.812282066332394	110
0.119831022990854	0.232144921148027	110
0.099711024449385	0.341489798149675	118
0.08622011037133	0.633384307740285	112
0.112424899733211	0.350957178702684	21
0.050366210267327	0.620683652452822	21
-0.00170982593601499	0.295987554360388	87
-0.010356574962711	0.42120290551845	8
-0.021508282158642	0.49009663354895	8
0.124722773525516	0.383843731922163	15
0.121243476646786	0.488978712060897	15
-0.018977198037157	0.756139260308329	16
-0.087719404024448	0.979322270128164	16
-0.00634868349560502	0.505685736563621	16
-0.051218661046741	0.432794951575173	5
0.062372787747129	0.274835213233471	5
0.00880293422228501	0.174497282126636	28
0.004084879824924	0.247516771505459	28
0.017582075108184	0.260631943841748	28
-0.00192680045706001	0.236190300670063	28
-0.011744595085229	1.27413111838483	14
0.053640364736822	0.592337546046176	14
-0.090845549629879	0.97267634161362	14
-0.00546889873287598	0.573973333292906	47
0.00997770436130499	0.332749268860763	28
0.042639781985369	0.331831594913605	23
0.10503664660345	0.217657380338127	23
-0.00369887931701401	0.600865838372934	47
0.071522784361144	0.509006037626088	47
0.032096067951801	0.715346726866063	47
0.11856741765279	0.354394361561351	47
0.027169417788219	0.59912386986052	47
0.092580440874891	0.193058393880512	23
0.111903080715611	0.155742360535119	23
0.028247347694828	0.425137892924717	23
-0.119803867021166	0.837700380748422	23
0.121390077521077	0.736663200791584	13
0.03591935093549	0.868382387879112	81
0.113481492955902	0.729952444123779	72
0.088796150191657	0.931905959606255	72
0.087891141784478	0.904572535283392	72
0.068763551035947	0.748546955906645	72
-0.101925721756704	1.50333699508213	118
0.029806152761463	0.822339546670868	118
0.00165962793017499	0.90970025252725	118
0.00430977296605301	0.959963973896802	118
0.028384701307132	0.850872170249836	118
0.094009724113053	0.449055889055892	118
0.031316594881745	0.796863165555242	118
0.121314605636673	0.341314520604457	118
0.109318844191278	0.551507559390798	112
0.109489488179927	0.536687791011645	112
0.102224060013352	0.503874205941127	21
0.076566101618846	0.628603563947703	21
0.098833242011195	0.276658878277687	8
-0.097802381239023	2.24846124805906	15
0.059205231616111	0.708121053130157	15
0.096301806369911	0.544325775592366	15
-0.003361261853353	0.704765835844995	16
-0.084927940560402	1.24221666614022	16
-0.000321332032274024	0.742105195362595	16
0.105370742359879	0.258984465705051	16
0.014959817814103	0.533657078153083	16
-0.062476742165436	0.569620613604075	5
-0.00706481581337398	0.540590972935569	5
-0.025682161783684	0.485601699087641	5
0.008763038428236	0.570942216837472	1
0.087917040611348	0.475344721414805	14
0.116951352128883	0.299005218073311	14
0.116753323604823	0.253491976809155	47
-0.016656357048227	0.610895797942501	47
0.065757028656547	0.528453448718045	14
0.040339794427689	0.596734851201449	114
0.074471394043369	0.43818954882557	114
0.118404212371565	0.2705417214457	114
0.029148400579303	0.633400182860408	114
-0.115127871995481	0.978012035225104	23
0.020503367172604	0.730814474253076	23
0.07152438853616	1.19967605376508	13
0.063536562453695	1.02763941687729	81
0.114231721156023	0.607384705288947	72
0.091729754557325	0.606679096229457	72
0.066316193225757	0.87730759271217	72
-0.105939804874275	1.72778995518278	118
0.026933036645993	0.837757179092269	118
0.074188276484841	0.712064465783442	118
0.100711836449236	0.457039555598883	118
0.04069854567419	0.733599117543417	118
0.096681102594735	0.522470619192597	118
0.106898386301791	0.445183614938622	118
0.088885292457845	0.736855779978939	112
0.098966179200363	0.252783126320196	87
0.061521751261051	0.267665457354598	8
0.07223745311409	0.336411355570742	8
0.03878501847147	1.09762766075811	15
-0.035221335895253	0.99315899650465	15
0.083389416562114	0.434855889606392	16
0.042499557587475	0.458647956995577	16
-0.0853138702611	0.722997294415123	16
0.073644449821856	0.325659462396669	16
0.121994091717919	0.292671885504749	16
0.103101474119893	0.356129290487598	16
0.015573193795814	0.553844950272333	16
0.010134148582407	0.461406295219074	5
0.024126330554127	0.3930335735017	5
-0.090566263173979	0.687386669718947	5
-0.055717051784838	0.570166744090209	5
0.003248311995454	0.365543141520474	5
0.013358955575818	0.314321235247486	5
-0.057939671928077	0.558353583406148	5
0.000433605555654998	0.436660766111253	5
0.018984793569898	0.393512255789358	5
-0.011118416581039	0.457745238476687	5
-0.112080611816367	1.65806194628727	14
0.010781152104393	0.553101289139267	47
-0.066975670267451	0.750128631609953	47
-0.117417456595045	0.950880473809685	47
0.084387422303953	0.451412802437438	47
0.109636361885861	0.418602950231804	14
-0.069856770099916	0.973981202139117	114
0.112906176999757	0.308345069404909	114
-0.093292604276283	1.09825494134012	114
-0.030625361342088	0.665768475790431	23
0.103118374313224	0.358918747100956	23
0.0875421041975	0.990192228055817	13
0.102435210787686	0.904271014601674	13
0.073571064825314	1.16196922441986	13
0.095023007586246	0.935902480254375	13
0.096023723873939	0.963298616935607	13
0.101854716863168	0.488656514030127	72
0.113391650401831	0.48084473812943	72
0.04188759172118	0.487624500944906	118
0.121888721232523	0.243700007925014	131
0.105520409578694	0.285931370694222	131
0.080582651443893	0.270801235929113	131
-0.111683370084266	0.95170174978255	131
0.010923815290996	0.552620507597259	18
0.124108651073088	0.640186070934565	112
0.056186415553466	0.890164495177648	112
0.093501905367566	0.600395992477332	112
0.021516886158093	0.986192368004315	112
0.037889469549557	0.906521564986962	21
0.093383163775089	0.470973574287171	21
0.057042235004094	0.0528194849359051	64
0.054098843092435	0.0949701318368721	45
0.020763565554847	0.594813724584298	8
0.123704051654315	0.203395178342019	8
0.069523207421969	0.625674974251802	15
0.080079439586625	0.327766595801906	16
0.075226833401677	0.292993795763608	16
0.071209360037371	0.338852503223987	16
0.020661979893253	0.488833886706857	16
-0.032774239825759	0.626277878958219	16
0.116805890598955	0.283873318478849	16
0.00680707216271101	0.664028481452583	16
-0.042444160609473	0.818363477487094	16
0.109501466431162	0.192547657478867	5
0.119589802899699	0.282967175634541	1
0.082183784932068	0.791387507885609	14
0.024972058275348	0.82811569457959	14
0.08889030807293	0.361980595520222	47
0.034872734563635	0.306079060199262	91
-0.119831333132053	0.851073390087899	47
0.120141951415353	0.258948296049403	47
0.094008095641461	0.338314126822845	47
0.009471979049442	0.88639663238806	14
0.038713200361813	0.851830533596975	14
-0.00310090127530299	0.984189131656801	14
0.028150534304755	0.628268488605511	114
0.117145215199801	0.198532759421254	23
0.121538880036333	0.651960948786898	13
0.123126743103142	0.728657222050613	13
0.101444305222952	0.772382389905283	72
0.041803748553432	1.20820049600387	72
0.072509326328525	0.831481008560328	72
0.088996363019067	0.713110949110705	72
0.020415234276677	0.818479497857462	118
-0.013458736670754	0.95587988375261	131
0.103578707787517	0.268477055616788	131
0.031509808656473	0.726188625077143	118
-0.011918400263388	0.601691879046032	18
0.083673605372626	0.354962053434343	18
0.061092385878241	0.294218563961945	18
-0.016112473012606	0.455446297145392	18
-0.072259704901051	1.18560683022765	18
0.103902548815931	0.527083609673123	112
0.061196416378051	0.221834570343138	87
0.098691946270505	0.169936685780586	87
-0.026387283793032	0.409820453740657	45
0.124519405210964	0.19247944232713	8
0.053976528759554	0.313077720046029	8
-0.053978447743913	0.538894307636598	8
0.093618656642955	0.626183010069846	15
0.121699870352404	0.447286455778054	15
0.062460499804139	0.41196671619594	16
0.092934815424965	0.326811607490092	16
-0.010536166458371	0.563510618844634	16
-0.112713876190642	1.18734422192774	16
0.105395359324536	0.334524842846446	16
0.030242888191659	0.658992298021834	16
0.074800084336765	0.28648207406963	5
0.117661338218436	0.109780737278029	5
0.014181385601238	0.325627869487521	5
0.059903235642984	0.233348713185863	5
0.023014400455283	0.395534699122894	5
-0.115428397758342	1.02777652477729	1
0.102692528611919	0.629109053225436	14
0.113963421139439	0.307284121093158	47
-0.112751581097062	0.560494343765872	91
0.055498740485478	0.473300678598809	47
0.012440570112242	0.916688458317804	14
0.100418636882249	0.919068510921716	13
0.117594360843778	0.775114677226584	13
0.094326928925022	0.978162801666153	13
0.050699246689539	1.39609621858876	13
-0.010756976275757	1.16855013353064	118
-0.00729948219129201	0.97075837489702	118
0.066840429147154	0.406973691724795	131
-0.09794172932329	0.587177053982874	131
-0.093363092334131	1.21664816436045	118
0.061860289196263	0.481116773099468	118
0.104950165277144	0.437655061830697	118
0.03069397794185	0.529881267440937	118
0.058086365975913	0.404775182348199	18
0.081352239071028	0.361298635539706	18
0.062913249430847	0.188777133429589	132
-0.00936019848067898	0.96044355069461	18
-0.036681948959696	0.480195192369697	87
0.0385501207997	0.608395902289052	1
0.091586103479257	0.362525905612382	16
0.00648005291492901	0.501003287591908	16
0.029762390059716	0.37457499834003	5
0.08930653206925	0.131719198499527	5
0.100076194662945	0.217763351371101	5
0.00510481943572799	0.246307960949366	5
-0.039205525266023	0.51085747790357	47
0.022394128342349	0.713275410191946	47
0.075452348213865	0.262631564003816	91
-0.103411951740922	0.45282516660158	91
0.043121570840524	0.25382905526615	91
-0.039019607418316	0.40026928547497	91
-0.076419285259286	0.71496034085057	47
-0.016186703819912	0.813656048578723	47
-0.05868059083994	1.30716251354488	14
-0.054870000967338	1.07769485576512	14
0.021564333992722	1.02668654475725	14
0.00201943240900601	0.994335798019586	14
-0.087577115866727	0.55160815475066	23
-0.013926448821842	0.392239327428305	23
0.049629604186476	1.42847135995281	13
0.112658705801347	0.811196887527823	13
0.086324565158241	0.750202130825194	72
0.059128566280771	0.790134559673605	118
0.106179321290925	0.320235123303392	118
0.11813033268956	0.44837535824222	118
-0.027482777897341	1.0713695702366	118
0.037748116404658	0.733025833301284	118
0.075186388076258	0.496770512280021	118
0.041368430321839	0.233795808836843	131
0.110112651534291	0.330254389313648	131
0.101966889099404	0.150843663968347	131
0.021529145540934	0.387909803765564	131
0.054354124501968	0.289052522464418	131
-0.085350198130361	0.796060180159091	131
0.033696109143615	0.405887375715362	18
0.055226814296753	0.442084438659514	18
0.056759960862552	0.156399574676667	132
0.061685220903377	0.520848107236251	18
0.080268934523021	0.960418215236457	112
0.117731048338399	0.450669265417564	21
0.00134352032569601	0.915992259511522	21
0.106762236368811	0.182119149138264	87
-0.093809870812185	0.184541827263095	45
0.092529278990313	0.744795368574541	15
-0.019463539184978	0.737639878595304	16
0.095219955439619	0.226196681243485	16
0.047840672670726	0.277774455302102	16
0.001891041952156	0.501552764305739	16
0.085562626667102	0.356250578374483	16
-0.06820085682884	0.487456040179237	5
-0.00339554789236601	0.555385729055158	1
0.081570133078565	0.838983682170404	14
-0.00813986166939901	0.510447716967289	47
0.093519283792915	0.184261898144146	91
-0.024028370197228	0.216168435349943	91
-0.060756862616729	0.346940947603869	91
0.023495960096133	0.501904960405996	47
0.051435299973302	0.647563372889212	14
0.108906257289599	0.532078297027689	14
-0.11665322415912	1.62097781698482	14
-0.027296923302917	0.219106752554148	23
0.104483097259163	0.882359524576753	13
0.06522785509798	1.26297966460535	13
-0.033296157390167	0.802209429784664	72
0.022589042772098	0.279558068227982	131
0.009864966546386	0.420459008586471	131
0.099432956767166	0.295238129846721	118
-0.089991950685922	1.10876390803573	118
-0.03470781393639	0.515695436183854	18
0.046084102504634	0.328789491554952	18
-0.020289270182077	0.501250603042931	18
0.061690133080353	0.797184468396138	112
0.035758437336812	0.887864443274666	21
0.045395949614498	0.59162820992841	21
0.057047295590999	0.183694995096854	87
-0.071369344379927	0.249529076498768	45
0.117402350382486	0.225422717716484	8
0.049042063220826	0.434753512393652	8
0.087599256283688	0.841906899986793	15
0.049835863017827	1.08568727924606	15
0.0779951742828	0.893222727563859	15
-0.039989004179487	1.06044075549738	1
0.118643639180684	0.377889589056916	1
0.083305535107743	0.258462373840806	16
0.023102818507785	0.406034883801436	16
0.034251478278529	0.513054869974853	16
-0.027150273492345	0.615258603111881	16
0.061291154523508	0.276753787858113	5
0.118816215725421	0.393568596809299	14
-0.117172734342404	0.744387008898185	47
0.071460506307713	0.389694314445125	47
-0.037321308477365	0.397103958114872	91
-0.117759262211569	0.334392485182557	91
0.121170609204748	0.379487728566049	14
-0.087654578594524	1.70455965610906	14
-0.011437986255658	0.553073395787606	114
0.102901192921429	0.157299498297307	23
0.118183016198163	0.191517232259124	23
0.000987203442484014	0.479571501577032	23
0.107467543653007	0.716802322716849	67
0.100055788542854	0.794412466131194	67
0.061168436814406	0.808862692888575	118
0.055611774575005	0.609816246090906	118
0.017444467442889	0.628105438028174	131
0.092205836889028	0.295252230955039	131
0.053511556734111	0.545127243695571	131
0.123537973112773	0.239913002034908	131
0.088350648857318	0.38717963970298	131
0.114917163078963	0.334458015202595	118
0.10697925396364	0.339566025933006	118
-0.00998722329123902	0.833118953775345	118
0.109401649643576	0.257701525456732	18
-0.00137970708698398	0.485591860388179	18
-0.071797141060242	0.49489321149103	18
0.093976847447375	0.183666414424311	18
0.049638468216431	1.04882447397337	112
0.083745665986061	0.684996054560271	112
0.01802101065253	1.10798027375476	112
0.099435619712191	0.501148161710272	21
-0.08770801179326	0.551895887210166	87
0.084095843865127	0.168182852472728	87
0.034716079107977	0.217145233444425	45
0.008152922807176	1.2487302144598	15
0.112157285993294	0.377197090515244	1
-0.118006173716498	1.0997531256348	16
-0.023615463708378	0.517622653142495	16
-0.063495953696718	0.496779668478262	16
0.00282379453610801	0.353246069583395	16
-0.024680707566422	0.630360251198155	16
0.093489713399773	0.333804701681081	16
0.044254205780395	0.489062123728404	16
-0.035151003495141	0.264707301757188	5
0.108427516770252	0.635297900027288	14
-0.045094303522309	0.534065093750681	47
0.059522615292243	0.44063843543434	47
-0.10351050602667	0.412976662236272	91
-0.040317428967795	0.964580259846618	47
0.022075069877174	0.822460061236386	14
0.0954371419128	0.431041763677981	14
0.029473659848934	0.741813346988439	14
0.089687335036124	0.301132812930951	23
0.024766462624358	0.412821891074114	23
0.107197040030502	0.822298819133059	13
-0.012787879114667	2.19545795931995	13
0.110290560197093	0.627040901566984	72
0.088813243266919	0.686483109792173	72
0.00428591873349099	0.914233456962235	118
0.069707796027546	0.42338685841799	131
0.018206954750697	0.664923204723419	131
-0.041066373260134	0.9019421395369	131
0.040709573496287	0.473025051187117	131
-0.053120042357256	0.796880531576104	131
-0.030774558214173	0.968560683176555	118
0.05744683512514	0.497149003866103	118
0.102807265548569	0.428450470886794	118
0.034603752902802	0.52134578888124	18
0.087053258405698	0.264917007566491	18
0.015734175397163	1.19311084124163	112
0.027952776279351	0.882671529788784	21
0.026380386087506	0.828231385013886	66
0.115448552975149	0.367465377077969	16
0.097112152295883	0.294920570169268	16
0.100423501696502	0.377276695378976	16
0.085937062678209	0.309891268138582	16
0.018635479479789	0.548460369870845	16
-0.01391289207626	0.728792496418922	16
0.099988714496651	0.205330837757176	5
0.082399528864281	0.160462697355941	5
0.081421041382551	0.171336452780057	5
0.041641991971312	0.324074051240065	5
0.041106703946262	0.23417205056141	5
0.053589198462861	0.634782153566893	14
0.01470044654574	0.578299048870423	47
0.119634075844014	0.315919605758734	47
0.062411716300166	0.300041020327835	91
-0.104105177298784	0.492210525334804	91
0.091503362507706	0.497417017708918	14
0.027152689252294	0.475010183365331	23
0.039154214530101	0.473682603362766	23
0.10233805247676	0.320315192881627	23
0.08062978818368	0.990193312293066	13
0.101201006838836	0.878771971378219	13
0.097981593068801	0.844494642145527	13
0.052475740765264	1.15802194437995	72
0.096798173151577	0.932630882843963	72
0.00249951063395501	1.65834681837651	72
0.120573778639453	0.745537348623252	72
0.060587056810141	0.94734336395802	72
-0.00703074362628803	1.43760714445428	72
0.00248598417360499	0.889861897165778	118
-0.096295358278263	1.56567814384831	118
-0.001323772112794	0.841150518546049	131
-0.028132346769378	0.909567862634878	118
-0.106900429093343	1.23058792219236	118
0.012131750087312	0.770376340240374	118
0.001048560951038	0.759727953789626	18
0.087742755301933	0.40052623304081	18
0.119360631920737	0.263559632948751	18
0.039212018576923	0.755231877431188	21
0.058034502392056	0.0525455876689241	64
-0.110848612917853	0.518898942863586	8
0.116968361683125	0.376933877763243	1
-0.043328001913167	0.782596154476236	16
0.062887603405527	0.36339440049191	16
-0.036053060332532	0.684223893181876	16
-0.10641178567806	0.850352755571809	16
-0.053600661052459	0.955215892770862	16
-0.015143626821421	0.379990596001911	5
0.038559072374157	0.237581532257308	5
0.103556996059828	0.18688841154675	5
0.080143985483366	0.215820250707813	5
0.046456066478272	0.738791660269223	14
0.036232595354197	0.510632624690058	47
0.101071795094477	0.2658751011479	47
0.076914403628597	0.321143227265427	47
0.102354554505601	0.343206611646239	47
0.045844513201681	0.66261520167148	14
-0.121033174147484	1.06463144800129	114
-0.00173597562016498	0.518531745857162	23
0.003045408232632	0.614556321014533	23
0.091048629776377	0.991240973331915	72
0.060811187211036	0.858322777464954	72
0.111862678083533	0.51522378736628	72
0.099384770250158	0.545699598986179	72
-0.099668775164539	1.89992578143025	72
0.00863389503776901	0.980852562680576	118
-0.02089883174243	0.997445509838569	118
0.094927869595761	0.517711408098221	118
0.02500939196736	1.01033418358708	118
0.013698064396864	0.876939918565881	118
-0.026171635014815	0.925618141443726	18
0.104025717288489	0.420069297343562	18
0.12005663334256	0.350910109589252	18
0.035289224538197	0.638309397579654	18
-0.00335783305704002	1.3432288875892	112
-0.014894542640769	1.31900472649033	21
0.008507689136703	0.465406739899531	8
-0.011383691446591	0.458328582043223	8
0.050423532601397	0.834518657633011	66
-0.058170903077799	0.910527230075721	1
0.058246882066996	0.467795346074836	16
0.000977573420332001	0.786153199624888	16
-0.062900187785031	0.698570159023361	16
-0.120814904611814	0.890754866811063	16
0.090198580816587	0.274467730997668	5
0.077672545241481	0.235641587098209	5
0.030945985350497	0.361602012101662	5
-0.02508427438338	1.10754802606871	14
0.116183451708959	0.459585947410692	14
0.115579960043877	0.557204817433713	82
0.033410330931401	0.525263929427729	47
-0.000930018312737979	0.740231716706323	47
-0.048195221332513	0.609445981818563	47
0.088798865949807	0.290337256036514	47
0.101272447402644	0.279398167261732	47
0.0680680062659	0.582073206040743	14
0.087891533016722	0.581145637589086	14
0.062031761858805	0.765401889284913	14
0.119813011186797	0.368373271195801	114
-0.020342831766309	0.727833795586294	114
0.047989702341299	0.634078473160395	23
0.101461592756831	0.913209869505562	13
0.110773715298632	0.621226531888841	72
0.071738765315558	0.667793341563012	72
0.051054668513616	1.06637350009914	72
0.094290609093491	0.658622214194911	72
0.056948032238247	0.781656202299688	72
-0.037510712999104	0.594816694775562	10
0.064713206898098	0.382438078927062	10
-0.122220142841372	1.03310792633567	10
0.029632105771904	0.543123387100594	94
-0.043442193603236	0.611942584667277	94
0.093215482496362	0.352082857951077	10
-0.054727789573673	0.733383707421309	18
0.030859423088778	0.504376062990932	18
0.058339709042839	0.245319074735971	18
-0.081880061093495	0.494778245582109	18
0.052479497311156	0.674483118867015	18
0.124237871031973	0.488975905620755	112
0.107974823955514	0.582248954022233	112
0.116747312528653	0.358980201136556	21
0.099696119568364	0.161231135449175	87
0.040116993439216	0.409350044023058	8
0.107667874197784	0.459078811025699	15
0.120829966101589	0.613296334416654	15
0.006200547363576	0.459468233743892	16
-0.007026975787989	0.44080595322332	16
-0.080489340725803	0.555885220196622	16
0.044566600209625	0.461644161434841	16
0.023821800654876	0.332268674751103	5
-0.052009027875486	0.462542268289295	5
-0.048808034459399	0.611148303042546	47
0.105872663547219	0.189734695587321	24
0.078930775459899	0.183516960964662	24
0.075128892009331	0.214945454103576	24
-0.0227330890574	0.744664326889573	47
-0.057752632570687	0.502652791466944	104
0.099529731600693	0.892974367633144	13
0.084547375528863	1.04547762450988	13
0.093737582751494	0.612781697389744	72
0.10620696542732	0.527920892789389	72
0.110009218589928	0.26697648140124	10
-0.031614995010916	0.4036470061024	10
0.115859024492557	0.182410213800377	94
0.105910398205305	0.2102346613629	94
0.002809367147737	0.399257517347474	94
0.058231567740429	0.626680070774522	118
-0.057548424002145	0.601759568680843	18
-0.026207661536574	0.686280686219994	18
0.024721403835516	0.34191156344712	18
0.010581028970857	0.255549742430099	18
0.061809043739088	0.309526693512396	18
0.105556268325287	0.479588382364541	21
0.124534434829002	0.342328249032592	21
0.120525506858374	0.341722618557529	21
0.042558887803013	0.57534096995188	21
0.037005934493337	0.470739589847799	21
0.047061979372482	0.751022167190847	66
0.060006067813573	0.446906902706548	1
-0.109308765865415	0.553810568803766	16
0.094793023014462	0.258571412490364	16
0.012528181599884	0.32850389054614	16
0.049027103591732	0.408464010137164	16
0.00737878992677399	0.175670350551747	116
-0.050056269172655	0.256072039845416	116
0.12471749243179	0.094924474363341	116
0.020858385400922	1.28244587030683	82
-0.081485893987649	0.802274158695132	47
-0.00264604605176499	0.653083877323775	47
-0.096301346758992	0.291799738675847	24
-0.098481192069246	0.721675484089382	47
0.08978063153726	0.412925416134589	14
-0.033640774120266	0.997878656027643	14
0.017510475608476	0.274121685019451	104
-0.053576128067483	0.25959954593813	104
0.049988210671471	0.293330645918552	23
0.085192368033486	0.226451370598776	23
-0.115521991827345	0.527846523868366	23
0.100749562843545	0.920427840066161	13
0.068717420641154	1.21349232863504	13
0.058826140408702	0.756615730764322	72
0.060484407674342	0.559595006447966	10
0.097631509284048	0.299540281993135	10
0.095599911302552	0.302044641213385	94
-0.099409689332751	0.658053203485552	94
-0.075337543506502	0.682361915613876	94
0.044004378508693	0.648115936630398	118
-0.029765432138957	0.90432258773261	118
0.103225825617027	0.252241108700384	18
-0.039777054649667	0.601399944799988	18
0.090482689531355	0.247820015683174	18
0.083353414759081	0.292858090888946	18
0.076549592538263	0.412127501374153	18
0.02058315802507	1.05289870257617	112
-0.04530888556779	1.23880918386099	21
0.082299855611171	0.187957788335938	87
-0.013529310008269	0.146600415920468	45
-0.066211624142025	0.589238405483859	8
-0.025677673888012	1.37219885310329	15
0.120026251197997	0.425549504997031	15
0.072867350353938	0.74626103848551	15
0.012841074537997	0.791855464222371	1
0.062611743540887	0.332190399596835	16
0.101850580663145	0.229329076923236	16
0.106192635970575	0.281317323820695	16
-0.024534216832976	0.274425052745485	116
-0.10366330874005	0.453301175083252	5
0.121777510595179	0.0973287094534265	116
0.066670225810187	0.758591493516687	14
0.06227419469424	0.575307989734653	14
0.028767361199858	0.444168740841218	47
0.109252258252069	0.325350980219423	47
0.057082696763887	0.607797956050107	14
-0.000607036217912027	0.745025122806416	114
0.122775528315149	0.26331083196008	114
-0.096391137556118	0.943664740103037	114
-0.079582289547337	0.348355356767583	104
0.03793746341064	0.439385092145829	23
0.106336930149756	0.71317018493004	72
0.116040813481034	0.682684733683034	72
-0.082213408082951	1.01406934716687	10
-0.028613751941704	0.744964511927836	10
0.120893554346174	0.239290160554056	10
-0.047649129294906	0.808154778606204	10
0.072365416501328	0.4112353562827	10
0.058857113442595	0.422149773953036	94
0.079745134536839	0.328573904203914	94
0.048601101857068	0.483779069981473	10
0.08124805986319	0.381268666533557	10
-0.09242009303441	1.09396824272187	10
0.026609997570067	0.418853676859668	18
-0.079276280843543	0.764499500419078	18
-0.058674993736747	0.675762095651181	18
0.084617627918196	0.329998162992807	18
0.096324347719347	0.337681842738137	18
0.034381428895553	0.961998095359709	112
-0.074962180865613	1.47128670985789	21
-0.035383846446353	0.846918168244796	21
-0.066361997126346	0.421545048492728	87
0.122493232804456	0.168933521650272	8
0.091885825489954	0.392041138770887	1
0.056707077059269	0.400329285790171	16
0.0862765539283	0.279841068864141	16
-0.025175835618863	0.609397672904921	16
0.112960962483538	0.216587145929647	16
0.107045732088119	0.249838050638743	16
0.048150619103671	0.401911269335381	16
-0.021770716966746	0.563119254160859	16
0.056754329269296	0.170632123903469	116
0.060425634401217	0.20262004875469	5
0.083853434033244	0.168487976137005	116
-0.118307212060752	0.882025413210496	1
-0.04514379186749	2.05247200986849	82
0.019084331625138	0.81140127377992	14
-0.082067517401609	0.965692517491801	47
-0.027182993969686	0.712090223243734	47
0.101526442710443	0.247610978034924	47
0.029401752154707	0.432356738110645	47
-0.101032839645206	0.70814412867457	47
-0.013665301086603	0.280050825301506	24
0.047739620141702	0.277905884015023	24
0.00951481156301701	0.504349724763082	47
0.022959823878459	0.821535717800172	14
0.081866655109097	0.599444877583067	14
0.087525823822957	0.476807198719986	14
0.027754892048168	0.583477058548066	114
-0.064648767331356	0.528292890622105	23
0.048441218500328	0.27674219425923	23
-0.066785177493326	0.749480543256268	23
-0.04706297808591	0.606079492474267	23
0.086276115785096	0.60583703880056	60
-0.012851862826054	1.33287639733382	72
-0.041941264201357	1.00835683698802	10
-0.081217755262548	1.70906473632171	72
-0.035642862926963	0.905031199201752	10
-0.033729518757029	0.978037644771121	10
0.120100853653248	0.219892582989674	95
-0.024585694790157	0.556787128908784	94
0.088831757291434	0.361924126031024	10
0.082907010039564	0.314077737519173	10
0.057110118024987	0.520419402557707	10
-0.098474366628977	0.844025898806868	10
0.062089545666896	0.292309387253425	18
-0.029633475152324	0.771323810957812	18
-0.038960503127254	0.443692326349415	87
-0.087287339483063	0.121455134065908	45
-0.006596716245101	0.735890951509668	8
0.060796754759061	0.621554925365837	66
0.120089123294122	0.247808219732178	8
0.031421913092861	1.01698182746752	15
0.124470600565908	0.548419636508085	15
0.058690346243717	1.05492725748512	15
0.058975399121854	0.520716856300296	1
0.095139840604782	0.245516384556849	16
0.089318254184476	0.212633983294661	16
-0.036488488082678	0.51982917035048	16
-0.124978687425894	0.743524357828563	16
0.10424905353467	0.263520747935441	16
-0.040234455803411	0.785983463207631	16
0.121950404807554	0.097194788151817	116
-0.03033061440737	0.40129820361067	5
0.042643555626793	0.402913854955047	1
0.06402503720122	0.622189395432294	14
-0.00214599733418003	0.348432540435581	24
-0.090037548535695	0.488967988119859	24
-0.11751105194466	0.334132873964102	24
-0.111399756898884	0.378789810056186	24
0.103648188038936	0.290599666072656	47
0.015429482810933	0.554304493449297	47
0.02932946077516	0.767521834727623	14
0.091521214012385	0.588376138243041	14
-0.064967835335792	0.419093255087514	104
0.11744823505194	0.638464100912806	67
0.020978727865943	1.05499173695849	57
0.117224031124849	0.369012800700538	57
0.078796328203412	0.54779854379808	10
0.009615444073173	0.797552479679374	10
0.035455646984922	0.372190653763801	95
-0.055758677812417	0.498351780611169	94
0.00132746187944399	0.589924466847642	10
0.087277083992435	0.326159493977193	10
0.087018400689078	0.408580038546091	10
-0.089770634184396	1.28182174781776	118
0.107671112729196	0.248571427212405	18
0.059980005960039	0.313245395610637	18
0.096237628357955	0.237136517744687	18
0.04319854132722	0.349717989260737	129
0.116380125338413	0.282322059536142	21
0.052324642936761	0.145447401846446	45
0.013705330863129	0.615568567849378	8
0.122341683210089	0.52385113951131	15
0.075832904183225	0.689842545753646	15
0.113187475388455	0.200004041223667	16
0.10677747409159	0.202834805223326	16
0.036107996049869	0.400099956015587	16
0.039014737516941	0.421516750374474	16
-0.013069593789861	0.626225260841164	16
0.090409807394582	0.119260219754393	116
-0.011172975613008	0.334354838431096	5
-0.086766226211184	0.955824932444606	47
0.044423739981432	0.42038373553581	47
0.063793262007117	0.671577820384373	14
0.088598547141641	0.57958343971492	14
0.097206214497385	0.493262839727836	14
0.098744342973627	0.409479715902758	14
0.00746822636438499	0.413915892851597	23
0.074037331387116	0.280492726471017	23
0.00282606975792499	0.739917183031565	10
0.027360418339949	0.406525500285397	10
-0.025888306950751	0.40885804120298	95
0.087797856004565	0.318256829792958	10
-0.099227775070936	0.555470918873015	94
-0.105930726465501	0.768399833918978	10
0.124256005288918	0.314477871846138	118
-0.095546396521239	0.340424818936418	74
-0.096514849781331	0.292035664162108	74
-0.044736256682503	0.912550496407612	21
0.023879850479345	0.511177033057526	21
0.048281037054838	0.305815397975733	16
0.10248736635277	0.317687952411073	16
0.081121687477327	0.276795244809215	16
-0.046652913554444	0.512026581783274	16
-0.071962736953025	0.555669414606483	16
0.106788864586695	0.137629660807382	16
-0.00680005986693899	0.585618777177858	16
0.121203817101553	0.308850933402577	1
0.08846130792064	0.316686341673945	16
0.048678332994772	0.115720661347784	116
-0.050894356087309	0.256949448162101	116
0.089559829493022	0.119949548343787	116
0.102252181207617	0.661435964161849	82
0.109761562224568	0.426749333342464	14
0.052778421287213	0.602266550814557	14
0.049081405066286	0.304385438673658	47
-0.00869979598998899	0.382426494357716	47
-0.123762335230463	0.414007515857021	24
0.098122869176743	0.374550322358873	14
0.110808498971672	0.252373965302348	114
-0.023531508870269	0.215699191345856	104
-0.00130275508884797	0.295411614211935	104
0.017218356169713	0.186349926856774	104
0.013032500035024	0.424778749295933	23
0.077140716351215	0.251951457357805	23
-0.070613851700867	0.772820645747464	10
0.087779015510631	0.22937731070438	95
0.060199624144404	0.287356386606137	95
0.058654143435635	0.272581851938327	94
-0.083170010826092	0.716570777814216	10
-0.106325292909737	0.849765065711618	10
0.07860403335807	0.303189415718232	10
-0.080722937198064	0.909299306546102	10
-0.00945990747946002	0.640117181893998	10
0.024874924779127	0.697110336199419	118
-0.118487934174595	0.797387716118209	18
0.018727105911654	0.341701435292397	18
0.115581888399876	0.265981929165636	18
0.038584429594007	0.611859766820027	21
0.104010595678744	0.360875760675952	21
-0.118849643927727	0.335628278437123	87
0.012419354958996	0.372624687482677	8
-0.034484667820978	1.43312160410257	15
0.11045707748068	0.619132645283679	15
0.093667959642558	0.414899667572405	1
0.123377645792492	0.194564038385903	16
-0.076434550340527	0.655967335037404	16
0.013299081210948	0.394320631896421	16
-0.040493479845658	0.538794043328985	16
0.122086295753582	0.227343157513898	16
0.073193154771671	0.348757913277799	16
0.022842435123118	0.455315169438897	16
0.108461513436766	0.32088255091274	1
-0.065942000590552	0.774590046864653	16
0.027863710871199	0.346669195582785	5
0.052752501599084	0.145089300091558	116
-0.023308690082241	0.272877850288686	116
-0.05140833024387	0.354407036693169	116
0.060455406513129	1.10145506586502	82
0.099018360524665	0.169528522319639	24
0.054673582269869	0.346406264175696	47
0.108398209841459	0.473345998586777	14
0.10404206454095	0.148493661649892	104
0.081298761928852	0.171470984116104	104
-0.109226872786138	0.515630797100237	104
-0.024322798505072	0.274140593979965	104
0.036078532641561	0.334999461618907	23
0.112791810820933	0.811056777230062	13
0.124310978405694	0.365726121831146	60
0.100579839026261	0.41922875395746	10
-0.020372520790787	0.374157700364114	95
0.080495681531702	0.292021540405315	10
0.077932977870864	0.463608740802411	10
0.038551635398835	0.349991971964725	18
0.090226247988435	0.130860620570024	74
-0.061491412411785	0.347982148678671	74
-0.014019906496282	1.14373139403714	21
0.088957163087995	0.399050257026634	21
0.122099864834658	0.247799048551223	21
0.073404984359147	0.258562452360324	8
0.104460767375263	0.548835976876491	15
0.072992502309504	0.948097770122608	15
0.119279247450669	0.288197582361742	1
0.044494185272601	0.293391761609949	16
0.06020780140847	0.261032309595442	16
0.050208605823481	0.379072371280442	16
0.010844227670163	0.418224160473033	16
0.060899247998071	0.319655572755897	16
-0.08629901861391	1.11166582936056	1
0.093354527458223	0.105200187438918	116
0.040060287703232	0.400051573406844	47
0.059435906469847	0.253100274962784	47
0.060827743629206	0.352313501639254	47
-0.000554745198383	0.294374455133615	24
-0.03837522913335	0.399133783605653	24
-0.036447225923711	0.559335303179117	47
0.059119171147865	0.418079188730344	14
-0.023958252225132	0.216082749262179	104
-0.022320877258303	0.214537635529525	104
0.085214930840098	0.734154561134296	57
-0.086310103644436	1.51923518269583	60
0.115856004299599	0.356235855638615	10
0.046216662873704	0.361587861572711	95
0.103052731504069	0.238811618373825	95
0.057774533763483	0.364418636354102	10
0.091945105941765	0.384109806804154	10
0.115073681858848	0.338259103217808	10
0.026827059259481	0.397399895929449	18
0.077391654158613	0.211680664126673	74
0.070922123400214	0.44967312384539	18
-0.035158210447138	1.48068208176388	112
0.063178640529826	0.587070683262139	21
-0.052300092344117	0.92522764622263	21
0.112398093905788	0.273704131255653	21
-0.065667721135779	0.847288339065336	8
0.118158158696715	0.218983057137526	8
0.00930822200154599	0.648479294024054	15
-0.031628635937114	1.2698342708951	15
0.029966840541096	0.545968097467199	1
0.009388238502681	0.409658268019421	16
0.084034498951936	0.412423472888428	16
-0.119621447240879	1.0222187700297	16
-0.034984485007747	0.476422533984323	16
-0.076214713023844	0.382395965497093	16
-0.097507627125569	0.293067150887124	116
0.028306362647296	0.20967380291102	116
0.105132353551102	0.211555869835507	5
0.021506709571429	0.486221051274309	1
-0.102093548476086	1.80947822093373	14
0.121009069820088	0.158128812957216	47
-0.043760731468919	0.808346632218617	47
0.010069941417439	0.36514211244875	47
-0.032293126762597	0.56327681643895	47
0.089280229967039	0.289272826222537	47
0.098879260154289	0.455923481663797	14
0.019124973064819	0.258521114823458	104
0.123298021854974	0.129205872287283	104
-0.059494775093828	1.06498595910481	57
-0.089556428047625	1.24263418362253	10
-0.02787375048246	0.490600946397322	95
0.112416323803148	0.155090122375461	94
-0.090456111696131	0.623145762652379	94
0.110667287809025	0.272787487700384	10
0.078858975689003	0.337690808251852	10
-0.00911401258132399	0.734242254054526	10
0.074920605570348	0.232083243268296	18
0.055631232415063	0.185237477729359	74
0.004549889014308	1.36341352385684	112
0.086698777761399	0.511208172612709	21
0.048678793004991	0.563376338125709	21
-0.092371727026534	0.420830862351599	87
0.085626184823788	0.156933850032867	87
-0.100982970410525	0.807372957932984	8
0.043878447044668	1.15571728188998	15
0.098581040178895	0.496983319121741	15
-0.016495772663792	1.74161449901375	15
0.094272797804028	0.384477076548773	1
0.101586891548569	0.336133562015825	1
0.063251458196944	0.476439730084024	1
-0.041963451992684	0.753210641789732	1
0.049841429732827	0.114993887491283	116
-0.100231140681572	0.521784850231287	5
0.054446431225476	0.994168070409988	82
-0.056674323629711	1.14278376370503	14
0.036477215027592	0.369833915421386	47
0.106843902434768	0.330328497496244	47
-0.091229024039436	0.379876374291474	24
-0.106829271266744	0.418105113187455	24
-0.057757518792107	0.30550564126679	24
-0.018513888354946	0.532400479992591	47
0.037504117297944	0.396724379669784	47
-0.065853909291608	0.820231181169228	47
0.063204461044832	0.705447771113857	14
-0.095115202431249	1.3917647819657	14
0.056022367049249	0.619227209404549	14
-0.041325127992378	0.307885398487149	104
0.016209598853028	0.187257159938242	104
-0.07440485280082	0.53116824655502	23
0.044043582296388	0.338515768968228	23
0.093835548379858	0.183852502646113	23
0.103718595851542	0.349360479568242	57
0.039571244021749	0.453826731791651	60
0.091534967880915	0.446066113946111	60
0.082863605454742	0.386314003945957	10
0.112915061242938	0.402134301937864	10
-0.04124138207025	0.851527497449107	10
-0.040265409992802	0.402476991855112	95
0.023088097967033	0.345038360708898	94
0.111363998187347	0.189596140188159	94
-0.021200588101711	0.489387875979699	18
0.073686891841594	0.234009286674494	18
-0.049972256120607	0.255990029130886	74
0.00750845914516601	0.581547145080493	21
0.105760808808032	0.368803449233989	21
0.098200944023953	0.345841495549549	21
-0.04174596790724	0.358854638652171	129
0.123107734861269	0.266863524423832	8
0.080688701583681	0.402132097692115	8
0.081625697795141	0.624864867859186	15
0.031155252977891	0.437907111991228	1
0.029343189511089	0.354444759206109	16
0.053839071841038	0.378721875853302	16
0.050543832485441	0.146896365084257	116
0.021657289678063	0.281016241401726	5
0.086509692453726	0.791771080815357	82
0.069945604671734	0.871642243797508	82
-0.053538857020998	0.493462548900824	47
-0.049746662900305	0.825369628030117	47
0.030535199041559	0.222075864139392	24
-0.066171430583224	0.388822070172269	24
0.00728185194478301	0.498874410064215	47
0.063544214655572	0.58638575723193	14
0.00817625736803501	0.442619760938622	114
0.058494361661328	0.205048601325331	104
0.022691726045816	0.199001599291598	104
0.041770211836206	0.255851921615324	104
0.00875865501950501	0.308509176368991	104
0.041486690323942	0.245097799447481	23
0.094855433074285	0.942318112894459	13
0.048802914405806	0.673840312020525	60
-0.045467423166289	1.32668363800929	60
0.108583038903218	0.318419484209519	10
0.078735536725856	0.529141168869035	10
0.014970893038901	0.631840991545089	10
0.091704266586065	0.194315645247943	95
0.074297335801569	0.249188321887345	94
-0.019346193856752	0.534618928020388	10
-0.025067237321778	0.849324873028888	10
-0.00879780320685802	0.512242973086138	10
-0.076595701038926	1.40774119020753	118
0.0000537797515069993	0.594025512176205	18
0.117628235690798	0.30760722714657	18
0.011524795403283	0.826936267897264	21
0.056708574426636	0.564892451539519	21
0.103105148894221	0.511546286367273	15
0.064922485383788	0.718586193994614	1
0.076287859847687	0.229919736036057	16
0.044200996880659	0.263051289774487	16
0.025523496420195	0.479606893287186	16
-0.086683045665556	0.73848071916568	16
0.086929410847438	0.348874470224572	16
-0.041041339359597	0.206657375561756	116
0.068966815759243	0.305904415171658	1
-0.054271165031739	1.06757488948995	14
0.108590542584755	0.251985048575308	47
0.112337934197547	0.349427537407162	14
0.030654943011778	0.419115187324705	114
-0.079917873200658	0.457622296798729	104
0.00844776775669201	0.242243341257602	104
0.02929015134813	0.326791003414579	23
0.114980376753493	0.151808038757455	23
-0.024315203958606	0.405775355261962	23
0.08292047106339	1.07345459774143	13
0.101463983164285	0.364099488534282	60
0.022172401345814	0.852664127990425	10
0.090345768335156	0.248088065387838	95
-0.092728815090121	0.844432154138427	95
-0.027607372687198	0.811781066751191	10
0.019487370194318	0.43167166219429	18
-0.10330081911796	0.760249121285773	18
0.072072814847832	0.252981712291584	18
0.00264005689736399	0.832423791345246	18
0.113422056141112	0.494551136355228	21
0.045657653152157	0.816776675755508	21
-0.043315023126409	0.942948440495215	8
0.069012795499837	0.418401610581921	15
0.108051076426458	0.744325532989809	15
0.098516774708	0.306493214470145	1
0.124223530311766	0.171422459790135	16
0.004598946607973	0.602574980616576	16
0.113781893586971	0.209823394591527	16
0.017100720035341	0.498966206636809	16
-0.012444264759284	0.670651244585526	1
-0.015011798103689	0.379743701496295	5
0.031737291211173	0.300568382897294	47
0.123399196635238	0.154780389917603	24
0.019666973820482	0.271107980287327	24
0.028694781320363	0.376849693626549	47
-0.014482009859372	0.486890961470319	47
-0.075561748761244	0.935880528294997	47
0.092136557347972	0.446065763649836	14
0.121322876625205	0.411241111059124	14
-0.042960187386423	0.585725165261991	14
-0.043215427169558	0.435259315074651	104
0.089480365961514	0.288793364303431	23
0.108564858244074	0.804955508507665	72
0.063972697086672	1.25100451361289	72
0.06632054768123	1.14627419100774	72
0.102064194288958	0.404575254747686	10
0.105731121865807	0.378108244779236	10
0.10180258780508	0.330255539227823	10
-0.121387184261074	1.34751246141503	10
0.013664461289187	0.738248933324558	10
0.079700322475597	0.502839473190572	10
0.122435756958823	0.320779453055562	10
0.103417306089037	0.435538462061872	118
0.078381911137937	0.41288314983526	18
0.045541610875775	0.390511906093183	18
0.042973636475797	0.457264918966769	18
0.070831369714853	0.366210377581689	18
0.053419808977214	1.0060556650567	112
0.056461895543543	0.937702295383909	112
0.02201783925447	0.975658344522701	21
-0.012581927045552	1.17146458018631	21
0.032932945658688	0.740600265882875	21
0.058572393540352	0.263744107468973	8
0.056647216473835	0.966077457343976	15
0.082643946121781	0.428721982072291	1
0.010462342717428	0.542692408773049	16
0.00856400611048499	0.594231297938755	16
0.077622090183841	0.333700919974039	16
0.083268909595663	0.326740878636848	16
-0.108305971779714	0.938643118568322	16
0.046644263635237	0.414732421723817	16
-0.094140736291017	0.611439530038843	5
0.113035251374399	0.249756893899705	1
0.074573177511101	0.872516725695695	82
0.10493730653628	0.429572981125898	14
-0.069152323761118	0.65397556274948	24
0.119603248864056	0.189145964437398	24
0.046361294868771	0.352138957448133	47
0.061048128589342	0.42378760038706	47
0.067895159650894	0.554493688214551	14
0.122261533373217	0.343475727343028	14
-0.042012449987476	0.475858351842004	23
0.061864483807007	0.357979437337402	23
0.062534280586301	0.360838590867638	23
0.043487565352588	0.377124364013187	23
0.100468973021742	0.624446538344511	60
0.122807757369679	0.386620171071224	60
0.118034289773473	0.431935415439601	60
0.083967287460817	0.50149243256658	10
0.037513509903651	0.590667512785129	10
0.00759638533278401	0.872671620279027	10
0.066288388279886	0.500083696497691	10
0.123046690094631	0.35312443740683	118
0.113844352055763	0.296451714602989	18
-0.093616229195999	0.944304824952704	18
-0.09809173019778	0.765304051775035	18
0.046350768519852	0.117114080366703	48
0.12194347569587	0.545630290362129	15
0.099690468384179	0.263100655219238	16
0.106135252643918	0.330333589177798	1
-0.103277214798153	0.490646219598507	5
0.079107450819868	0.192167854053005	5
-0.010056678403196	0.332533883477956	5
-0.046209498982874	0.423304788970274	5
0.029265145541108	0.304791669930978	5
0.051054026518962	1.03734661397377	82
0.099299023090246	0.169169942888826	24
0.007888107186349	0.369320660698835	47
0.101012806617176	0.342969223235359	14
0.04947003471853	0.744413784811861	14
-0.103506989306889	0.647055455328681	23
0.105678322227515	0.216503047961949	23
0.055693293327555	0.411351120099798	114
0.085995385721648	0.753361321755128	60
0.054817831550327	0.76138977476152	60
0.019614956727556	1.18372533854995	60
-0.049638506183638	1.64992951943963	60
0.102941674208062	0.484082999226917	60
0.092545142354229	0.518839142026074	60
-0.000828648899254991	0.393962393998378	10
-0.028795766182619	0.530854158305166	10
0.032591154901027	0.726023216563117	10
0.096586271547775	0.570218812369474	60
0.010003775851382	0.532303932047353	18
0.078129749364339	0.210610154440135	18
0.074055273339848	0.75982571963499	112
0.031011552373688	0.890859996901577	21
-0.088138328990624	1.33555145845994	21
-0.023068647304102	0.493895133949551	21
0.106001152172306	0.13846920754949	87
0.10370728125323	0.717350516200633	15
0.123106627116123	0.599089675042154	15
0.041451832780461	0.62785271254353	15
0.038686380357974	0.644077497000575	1
-0.120696128654344	0.768036848866848	16
0.122356877158558	0.318790201223551	1
0.105165976789599	0.259386758356193	16
-0.045255277351054	0.862107246245104	1
0.024095748186907	0.686330128188339	1
0.0787485487483	0.323924808254757	5
0.059193452835397	0.193242404261439	5
0.027549219339994	0.284258138663153	5
-0.052404437313075	0.258490011992329	5
0.118653297511236	0.140939179666279	5
0.094550891127456	0.783521522081774	82
0.087215353047209	0.579420889762868	14
-0.083452507508799	0.82844583943593	47
0.016167233389386	0.682848545553538	47
0.115994207522874	0.1710144718291	24
-0.031706633729064	0.403857848953532	24
-0.067326372787338	0.390549432396319	24
0.060306115317697	0.483212704922948	14
0.076429185635026	0.591439684156166	14
0.120166177583293	0.383206334297719	14
0.060125145003363	0.223247081073571	23
-0.032625350918114	0.405489268687627	23
0.088710105089857	0.120616879549895	23
-0.044664678421254	0.615431571956484	23
0.096036453703134	0.21827095103892	23
0.124343352586003	0.676169579560495	13
0.091002283940673	0.919504210872199	72
0.084388682206343	0.682830650842928	60
0.072569396081796	0.564210865370663	60
0.091271614747216	0.571819552059202	60
-0.034658094507186	1.16942143887695	60
-0.023461126305305	0.726157209040203	10
-0.01507119071609	0.550071029918175	10
-0.00659902799634898	0.439842386319075	10
0.088874276736577	0.519206094128437	10
0.029477825335838	0.432198497287741	10
0.077532113778968	0.551505121662246	118
0.00642369237847701	0.555134816982972	18
-0.00937114590906901	0.445977183690664	18
0.072940878667799	0.274978860448836	21
-0.041543445402922	0.207079824962429	48
0.068467552923029	0.409609484650533	8
0.016856666096744	0.989147205458944	1
-0.023558885676184	0.495061771612263	16
0.097117089772847	0.306750397061649	16
0.063448253207516	0.338316481759886	16
0.064142564343531	0.469116654362227	1
0.062040559291091	0.248951801371823	5
-0.09034915130885	0.489455674138656	5
0.050437247124233	0.301841958123634	5
-0.054596128599023	2.21528107871979	82
0.079720791782277	0.199933252398283	24
0.079157697916096	0.554828275774115	14
0.053379760004545	0.752724255919204	14
0.082054010858739	0.188253279994198	23
-0.06255892379396	0.349444929006079	23
-0.060743023188529	0.461664897743368	23
0.019463841534029	0.32865978900036	23
0.108162189475215	0.299448588454585	114
-0.115047586261246	0.786830240773433	23
-0.048725672819394	2.35773448078646	106
0.095837498482449	0.606199162840779	60
0.067701184951167	0.697918222995485	60
0.035185923125632	0.884225818426828	60
0.109563108118923	0.499351057180844	60
0.00367206915690299	1.07541401657912	12
0.035074654643525	0.587940148720809	12
0.083565212266147	0.888850130257309	112
0.093984424229691	0.827466782957663	112
0.050275691541391	0.806185082610702	21
-0.06075374748107	1.62137900148067	15
0.069568361319854	0.777851487493972	15
0.08449939550034	0.346100513751556	16
0.096286422365682	0.367603875007736	1
0.039269270611635	0.495497789672674	16
-0.024838253040962	0.807915860177475	1
-0.027389649059701	0.90602226304182	1
0.03660481558938	0.313501072990184	5
-0.00173794530454802	0.39577660680072	5
0.047041882313426	0.874106993212518	14
0.091780483937024	0.615825593814227	14
0.008012667635143	0.865348400134977	14
0.081571782205966	0.289856507517079	47
-0.072290765572262	0.939901503834128	47
0.003136417212493	0.947389056281331	14
-0.050402507831565	1.34375250930449	14
0.114543141868261	0.459950756309349	14
0.075777067072797	0.630222323282535	14
0.040656426662519	0.702631375157987	14
0.08585527172712	0.253684132810504	23
0.041224947526399	0.387737259332728	23
0.052462800679332	0.342684385873288	23
0.079224620156296	0.778917016616307	60
0.11727442814309	0.470418070550773	60
0.066117658660361	0.751699852600847	12
0.09004238418129	0.595254736409676	12
0.023519496193604	1.10841073343487	112
0.034129887950443	1.01014485009684	21
-0.011523184178619	0.423643453473385	87
0.05755335398697	0.343391455392944	87
0.05412440504307	0.437091761789493	15
0.073444784232989	0.548761786085444	1
0.050452420055977	0.422151869228325	16
0.095694210239733	0.418087342208715	1
-0.049591087223188	0.74890319072996	5
0.044849868128014	0.346238910898594	5
-0.080740056569498	0.678836029446998	5
-0.028585505769721	1.20257061438349	14
0.060431234221195	0.651716171887024	14
0.054675664325452	0.656023981391826	14
-0.032997215875427	0.974340236342875	14
0.070110825622865	0.633597883175473	14
0.057790157620651	0.469259211242439	47
-0.117694133881816	1.24866717929474	47
0.060736917533538	0.405568087142453	47
0.123871105781014	0.415303774681378	14
0.08340403645384	0.604577892950795	14
0.076584997206354	0.424904007630667	114
0.056740195660274	0.472601969951334	114
0.096628005596458	0.920281814762333	13
0.095216215343865	0.885887148117367	106
-0.012540362801039	1.17190798171127	60
0.117633049915008	0.370901032504763	60
0.107220970204399	0.444645465033675	60
0.035288789890861	0.587129643849062	60
0.113806340299779	0.286977102721807	60
0.015179929570484	0.769934254365481	60
-0.062006081037494	1.1267366080724	60
0.011543469843202	0.91774790609367	60
0.063634443702108	0.845117684349275	60
0.103328617389099	0.435330104918638	12
0.059291878678283	0.401534269084726	12
0.121766671429708	0.543831860753334	112
0.116691518691871	0.62439573563865	112
0.074933124643904	0.27120901363454	87
0.083623710971029	0.332504855802453	8
0.117740694096259	0.311508717394298	8
0.017280468197293	1.44044966216504	15
0.045817984541174	0.700207541589849	1
0.020186785927675	1.07878464560917	1
-0.010358942350625	0.897939601112576	1
-0.042596166938718	0.724058650394108	1
0.097582630963397	0.322891482100734	1
0.11318977509908	0.304865142617691	1
-0.088278364857824	0.585646769102318	1
0.03785335755328	0.644136677319195	1
0.089493488584601	0.350609926192448	1
0.009349110744025	0.839088613445023	1
0.093776990897329	0.260731498838228	5
0.093378231464765	0.18446855347353	5
-0.00154977602490702	0.347382855239076	5
0.093376609015403	0.261551885526974	5
0.082798365594533	0.800206256419959	82
0.021160545773568	0.981488238034242	14
0.041680048711121	0.519817542490188	47
0.107091880189355	0.412336496920987	47
0.034606098208943	0.306554018504821	108
0.060659365231602	0.311838140424838	108
0.06374021568062	0.22776357606437	93
0.018758280543497	0.371348703748324	93
-0.020045013503317	0.657149584843329	114
0.04968176694612	0.516189938627426	114
0.100127746214493	0.88828727824829	13
0.096936186948462	0.953836279309126	13
0.098099430071948	0.944488998419788	13
-0.047785099780045	1.3780266213907	60
-0.095601024752826	1.69112092713773	60
0.064297326724156	0.739125347175212	60
-0.043451031785803	1.08698539072263	60
0.094983025315258	0.630976639371783	60
0.065359792798597	0.530058746391414	12
0.107648195339021	0.399216702563593	12
0.030984327874341	0.713325954730514	12
0.051263952477731	0.794107785264185	12
0.085738770624692	0.156799768884499	48
0.028811944705781	0.454141713271771	8
0.091545092550117	0.678176690029057	15
0.122626092632271	0.512094790980186	15
0.069660988949821	0.43056640366683	1
0.033030377400411	0.526454732516093	1
0.116493506617047	0.300283682350977	1
-0.044218210257163	0.810178257341262	1
0.00512617315945299	0.300423541044661	5
-0.017439278508486	0.328545724249274	5
0.063854690133228	0.606827294081392	14
0.048462339796677	0.356555239976298	108
0.115954988372126	0.150564129746927	108
0.01299028007779	0.314942655315241	108
0.039367872692179	0.338482528476097	108
0.055943847385349	0.550475386006704	14
0.120245191306563	0.41733183810628	14
0.038018269157927	0.707239190097832	14
0.063501678271361	0.306062560035575	93
0.121196631724215	0.163392057096826	93
0.011399363345922	0.602177238585143	114
0.114183312603691	0.783362355867619	106
0.082773255350755	0.857179879732967	106
-0.008102008843419	1.82924403172236	106
-0.048271542523877	1.88576695084509	60
-0.101807632370872	1.96093270719249	60
0.0411930364968	0.731151017927738	60
0.03085200873754	0.808687696122164	60
0.083651478270542	0.495126445912173	60
0.025937335341913	0.905100436163591	60
0.054828913116	0.768921456700246	60
0.123229298757681	0.467985273132956	60
0.114045239486387	0.332891287820116	12
0.027675887630222	0.662286242838707	12
-0.069847402945467	1.05293935275668	12
0.097116628502572	0.677310294894564	112
0.041261664261303	0.878769422055297	21
-0.064180403932487	0.197024169729327	48
-0.071369344379927	0.249529076498768	48
-0.00909491582976701	0.525914826802678	8
0.114839830168142	0.491228025848457	15
0.058468257200324	0.800611236586623	15
0.07863247767933	0.523971822897065	1
0.057632966950003	0.704385917503953	1
-0.048255205839962	1.2085071907481	1
0.022602023236267	0.51505787167608	1
-0.019463539184978	0.737639878595304	1
0.070823123322837	0.479983871435688	1
0.054852745843675	0.413551680330925	1
-0.056785580558862	0.978847741728982	1
0.100322079809645	0.255905180192295	1
-0.019205399408177	0.689253131399584	1
0.091548597591546	0.368422150204792	1
0.087104224191277	0.264870157206107	5
0.022541863936101	0.279707577668778	5
0.088187977524579	0.206969581957665	5
-0.00432970876109301	0.434804931962676	5
0.063721138133819	0.237086641612723	5
0.025980412712783	0.732604201848786	14
0.08816258663584	0.242556019417466	108
0.094114710426249	0.32017155176739	47
0.012309918015532	0.893740202635013	14
-0.017467643362698	1.22458823181278	14
0.062571827894456	0.54086808153085	114
0.070862188633312	0.46042087611801	114
0.037438312838449	0.469432059947433	114
0.09587101349756	0.730179664163527	106
0.022239755543748	1.50443261756024	106
0.113518668944539	0.557098073053454	60
0.080607330320518	0.695507105275298	60
0.104950519139406	0.456381011029938	60
-0.089785547749668	1.40134738658221	60
0.106536824645327	0.539804329799166	60
0.04506253737016	0.696603429741355	12
0.088774340411946	0.585260719695106	12
0.01516672592675	0.741023014051717	12
0.079678752058403	0.468361766259626	12
0.120799569908842	0.348451191160648	12
0.057754575322563	0.774711744717269	21
0.041495247956054	0.858682262298206	21
0.02953011413227	0.36464131219809	87
0.124967238233097	0.354932162210949	1
-0.032940736990519	0.814692068520795	1
0.00860026101165501	0.682892613540427	1
0.113339758533881	0.29304882990986	1
-0.120179059625237	1.09698254703603	1
-0.048571718587439	1.10351068685682	1
0.084193664367058	0.417648592620876	1
-0.053297519300037	0.676171221037428	5
0.024712904789552	0.363887321789565	5
0.031535639430605	0.764737456464253	14
0.106994802939594	0.202495611977741	108
0.101421632425054	0.24196361684888	108
-0.08724859958157	0.802542079558584	47
0.00719439654859799	1.21831973009131	60
0.097865879397587	0.534979837544491	60
0.062083531664658	0.535907824753215	58
0.036475366028501	0.560382686877951	58
0.074069399927344	0.412890997992461	58
0.113870707082634	0.430322944097484	60
0.112181883472799	0.488513144481079	60
-0.029466753194372	1.65297645516505	60
-0.000026686503936002	0.689928931462298	12
0.123167146495061	0.388735150061058	12
0.087925013999082	0.330941447855948	12
0.03410690596399	0.307437503775375	12
-0.06575342325463	0.420519114863677	12
0.026788858966024	0.348856653354513	12
0.00925558377470401	0.620523653001523	12
0.040966598320071	0.865857491333137	21
0.010228941581789	0.814055911150059	21
0.121014195471817	0.0650727746554102	48
0.013378434104786	0.779675360163074	8
0.111100499901206	0.756034733916956	15
0.114982980245977	0.313415379271195	1
0.037150116268982	0.332900744465956	1
-0.072941111765443	1.13030537633715	1
0.100605034747296	0.298129397031385	1
0.094139815513847	0.332088287977736	1
-0.022198439950034	0.564292103259664	1
-0.101913098067603	0.889899224516241	1
0.098821506058781	0.394484074625943	1
-0.059067860248532	0.344534083286832	5
0.051538925888769	0.146069640858002	5
-0.047440704433662	0.315711520624589	5
-0.047098195941904	0.315420507367255	5
-0.114012042173343	0.614656613211071	5
0.122330867796445	0.504734451975743	14
0.013218407565796	1.44129619049497	82
-0.079097864454623	1.75906302943359	14
0.1145481945421	0.291808084127755	47
0.105964731317109	0.406001207480972	47
0.098588858779548	0.200963219187975	108
0.107194388702595	0.498059633164884	14
0.039587655769474	0.723974454730207	14
0.091938947305568	0.552846496597919	14
-0.098074048253446	0.517504486089622	93
-0.104360144693567	0.414183017326746	93
0.074523842799611	0.395008199699762	114
0.019829523889636	0.766497786901154	58
0.071350623259894	0.338472525022037	58
0.123431401505159	0.33947875003878	60
0.113083253496176	0.457632487528786	60
0.104681714088328	0.306547483883679	12
-0.116337946753303	1.06692982978236	12
-0.008452746646054	0.464796075037972	12
0.045368021171138	0.311297774331499	12
-0.033707659513371	0.831611501805163	12
0.091083111223156	0.682379986773712	112
0.088903219398588	0.647873472131077	21
-0.020126628237903	1.36570863880012	21
0.080808718430385	0.599329169633845	21
0.115201391069572	0.207217599194715	87
0.04093753310779	0.728153850840792	1
-0.060728493061284	0.753841393918288	1
-0.059469148467672	1.08027946555613	1
-0.003964302005382	0.614238745165356	1
-0.121999629757271	0.647068024920303	5
-0.092815285565745	0.336924436027969	5
-0.00577733734823099	0.286363194046954	5
-0.031979259258639	0.547187768670781	5
0.10990400782524	0.48354866748363	14
-0.032966105643359	0.316638936725489	108
0.020912415788532	0.337764459947331	108
0.120136092390752	0.277062763402155	47
-0.074602773526929	1.40159352559239	14
0.122060646100786	0.488514702478747	14
0.09908587805923	0.321231061575875	114
-0.023805935988497	1.17769644522796	14
0.035844634001132	0.390987065072502	114
0.118655533914107	0.577189121160985	106
-0.037827891028191	1.31189645858085	58
0.077926661389368	0.40487539708624	58
0.107785852222337	0.452685148496863	60
0.039480072341463	0.71588275804686	60
0.107957178497992	0.352564010115	12
-0.002061311400052	0.69323336597841	12
-0.042826402038916	0.990879937310612	12
0.026729481820824	0.492252482719215	12
0.045895448531538	0.407661502710447	12
0.057680977331636	1.10663027126175	112
0.055199357154324	0.943913894017322	112
0.0478458864148	0.814743628402616	21
0.060523886512192	0.295296713468616	87
-0.11508629664818	0.48740412913575	2
-0.091981056867411	0.957898405720703	8
0.081305317846242	0.635296719243151	15
0.089681556319035	0.468486218336923	1
-0.004723814582205	0.997705750257796	1
-0.064495699869507	0.896859903612661	1
-0.00810273606836898	0.576504094100804	1
0.065403051639117	0.357274500593163	1
0.041214190362346	0.547211497894614	1
0.037020196279529	0.343215173731962	5
-0.052603681116645	0.578987229973932	108
0.061787022233631	0.240113345978136	108
0.103869437636935	0.460869916950927	14
0.063100294606672	0.781078420759658	14
0.042543220634471	0.83720143620514	14
-0.011209759568288	1.09274461038538	14
0.037483696382461	0.756247783209388	14
-0.046816192746442	1.12951646221185	14
-0.022824478653552	0.529759904186699	93
-0.031531986824339	0.698348826882695	114
-0.098314240528067	0.810314836553767	114
0.10364984214104	0.646119993974278	106
0.049996243500585	0.64700982044966	58
-0.00230575144651302	0.995502428191121	58
0.071677364850781	0.58904609881032	58
-0.04006605030631	0.823660105628529	58
0.00302164097670399	0.901235184169288	60
0.100671606909308	0.660663612702902	60
0.108541971654939	0.32739601271728	12
0.046023688242658	0.584419347318335	12
0.043931013325951	0.486259896254254	12
0.099375041421088	0.287085069291975	12
0.102607960214497	0.662681631661801	112
0.050165875470376	0.806850747407217	21
0.104847401314145	0.271201322618075	8
0.111960665960176	0.356704006686782	1
0.056805937019537	0.564505919102496	1
-0.015528577065286	0.503125900951096	1
0.06045080123646	0.222882577713775	5
-0.088676164258149	0.414929008552757	5
0.072488195139126	0.372447953211468	47
0.112790403200417	0.315238228054846	47
-0.015811065304317	0.490202221632834	108
-0.118731974893322	0.587290152757829	108
-0.028284004497178	0.413408304776438	108
0.030107119286045	0.52618963952241	47
0.108625247936163	0.444685271280932	14
-0.00282149047774999	0.397991869507866	93
-0.105471048851599	0.915421638233634	114
0.116282228351694	0.239667790737316	114
0.114252952144557	0.236918826020734	114
0.053231531635041	1.25768176778479	13
-0.010921805962499	1.26243457599411	13
0.060535840118754	1.11347875276629	13
0.123137923630256	0.554184999606723	106
0.075161473057841	0.690738891442266	60
0.00565297581136601	0.70681829457526	58
-0.040212238144788	0.869704287100089	58
-0.023448098876791	0.690676863428056	58
0.042321825663198	0.709318982184013	60
0.017581393733972	1.08656162586325	60
0.032911944673328	0.545634498307849	12
0.017928397952314	1.04411738778585	21
-0.093090482933247	0.184132571673506	48
0.057631265068418	0.183004830998783	2
0.119356802739542	0.680332812300801	15
0.120379669683988	0.230962549694204	1
-0.113953174569942	0.699411044561049	1
0.047304437363777	0.457142579512206	1
0.049899389136117	0.39209225952529	1
-0.031327814704035	0.772163419628688	1
0.00462936972230901	0.375579325854682	5
0.038492060689025	0.225511802494894	5
0.013414760074062	0.370625674656712	5
0.088453351061716	0.717197124687187	82
-0.001600620613188	0.395519659928639	108
0.00827978201245699	0.507721671270053	47
0.123969573514792	0.449986690067213	14
0.030207838484139	0.620192122668069	114
-0.00670719455823798	0.896823631618455	14
0.121125277937971	0.13166192791728	93
0.071097758951061	0.368813512899882	58
0.083970670968995	0.421799832701366	58
-0.078652995524637	1.08922582940285	58
0.056425146220192	0.730098013483766	60
-0.040684282040386	1.1867798810623	60
0.120496130943488	0.55682378826481	60
0.063746098881421	0.329690352026564	12
-0.097857397881594	1.35102306526037	12
0.022014724484386	1.19150988939311	112
0.048441049178868	0.342341131044589	87
0.113168578921906	0.186715474383634	87
0.081871547026652	0.179877481417432	2
0.109617591485518	0.379237931550219	8
0.049196871658941	0.390421598901937	8
-0.00573824997850803	0.652252099403181	8
0.037685707145323	1.23065208574959	15
0.016221768662215	0.886390050516511	15
0.082312941429357	0.757594528103831	15
-0.023770285809599	0.568742702664688	1
0.119705688740095	0.331618476258966	1
0.036271022362315	0.543361129825581	1
-0.107155917515404	0.703504049681258	1
0.063578023404536	0.636493647717947	1
0.021066331112109	0.269115427751275	5
0.059701666914505	0.192639515445682	5
0.103189958392962	0.226874060592968	5
-0.022327170354184	0.797170753337598	47
0.045584147116915	0.515098544559681	47
0.023904592943971	0.393526840516666	108
0.081664993923286	0.171044920929329	108
0.120991779119018	0.193830343717154	47
0.050235809849996	0.427492520974282	47
0.070784958264919	0.747096814957701	14
-0.112299113246428	1.94770474590031	14
0.049135527841914	0.569400588318458	114
0.096271722115036	0.553110641963209	14
-0.080205000619936	0.647406436098119	114
0.047495030571649	1.06040308345419	106
0.112975440157773	0.432400054901228	58
0.091317660823167	0.436543182754895	58
0.109916907352392	0.279767225556407	58
-0.01456958032561	1.49256544884031	60
0.040410894096601	0.966000110934586	12
0.031330851553705	0.502920614348985	12
-0.045456153056068	1.41522162911284	21
-0.015311116542312	0.721647411330911	21
0.025980462299847	0.372085694491112	87
0.058034502392056	0.0525455876689241	64
0.033005492154596	0.433124646636956	8
0.056386991966708	0.798094354696351	66
0.105742144202382	0.348079184893253	8
0.097680837217339	0.572175068764515	15
0.104513699816086	0.271960769501506	1
-0.05476910369811	0.828901414499565	1
0.054353092323682	0.431697102130034	1
0.111990883144622	0.1556106134225	5
-0.018249080474268	0.517792502644471	5
-0.063476475623141	0.783786936791859	1
0.064943282436055	0.449466036643507	47
0.018217426840845	0.741164346004933	14
0.03447933832627	0.413808972160375	108
0.028594010183014	0.270490181952354	108
0.124863755029937	0.295636896759019	114
0.113691702031374	0.49480130380818	14
0.0338704646832	0.296933563748939	93
0.037497241291398	0.473100401469765	114
0.077631175084499	1.11056804243121	13
0.114160964227856	0.561743048219825	60
0.121104696170063	0.475891500118494	60
-0.077680341881548	1.76387197241229	60
-0.00869146602843301	1.13490678403647	60
0.11101061163285	0.629603568079752	60
-0.026062504193694	1.30971247084201	112
0.124495291669492	0.569951310274609	112
0.066290809403367	0.595091661017267	12
0.073535393542232	0.551806304398608	12
0.043254214106299	0.865728212658442	112
0.010636322501226	0.58731421181862	34
-0.106339188070234	0.37178073418642	2
0.03858017979384	0.475510579001864	8
0.074959809850612	0.631869407323429	15
0.070487564548846	0.483828465180143	15
0.09111598622258	0.410816535241808	1
0.013270492049524	0.789792891718558	1
0.11163156727175	0.364585792984569	1
0.081209221495532	0.474346488383507	1
0.123596833116572	0.41179144389889	1
0.088799842355474	0.511648514102987	1
-0.052985237479442	0.536509335000601	5
0.101753075261121	0.308766121757242	1
0.080317001415183	0.783444044034674	82
0.105650275637411	0.67256211050208	82
-0.003638918622343	0.991842982712573	14
0.032119615623521	1.05555982717864	14
0.112509278766221	0.598311088156548	14
0.099588535068425	0.562552063493687	14
0.024467692101293	0.540284244157839	114
-0.040697382453402	0.74857048752498	114
0.09665869574091	0.928064487615007	13
0.101800832228111	0.845074924070884	60
0.081476487384115	0.912126777856442	112
0.00442829430747299	1.68461877956088	112
0.047650998510364	1.333307950376	112
0.069412442682166	0.996548941255437	112
0.112555202453286	0.299940212427746	34
0.01901650336176	0.46544152385524	8
-0.055753029786167	0.780488031765327	8
-0.040336367755345	1.93274761205349	15
-0.020890045765328	1.27645234342888	15
0.085099523609478	0.784751463369681	15
0.013192528083041	1.07357556848725	15
0.012047676047796	0.885785993562708	15
0.020870175416332	0.770687211750884	1
-0.011263553205212	1.16324678471929	1
-0.015538741290155	1.20274743071354	1
0.10813030748096	0.414476885304607	1
0.020707954831919	0.618891129199225	5
-0.0630876084162	0.709381168538827	5
0.067251307091325	0.462945838643154	1
0.102296874745974	0.456865500903768	14
0.106146520512953	0.488989752021873	14
0.108047411363081	0.529066902455661	14
0.091148269419145	0.372918338088421	47
0.022556029994691	0.632713035617694	47
0.059280077427406	0.529663131791316	47
0.076574589313176	0.547099334464167	14
0.101506453523784	0.457435947050777	14
0.068560395104436	0.752054335376148	14
0.123643895137091	0.43799620709887	14
0.087967851322045	0.604066505825545	14
0.077184682691492	0.390265772426613	114
0.054119033879993	0.621728138926074	14
0.028733053273525	0.719873205138419	14
0.124177037953683	0.71520671870411	19
0.06235527746203	1.20703673993098	19
-0.104737746252668	1.94449025604942	66
-0.068614916274359	1.12151858999845	15
0.101245612166054	0.634517568779876	15
0.120477155081572	0.369706432705557	1
0.11474623444763	0.564167980084625	15
0.00986457640035401	1.15197450819552	15
-0.105859651133251	1.74668565432209	1
-0.05344761386912	1.21439814633874	1
0.070619048658265	0.434467673910173	1
-0.00876964396493501	0.83887323902667	1
0.114854081700371	0.4526359792084	14
-0.00362293528442598	1.02812619101079	14
0.024197648269176	0.824642623039959	14
-0.034205664363276	1.09467927476558	14
0.012875435454219	1.178633884261	14
-0.055689247094309	1.22029833564564	14
-0.000632066983490998	0.949465126326249	14
0.116952328888529	0.764593369814094	19
0.069702325764046	0.858165097593291	19
-0.105929430589198	0.416734390420242	8
0.072489255668784	0.252266799039636	8
0.089720485379551	0.211944811261345	15
0.049317653862296	0.902885237605585	15
0.110040392567713	0.672110335738302	15
-0.047383429795665	1.83320677600346	15
0.104568951340441	0.426197680396734	15
0.100533822506502	0.331408701878382	1
0.034799484682818	0.548372257463241	1
0.096421335301392	0.57106732836962	1
0.098708378820641	0.399513294884541	1
0.010580961840464	0.679245017115349	1
0.010535125570221	0.598600099037927	1
0.097859322443271	0.25500280997783	1
0.018089528477855	1.06689111929939	14
0.118084299782747	0.474005548869591	14
0.100323086259465	0.518035439346381	14
0.014632579354541	0.432237223704968	14
0.007238494487534	0.640349467820111	14
0.092560922359559	0.631089576753757	14
-0.118325091150417	1.26001922760686	14
0.023012736154409	0.949793519607143	14
0.095899207158221	0.441150252918439	14
0.123703304604078	0.710090344977408	19
0.077411019477142	1.06312871753021	19
0.04549674110116	0.53556760345049	8
-0.11969424692325	1.84597927486353	15
0.000398101402491996	1.25676041253879	15
0.092749676555367	0.550996464116697	15
0.085231266510083	0.622782317889048	15
-0.072746828795916	1.74214295020275	15
0.074981000938796	0.442897383190224	1
0.063496385321634	0.424230646775526	1
0.088142688390415	0.600501513124388	1
0.051962969568883	0.663136487244472	1
0.067478409222506	0.471897460842319	1
0.120827028295415	0.492400673019144	14
-0.044566860837978	1.49051386678066	14
0.039597303019462	0.761841533505209	14
0.098829992961378	0.560662086428663	14
0.106015784702144	0.403904774634235	14
0.010489734362098	0.847141665837675	14
0.10509582566794	0.508028248596523	14
0.107772817064944	0.470532144203127	97
0.121089051107078	0.39896702420599	97
-0.013839212752233	1.24237238033413	19
0.00707479316951401	0.673679702495119	34
0.000718238303401009	0.233231699361112	2
-0.084161268944393	0.564375796596742	2
0.065538071495312	0.660324159024753	76
0.119460660088714	0.562403446293696	15
0.053146686516361	0.930704855994174	15
0.103473029434485	0.64848506013704	15
0.06891261325871	0.552980059333013	76
0.057598204895289	0.732736953811231	15
0.11210727693328	0.460207074979882	15
0.084206854056751	0.397433841857936	1
0.073324918445679	0.281859721737477	77
-0.00381907187481101	0.399989064944247	77
0.00572314971961199	0.393090440600643	77
-0.100731666274598	1.12571422903569	1
0.076438588998088	0.863452110597385	107
-0.102580014305611	2.07748061040821	107
-0.028272301598492	1.10941056131678	1
0.081637643807688	0.461146141414356	119
-0.107571243541752	0.923350668752207	119
0.053242677416721	0.820247006873425	14
-0.092113776049356	2.18228440064348	14
0.114226290376244	0.580831403096368	14
0.100027970684383	0.466045195146889	14
0.04591179221033	0.546847518429842	14
-0.027443926056686	0.865608870315766	97
-0.018745981978762	1.1080120508211	8
0.086399941671679	0.384695027437726	8
0.105820027318729	0.475038941410178	76
0.084296707031453	0.417423526076177	15
0.059037101024339	0.426339608751499	15
0.112020968156418	0.415087205085299	76
0.048550133771505	0.563985063665144	76
-0.037507601797506	0.697674909485289	76
-0.00951952503416897	0.834787932004821	1
-0.02825237796977	0.41336860394909	77
0.123033386433945	0.15528864838904	77
0.056765343220157	0.247774777093274	77
-0.00441643946151599	0.525891053138962	77
0.097793430233293	0.77943964197973	107
0.061529958588621	0.60174518848755	1
-0.006656708760373	0.597951651698035	119
-0.013490621130878	0.593358733244703	119
0.088265993006247	0.45500063348317	14
0.066541450799671	0.451398944512537	14
0.096105523775488	0.759105616218668	14
0.115276826153476	0.519431438640169	14
0.024014456297005	1.27418951525596	14
-0.010310158045187	0.932385462466536	14
-0.041776594479386	0.884392311006799	97
-0.057981826385742	1.0396232046448	97
0.088259564212679	0.381495503357381	97
-0.080511589537021	1.38273941246468	19
0.105015458948581	0.328558827152022	8
-0.00890059741597099	0.897129668110027	76
0.10572747237237	0.426073166191499	76
-0.068558481514992	1.01129719289089	15
0.076377495387834	0.453375931673513	76
-0.107889340570303	1.31050195630132	76
0.11302145810015	0.334243145796295	76
0.059575808927247	0.570211132385566	76
-0.016610465213774	1.10629187135384	15
0.04947656902789	0.459382538310283	1
-0.034404177260677	0.475189608895251	77
-0.090931568341896	0.656319944383354	77
0.031291091162923	0.381381861181402	77
0.120382022709064	0.187821601306498	77
0.042169833950236	1.30867414046266	107
0.12041819512147	0.271924798478169	14
0.054588851010321	0.650013113525025	14
-0.020730530040792	0.681111699225361	121
-0.012079789846999	0.588794886190862	121
-0.00966147635487102	0.548025850184762	121
0.109831180583186	0.39799529035931	14
-0.026316795462279	1.22916882853288	19
0.098308302976318	0.340084346402954	97
0.104890168399259	0.726297064504567	19
0.107849169139733	0.411251403871543	19
0.044834191222319	0.383111239441805	8
0.092089445010676	0.690083042724285	76
0.013625046059555	1.32379665411782	15
0.11080672448074	0.439648413434326	76
0.101209974986	0.566057522683745	15
-0.018951962699841	0.735687699169696	76
0.060921710351801	0.567317384760833	76
0.068990086958834	0.359257911472744	76
-0.042934818651849	1.34981746349182	15
-0.003247247219204	0.350296011944868	77
0.093228319375162	0.192147019114435	77
-0.028741018060604	0.614064654132167	77
0.096869496882438	0.540953199056983	1
-0.078115225526743	0.700958852488374	119
-0.006944796753038	0.83506554851991	14
0.12306534145585	0.523871752196226	14
-0.00782056350607002	0.555601670938903	121
-0.022836353949109	0.638628610258099	121
0.089184958673133	0.477747525602601	14
0.123412631579321	0.650366261823949	19
-0.025610409033584	2.01185332848644	19
0.119611489548403	0.685477428659535	19
0.021532674670297	0.62162635418217	34
0.113023844771925	0.12285898079809	2
-0.0503012777789	0.776999544421165	2
-0.092324340093364	0.970616071333111	8
0.062179434014631	0.275118275647583	8
0.038824704262755	0.746189177771658	66
0.098389890072315	0.562838128689158	76
0.11757816178499	0.389257183737914	76
0.118277583618585	0.444834121980424	15
0.01772109412363	0.965059471138541	15
0.121983092256154	0.388437077329435	76
0.098257526489066	0.528343187747244	15
-0.011217848683874	0.599493255102806	77
-0.107107844118094	1.17876810324587	77
0.089170628863637	0.683813272299227	1
-0.060275517178628	1.5178676115241	1
0.077579401648096	0.61300294796434	1
0.072265591556063	0.487554643740005	14
-0.014948578699579	0.759311562850632	14
0.011658696506769	0.827281458289134	14
0.091389950747651	0.522042211194373	14
0.095856459726408	0.465353154461501	30
0.084864458990698	0.594332452683077	14
0.024014005759855	0.922281944210449	14
0.112642536182721	0.337876441308903	14
0.018605225069895	0.813817414059333	14
0.072536328758116	0.561903747052127	14
0.1123225868416	0.406056694233299	14
0.053662515064843	0.782721311097642	14
0.033955926966027	1.34212114308797	19
0.099871943356794	0.710618048054525	19
0.105464030445547	0.713689021101723	19
-0.080815972790677	0.618608744244239	2
0.071270685248572	0.441942380832495	76
-0.09394330443076	1.84607182865799	76
0.057490730546305	0.6203818292015	76
0.103916432780939	0.448441574503233	76
0.106983764087294	0.344322393110025	76
0.028073100653982	0.669574538915924	76
0.022172401345814	0.852664127990425	15
0.103927199669471	0.46484046098259	15
0.089959583503863	0.602796281349744	15
0.091949728619931	0.562594782929986	15
0.11029136537908	0.494755008040537	15
0.10449299802726	0.495092186674105	15
0.120742636911162	0.296125249072757	77
-0.048434624493594	0.884238697251026	77
0.044817073850469	0.825586595364676	1
0.100486271187073	0.364959766321801	1
0.117918763395282	0.379049424135634	14
0.099736184663228	0.511134298476348	14
0.046309032194193	0.664696532723174	30
-0.05811426086343	1.23503329439825	14
-0.041165636305135	1.06827849125449	14
0.10809067299355	0.453272018918197	14
0.098718085040101	0.481149346407974	14
0.085612540613839	0.892593119023715	19
0.095961124162997	0.381984320318224	2
-0.04855568738575	0.427783040472884	76
-0.035354364644193	1.14128258532359	76
0.100973664385988	0.332528687082974	76
0.005643516569972	0.797330199092042	76
0.053322878467169	0.552108926096477	76
0.09041081896114	0.775122284986461	15
-0.029932268556513	0.837117793968879	1
0.106894488356925	0.323210563849041	77
0.022359096548273	0.69502645658903	1
0.095279154131892	0.311976042430563	1
-0.082303387701606	0.906531680269197	1
0.00605962373835201	0.502238526227631	1
0.11784227449421	0.480917220299701	14
0.031438523745328	0.75697348118276	30
-0.033955748437785	1.02585130136315	30
0.069984103373211	0.557255859704083	30
0.030511259372091	0.693685967946991	30
0.072640347402878	0.410361847673919	14
0.093201810996879	0.485539337527208	14
-0.000565856184033986	0.799297385839641	14
0.085533110698208	0.51822273324928	14
0.114878403871777	0.711377178792677	19
0.123185388403992	0.204363728590659	2
-0.061727504553752	1.30377232934223	76
0.119585466960296	0.328073311213699	76
-0.084938331673866	1.56325031132715	76
-0.115766307415899	1.70949637009748	76
0.090366981389447	0.413304944725777	1
0.076106837254743	0.386591482895733	77
0.005323112752324	0.760561010949624	1
0.064706375512813	0.72059857835788	14
0.016326442341061	0.682270668451086	30
0.05549307016877	0.597884087097123	30
0.086787218411166	0.530284072746158	30
0.058723814319246	0.673535023109016	14
-0.060414226455762	1.31003365971297	14
0.041097531907754	0.601849806800363	14
-0.053348056865295	1.2566061676673	14
0.053555545168831	0.689606200898282	14
0.070850826857936	1.12504510688117	19
0.085438095785025	0.644806463517823	19
0.056693165588055	1.23853557317347	19
-0.123872239759145	0.414142982462666	2
0.064191437587918	0.441352087851633	76
0.090456980658208	0.473335315974945	76
0.087283940538476	0.483512173394495	76
-0.029254682083663	1.05043441381975	76
-0.098376133779587	1.64879065969639	76
0.060626554385775	0.647128569080893	76
-0.019942740377436	1.08647341141644	76
0.063597477655231	0.635350039451976	76
0.00951666722425301	0.783452986468587	1
0.045247397166953	0.414553193212477	77
0.11163304554436	0.347304450819139	1
0.010034059485765	1.01086143802832	14
-0.100552852900446	2.16775208238425	14
0.078017589310511	0.621027217502861	14
0.038183949782474	0.467245911904079	30
0.037145642101817	0.797516071658633	30
0.063954102482295	0.643779364523349	30
-0.016998230051546	0.969793587407967	30
0.063727748011124	0.536375935110092	14
0.044107446901705	0.498254817246924	14
0.089170147184568	0.570175623520842	14
0.052284754539608	0.678284346586878	14
0.028718901393225	0.701755407144372	14
0.112969032153179	0.671149409951166	19
0.086849620547711	0.994007788572635	19
-0.054453762056098	0.636690719922991	34
-0.046647363223116	0.314811372932207	2
0.012812284644115	0.425256468075202	85
0.039854025270083	0.428844166300599	85
-0.114837352658552	0.486892193659848	8
-0.015659235364208	0.594197661081692	76
0.020263274278803	0.472915008090339	76
-0.057739071791132	1.13382206660454	76
-0.080161386716268	0.965930488123813	76
0.071462633609542	0.638400880152337	76
0.077740435595281	0.616552240534326	76
0.121519860863167	0.4172853173736	76
-0.109927093812153	1.57961552458629	76
0.021424756813254	0.88252199633182	76
0.024070341444923	0.776447420919094	76
-0.00993488124310998	1.04672384234353	76
-0.038000529134329	0.994165344874012	76
0.11312515374167	0.357199295394776	76
0.107190770371225	0.386537843901608	1
0.108661623839623	0.363811564759918	1
0.079008706149052	0.541379701157631	1
-0.119272179760754	1.22235376093624	1
0.112770544853288	0.440787278473528	30
0.071395564421485	0.462022594418624	30
-0.00372644402760303	0.8201389236279	30
0.08642160433341	0.372527085852282	30
0.121484667328633	0.448246736633466	14
0.074612827377637	0.635838508106126	14
-0.091243179241585	1.22358216980638	14
0.00365657888656001	1.20429618898358	19
-0.000636903125070976	0.74999889344706	34
0.039210823194953	0.515399632001689	34
0.0398969945189	0.717007089662612	76
0.015536193828236	0.792451859109682	76
0.028948185042102	0.691996369251191	76
-0.043522409707177	1.41350705300523	15
0.092242438479621	0.524981261500334	15
0.084553811109948	0.528381272886975	76
0.115048815527947	0.457028088530732	76
0.061182226227298	0.76954897252275	15
0.099434230813189	0.491296616558906	76
0.078306556283947	0.461376423958466	76
0.015434045929046	0.532190218585404	1
-0.052575893449911	0.778183438035542	1
0.059687308039563	0.555996253926552	1
0.012037807498558	0.978574045920076	14
0.109526589720048	0.490535024796392	14
0.046098198983342	0.81817653700286	30
0.121803022645639	0.426754705485014	14
-0.032227638045509	0.996232788243719	14
0.085902349074411	0.556269911626521	14
0.094298413536891	0.445175252447216	14
0.021989971160503	0.600361907566778	14
0.10074664111728	0.909258901845788	19
0.0515641902752	0.506539484540517	34
-0.119610922356791	0.751393652575116	85
0.020389422026711	0.326842484958501	8
0.115375427328714	0.478502779271927	15
0.030327849779636	0.778592771769603	76
0.079081944020574	0.419607433834854	1
0.00944039136772901	0.63094738301929	1
-0.027492742144205	1.275695644594	14
0.111961961234625	0.473887725598023	14
-0.015393064695533	0.871684409394268	14
0.014081955052562	0.958279858577721	14
0.054170790738093	0.520368832455959	30
0.027985052565429	0.757470980465205	30
0.074898263358223	0.577012305133309	30
0.066710174290377	0.602933392827869	30
-0.00651569502291	1.1498986464498	30
0.055202937444128	0.780678283753588	14
0.024469142583009	0.762128263268993	14
0.10157564257208	0.48338440789004	14
0.002920457057735	1.07882495001211	14
0.080727735992653	0.450413411154327	14
0.09367846414915	0.965287755524418	19
0.066752445251215	1.23397145251667	19
0.035792410307913	0.673959277679858	34
-0.037294444052998	0.267108280571169	2
-0.058856295079596	0.533020580622606	85
0.101081788718026	0.265878271647357	85
0.055225025191895	0.477492987201984	76
0.043140017285325	0.764401391779903	76
0.068031285763787	0.496549926974654	76
-0.059250705977073	1.64090263472337	15
0.07863421761151	0.532761843165476	76
-0.003147947454607	1.13764361746257	76
0.071727101173059	0.689491803159019	76
0.026874099791779	0.7628310403994	1
0.12325017560609	0.312154693071378	1
-0.000736457561338999	1.0947822166551	14
0.045745526247489	0.76398756332165	14
-0.043296521394408	1.28603434608526	14
0.080942332187087	0.570589401979992	30
0.037038753762486	0.736522014459133	30
0.101991205200238	0.43603328666525	30
0.068160332637984	0.643017980822445	30
0.053397730332861	0.768275766010116	14
0.035008502467854	0.754977314369649	14
0.071307386398916	0.685494629411535	14
0.106517934573447	0.799301805798403	19
0.057256911834996	1.32604709299326	19
0.010977715277867	0.745985308800791	34
0.046271470412141	0.660697684607787	66
-0.063555692131358	0.600320083783753	8
0.039573088330718	0.328133667051509	8
-0.067434163302891	0.926592232324521	76
0.085525960907228	0.446322617333762	76
0.102440591773171	0.414356923868228	76
-0.039547036849762	1.44382031148183	76
0.111048706482033	0.465474376752129	76
0.084453655296754	0.595971152768789	76
0.094669632103809	0.580501875986713	76
-0.018667115047543	0.68731269870092	1
0.116691886164647	0.310288894500388	1
0.029578557705791	0.694046615439829	14
0.119993368992206	0.421980791312028	14
-0.047040268022964	1.34709244580215	14
0.033315713854131	0.693281990339433	30
0.096696096442021	0.387174614387806	30
0.097111706873272	0.478815222042293	14
0.077476089840435	0.554367072753095	30
0.00816130285852401	0.928386758305203	30
-0.013643307729779	1.03595960600748	14
0.115739869506929	0.720082315439906	19
0.086106706801686	0.96969326508149	19
-0.096517230329738	1.082894602677	34
0.040045534261734	0.702114097274668	34
0.121998602263454	0.206619782174242	85
0.096483297587022	0.320061314262056	76
0.011656521422222	0.717226117967695	76
0.123052832264155	0.401251139727718	76
0.08875064564784	0.536566183166916	76
-0.095167688665945	1.66040287554676	76
-0.010432398607387	1.13554911040654	76
0.102112531127764	0.510292427564892	76
0.046053574108523	0.763266231436969	76
0.11140023341429	0.328386558273977	1
0.044518859308903	0.567991914297322	1
0.032936283727102	0.609690266465985	14
0.06584539971805	0.556789894645214	30
0.111852133986445	0.459262844344732	14
0.101550346674233	0.912023353875824	69
0.113917932047544	0.754524208982769	19
0.065451985508125	1.19964420577515	19
0.072976470603226	0.290173941032162	8
0.105385795637969	0.299401677025291	76
0.051793784510979	0.670881170202462	76
-0.076617553512783	0.882162857240582	76
0.063993660988324	0.590043569265887	76
-0.119111035224722	1.51085967622812	76
-0.03045553279909	1.21651499989211	76
-0.013239177793442	1.12671095157793	76
0.073613519891558	0.553951471835036	76
0.042385323814034	0.746526662498598	76
0.091514318805123	0.567375725477268	76
0.089996138199004	0.514354200295518	14
0.063642072685102	0.456547966893989	14
0.00274465767561199	0.767497669678714	30
-0.057367418672335	1.35499492579892	14
0.08731662924677	0.418645953879612	30
-0.024967609012765	0.964123785500719	30
0.026685868278044	0.941277524153105	14
0.007366134448481	0.828004112734976	14
0.089719834773715	0.545910001898035	14
-0.10086315864768	1.3692075835478	14
0.122530154808513	0.384320052363534	14
0.097135673793123	0.899056780686274	19
0.117541247230165	0.384665527545627	34
-0.038166811420222	0.467541932925211	8
0.077200104653945	0.569059888692018	66
0.091633529025579	0.245715041797251	8
0.021915360555256	0.495933420488611	76
0.105790732620303	0.441857213217	76
0.081502891669978	0.56561868729275	76
0.020579188272731	0.877287601017516	76
-0.014211926301551	0.994825790902657	76
0.063927311185238	0.676935843092602	76
0.086850214315615	0.639557239781753	76
0.057514466426537	0.717987360713594	76
-0.00284764237499002	0.707548037077538	1
0.020563322158217	0.575052870867736	1
0.029691161789283	0.761028099873649	1
0.059652736371056	0.521393670003808	14
0.049200281258885	0.793679212797163	14
0.057323807404636	0.633625385928031	14
-0.010081106132134	1.09619450357862	30
0.074308324842506	0.621229943362462	30
-0.042266521416526	1.40232419664742	14
0.027825907145531	0.758259834520285	14
0.097319228760172	0.522691000247412	14
0.106103664957241	0.493769106648293	14
0.053753524365374	0.789638987824383	14
0.116320403084004	0.687101366136989	19
0.078991471033777	0.330343057101624	85
0.046721564502034	0.498352101794825	66
-0.009963125935746	0.384815414718303	8
0.008423167678521	0.295320995722045	8
0.052658118187206	0.333484895056275	8
0.00674092200684101	1.08823841611705	76
0.090079882728278	0.446110967731098	76
0.089499868556675	0.47854468260011	76
0.085537747606451	0.523420867590275	76
0.086548258404054	0.511815132605839	76
-0.113854405706962	1.76483022510186	76
0.030306714893776	0.646394581221779	30
0.06991474815278	0.560954548516733	14
-0.032818554012661	0.588197366003224	39
0.094685443901056	0.411380500725785	14
0.094511185929306	0.535054863924398	14
0.020008452950641	0.676830364545034	30
-0.058803924582877	1.06135401557521	30
0.080541832290378	0.347174888087947	123
0.0650108617239	0.643254453308241	30
-0.014621615463879	0.921286540742825	30
0.116731654735277	0.373985082128111	14
0.062593303303422	1.28547737720188	69
0.09840575968282	0.902548320642354	69
0.071103546345305	1.16389840031656	69
-0.020404818548349	0.586914706776509	85
0.0515852136594	0.113870224224541	2
-0.108383318663814	0.461003151905142	8
0.110769855477926	0.328275086406039	66
0.09937902956118	0.0891325032980943	8
-0.033296425495269	0.363247754862169	8
0.021189372866085	0.861791651539636	76
-0.05545990809873	0.907881778444158	76
0.028474459618013	0.294528033765831	83
-0.103552626118788	0.491251127302132	83
-0.095491136614937	1.57983330518341	76
0.101132707642124	0.352867620555722	76
0.01721243228836	0.826015855133794	76
0.092052353474913	0.405407404558082	76
0.080080007427883	0.428734170160592	76
0.124390820460338	0.32371579280239	76
0.124827269524755	0.450669638395866	76
0.122932936732973	0.290066482795273	30
0.011517618493109	0.330225240996053	39
0.059378635557958	0.597937320050812	14
0.073295243053359	0.415367562531817	14
0.09445794008509	0.528938908759648	14
0.050097497700382	0.482567917864723	123
0.06192759507753	0.275583788620676	123
-0.003707584199378	0.446198086259223	123
0.087449118134643	0.332169982892038	123
0.057219500315986	0.357435596768017	30
0.036497500207554	1.05387110244884	14
0.026545460248424	0.953151382754994	14
0.00183222890760901	0.706627918162629	14
0.014730689362324	0.75837135989701	14
0.100007680470162	0.925281285666729	69
0.011154346733245	0.172501328573505	2
-0.053874287150789	0.466323424397382	85
-0.055569080859677	0.692849755203394	8
-0.113147542144677	1.47191041679415	66
-0.090185077878502	0.453773407735001	8
0.085581645670176	0.492764835966632	76
-0.061848936516598	0.539916360462117	83
0.109883867468218	0.510269806829346	26
0.091979433567353	0.538285731343073	76
0.056440246134444	0.785396776322168	76
0.03773947584014	0.850435829924529	76
-0.096353577680789	1.88357309875319	76
0.102111488324968	0.397717634779932	1
0.048976672894649	0.434959976578201	39
-0.033021040230214	1.17159643468857	14
0.057816884793551	0.741278790962296	14
0.12055840691349	0.467921475392131	14
-0.00367529238028203	0.928267086035069	30
0.08328986410872	0.417934708805204	123
-0.022043936476763	0.828760286053607	123
0.012564963904336	0.773821283538215	30
0.10499269118726	0.418349502121536	30
0.039899553185001	1.30875975224847	19
-0.023461575755915	0.21560724204437	2
-0.066761048214781	0.453728860123168	8
-0.050439297124279	0.667338269338644	8
0.045662910033458	0.271217962047865	83
0.080128780814777	0.467427484045826	76
0.065574702025344	0.387826694886238	76
0.117591631714116	0.425328009661062	26
0.116804332174795	0.354830746808122	76
-0.029496773720222	1.116832965891	76
0.119002977499055	0.380878889146729	76
0.050128507137827	0.70654801709753	76
0.084141575289322	0.485235863895426	1
-0.097703142847906	0.653626947619047	39
-0.087462694689568	0.583534734201435	39
-0.025027073037772	0.535276277314726	39
0.088308766936988	0.442049233183928	30
0.055576213323168	0.547875078162223	30
-0.039479120579501	0.844061936234223	30
-0.070304028617433	1.81528380362671	14
0.083182614752912	0.526706361052897	14
0.03988660293308	0.701649465495799	14
0.117238717068095	0.34538097964062	14
0.105422478986447	0.139060120746281	2
0.010231938502504	0.606163563973012	66
0.105185141786526	0.147181210287155	83
-0.022307758453881	0.377476065487757	83
0.045479033432911	0.556447555197341	76
0.07391114755782	0.523277579760708	26
0.091598684678567	0.385175542770966	76
-0.05977622665737	1.23888812552209	76
0.046056009537323	0.593539964392067	76
0.074759422459651	0.449968163529041	76
-0.038210254764626	0.844788219833294	76
0.095880834806109	0.439273497422358	1
-0.103098705920034	1.51169852818309	30
0.000595775248110997	0.623138724761722	30
0.080924982305501	0.355752220699071	30
0.049984020892976	0.682439559314125	14
0.059399864174995	0.479055560040887	30
-0.00388933701522698	0.664693813403573	30
0.078663653893912	0.656651408774105	14
-0.09064357444775	1.04481649764339	14
0.00302706679620501	1.58792899671709	19
0.123272609325154	0.343692704079755	34
-0.118406159262117	0.451610430846662	2
0.048678332994772	0.115720661347784	2
-0.080798571764787	0.459211527023949	8
-0.064353604444194	0.81426781203492	76
-0.01487377705933	0.826856050222782	76
0.071220901425709	0.491386618887517	76
0.02181119859113	0.697365190462285	76
0.117445480790047	0.467346520246759	26
-0.084458873597935	1.74288104083202	76
0.117633503254078	0.303230168350559	1
0.029015040684898	0.529794959142116	30
0.092336655661252	0.462545133703234	30
0.00660693258692	0.97957400653023	14
-0.022076723998393	1.14699825570168	14
0.022205984826284	0.66249921417085	30
0.021006971452533	0.667371488625742	30
0.059837531834376	0.462660965027063	30
0.062831547417211	0.339706573748126	123
0.053392243453577	0.451074118232022	123
-0.016955208944947	0.598232299580053	30
0.080542744439891	0.684466673923665	14
0.119618278641291	0.454944738503658	14
0.078916719738563	0.634519672900725	14
-0.028340645751551	0.890292338261166	14
0.124455687700012	0.37206663226542	14
-0.117341407450443	0.333944352007151	2
-0.085931862964275	0.579992721151776	8
-0.069943008902164	1.09553207007532	66
-0.089569191770341	0.488075152298834	8
-0.083256321605851	0.56231566711201	8
0.096579773023941	0.585972850615448	26
-0.034596237225526	1.23171816007583	26
0.094880137205587	0.462441368737849	76
0.096097016260825	0.445956335688201	1
0.0000456302776170037	0.84034387878178	1
0.052181198959071	0.568184312357731	30
0.068099764900003	0.343024601678909	39
-0.042176030483057	0.50160362409516	39
-0.06117399341516	0.837229506553544	39
0.019226699369545	0.967682101327052	14
-0.069280088378097	1.42669111364757	30
0.080861490183344	0.443904013875061	30
0.090981508735342	0.325771130876506	30
0.108424302652299	0.278124762269167	123
0.022503251942663	0.494056574980241	30
-0.035711786893531	1.26347660600184	14
-0.067453668464255	1.17452992840879	14
-0.034101938666347	1.01329676729081	14
0.118508918061724	0.529269419515293	19
0.061221024455901	0.773764320550783	34
0.057295641158379	0.283887714871196	8
0.101373557367514	0.462768742561445	76
-0.110476599375826	1.20875966448283	76
0.11898326664311	0.261702308655805	76
0.037288022323776	0.867615858185227	26
0.050712198358739	0.589918709038871	76
0.065724520959174	0.601241443595596	26
0.087204186801952	0.503791142005382	76
0.118689689223607	0.486314772527275	26
0.0983694770313	0.439466419224232	76
0.022980294656665	0.747184063634452	1
0.025245990621189	0.86475953371874	30
0.063157359906095	0.29024466701909	39
-0.03005804972173	0.789033627334206	39
0.026015172657943	0.894101547411001	14
0.115161428381706	0.441307531945939	14
-0.000496046831774011	0.738384972092861	30
0.018238082877959	0.741028848147672	30
0.07424446557685	0.495295663699833	30
-0.108974006636152	1.17751239181496	30
-0.00440528531276802	0.666567154219802	123
0.030686717703894	0.586373358105972	123
0.074694058030135	0.589175214858407	14
0.013255653568267	0.832843697110604	30
0.074291596805151	0.690433028166891	14
0.083686706592449	0.645337069793723	14
0.046168719318565	0.683006697085656	14
0.123056926595173	0.706515551312771	19
0.105520612746807	0.865234883123228	19
0.116363749254507	0.737826727187029	19
0.058609509517707	0.382097506071032	85
-0.063003021132139	0.836843411087932	85
0.109631127069509	0.198120667805737	8
0.087925003817231	0.222021467382804	83
-0.097722728205207	0.796827260623454	83
0.106059144563177	0.461741488385334	76
0.098650495345974	0.567303600962312	26
0.084597596369853	0.573395936679299	76
0.123096125813809	0.396540513236037	76
0.066993089294208	0.630859099584254	76
0.103493653669996	0.485286761678892	76
-0.018740870716514	0.875721256464266	1
-0.03736949201133	1.05143673577135	1
0.096835642215196	0.524859037179445	30
0.105667377030234	0.465216783542195	30
0.066694658182371	0.323087303355342	39
0.04978708482369	0.397695744053562	39
0.106083057258403	0.435492564842845	30
-0.073152587679477	1.36567699924455	14
0.080636529476075	0.598063403628199	14
-0.033991827288203	1.11158731958019	30
-0.011213143521463	0.965966631246209	30
0.029444464069897	0.508736760892634	30
-0.00551379273598901	1.0673460805997	14
0.056128942655307	0.642943948113885	14
0.085637040908245	0.536115727467836	66
0.118047062688173	0.361584928857901	76
0.01298800677104	0.665736381316464	76
0.104491850239165	0.449803409408286	76
-0.119243265411625	2.06304639337575	26
0.07358828352597	0.702438758860676	26
-0.032928855510826	1.28937334378131	76
0.074952416422968	0.40360585991853	1
0.052772051472425	0.490133440265326	1
0.01358467066686	0.877494632741729	1
0.042377170482639	0.601263222462706	1
0.096138021232655	0.543246333993013	30
-0.033628123259807	1.37377779770035	14
0.08227510044204	0.548737520657328	14
0.092142483188766	0.372169485620553	123
0.074602254355557	0.512055990574327	30
-0.093965407350457	1.44848902401428	30
0.123987627708223	0.366893567965255	30
0.071711419951228	0.565489904154685	14
0.120166177583293	0.383206334297719	14
-0.044417268968672	1.3747403870015	14
-0.086365821236617	0.726068460215867	85
0.086072045555426	0.146020893483814	2
0.078534048937002	0.541129769887287	76
-0.00191953387891303	0.761762062685157	76
-0.025031830336457	1.31161633846181	26
0.048444885298339	0.71198501769188	1
0.074728166234464	0.523430869940201	1
0.077535887636539	0.562028249109979	30
0.122182536220266	0.352623525643404	30
-0.031037113633371	1.2748802671921	14
0.00742971999967301	0.984159053191203	14
0.084679788582407	0.365077681207266	123
0.065280097568647	0.587065293504002	30
-0.053241790162745	1.24957582772474	14
0.099149158397593	0.534885961828238	14
-0.070873976799232	0.249054178470611	2
-0.095242361564858	0.385476209083035	8
0.053895139795297	0.482892201110615	76
0.018669920641404	0.317868820037452	49
0.105079687205767	0.41549009806257	76
0.114380026845523	0.521294927578713	26
-0.015691981918057	0.95637441438199	76
-0.034040317567111	0.981012332323347	76
0.077249129234148	0.498388025597757	1
-0.052464068416638	0.910366045750165	1
0.063633322747296	0.526094404251446	1
0.124236385050912	0.268221129295051	30
0.093148964012632	0.229763583739344	39
0.074481534968789	0.2327151603252	39
-0.092250386554754	0.420613853533625	39
0.047179409365717	0.268763679659116	39
-0.120344314471314	0.551599888240443	39
0.063529246473204	0.330181870991412	39
0.118531738839828	0.41675501557629	14
0.101828308600556	0.319417250090915	123
0.000879023460723993	0.652443151483067	123
0.018464977543844	0.576330266025972	123
-0.017736151510308	0.543965199851842	123
0.065951668501673	0.355952360024783	123
0.112490970496627	0.250924556759829	30
0.083834115790894	0.418954767950345	30
-0.044563989274274	0.796033610129126	14
0.092221053428791	0.450852622214307	14
-0.027901497000143	0.895335266688943	14
0.109100319445356	0.843536947282482	11
0.055686348596268	0.979539378390451	19
-0.025696775497422	1.86307849409022	19
0.046832508832211	0.458536919278054	85
0.103476460359303	0.0865555215125302	2
0.041374680075287	0.24529573927015	8
-0.098075423367291	0.293644662454441	8
-0.045682142022261	0.313619191508906	8
0.106041725396378	0.320628973054863	76
-0.124646138481227	0.519558472787282	49
0.10424735309044	0.387714286092179	76
0.046592103787847	0.32784430867896	76
-0.07801115114715	0.839233173183018	76
-0.014882056515239	0.940680388248732	76
0.075011256884761	0.451734485945562	76
0.099632594536649	0.323026618576586	1
-0.061163402175747	1.38409334779438	30
0.007000104530414	0.732788977905733	1
0.076649047318509	0.204167452661001	39
-0.013647714511387	0.580376861430619	39
0.00707111334678301	0.49941396039478	30
-0.014955635098657	0.992562300808173	14
0.040649775435811	0.733001307813707	14
0.124888817637402	0.274827557781293	123
-0.00251754881228999	0.659612028435047	123
0.122866551731239	0.26130304620018	30
0.081882319046253	0.597165029504047	14
-0.00800938980363303	0.679859208341773	14
-0.09805394278925	1.10159102916402	34
0.0962689295889	0.420991967160477	34
-0.071799912060459	0.249920075498273	2
-0.015015553664374	0.863113820562905	76
0.056224410411681	0.643141934038212	76
0.117659019315605	0.414773976713394	76
0.09300647004665	0.452887497487943	1
0.058476693054744	0.560506651617839	1
0.016699054095521	0.887663967475901	1
0.124209406763645	0.399215652043996	1
0.059785669685818	0.618607037982581	30
0.049239835710375	0.542497431794919	1
-0.094994791802563	0.711682882679391	39
0.00256271562369301	0.475457950793281	39
-0.106579429900915	1.57801217142788	30
0.071335179819082	0.563619782997491	30
0.026952151138637	0.623868964728526	30
0.118403541803139	0.437882152467969	14
-0.036849535090367	0.926069337059724	123
0.016853926685142	0.460141047538028	123
0.073213276130393	0.54126072238335	30
-0.082703068572375	1.23950031498609	30
0.105703278854813	0.497275576490495	14
-0.075952773300555	1.01148752341069	14
0.109947181047662	0.357105819996948	14
-0.014902763694001	0.934151014500502	14
0.078661265062087	0.717351532848887	19
0.079883272498894	0.191154798946966	8
-0.021131227130642	1.18623351842982	26
0.087479656855126	0.542932910509622	1
-0.013956584927656	0.567903704068645	39
0.121798359763835	0.426335314200098	14
0.103844656841117	0.402851738739171	30
0.096027093499115	0.441416351935985	30
0.105323267809542	0.222967305919505	123
-0.109294795875589	1.27810027377156	30
0.114886617048778	0.396356754780403	14
0.094079272946952	0.798699700678099	19
0.033176610331604	0.690236430272033	34
-0.045145489929496	0.508517317068263	85
-0.089775964275489	0.685046722803166	85
0.022581205714302	0.266905762732291	8
-0.119531668926637	0.550163483281516	8
-0.024138353143326	0.496464335979415	49
-0.090802059167669	1.22115266223276	76
0.030199882996478	0.708408653815961	1
0.065588508522015	0.498714756051477	1
0.077821054664734	0.50447809491534	1
0.040675658310016	0.632336620985509	1
0.092859184146033	0.418303482331368	1
-0.00967135244952899	0.693063642954829	1
-0.000592035162802984	0.799485812114167	1
0.020109093699241	0.617119722335925	1
0.041622571266653	0.587055583634928	30
0.056951707042846	0.64561489702021	30
0.085153723828572	0.494481469280362	30
0.093216916551127	0.497785045448975	30
0.015834571615707	0.93811672870132	14
0.070222621905754	0.439467011016382	14
0.113419817342501	0.799099868317845	69
0.12148020417011	0.743301143465032	69
0.039844726453478	0.801887713732058	34
0.089778494816918	0.197027055151138	85
0.050166792498144	0.56540000343263	8
0.097435837391687	0.334614855579394	49
0.053641302343848	0.682377690522949	76
0.006296901534879	1.06315855523183	26
0.083109079906724	0.598228630234405	26
0.070485391001004	0.59762174510731	26
0.083989047719855	0.444473844164989	26
0.09166669115236	0.562829523679883	26
-0.051272009254974	0.738036895779123	1
-0.000154649435210985	0.613820444253499	1
0.085153721512123	0.616477235831171	30
0.109240938257221	0.308885241985838	1
-0.051194923030285	0.970912033741658	30
0.110925887659578	0.424988022172499	30
0.111030807005245	0.379306295335985	30
0.074371237071688	0.618526439742327	30
-0.075292825497127	1.42148485176299	30
-0.092552177174051	1.37333960892725	30
0.099703636349676	0.46290368261459	30
-0.069368596544891	1.10932380915874	30
-0.037464528475731	0.728064764042104	30
0.087724677467941	0.579580246409661	14
0.025166969510636	0.861560621357155	14
0.013599864966583	0.995399280321486	14
0.083834565854576	0.264502989413948	8
0.061040751748246	0.505183967442603	8
0.120801307094519	0.246172906883605	49
0.109520962954899	0.332016032079085	49
0.054726437466902	0.723423494333897	76
-0.02557428977149	1.3455147492644	26
0.049639125184387	0.709079656586585	26
0.061862532142115	0.720055484693513	26
0.057380753472186	0.569169228822438	1
0.111220626907792	0.42428585177407	30
0.046670388433109	0.633429024510978	1
0.096737133946571	0.438673283555684	30
0.103416563177453	0.309878700680387	30
0.025481117825265	0.774501358100434	30
-0.071028373647811	1.54396023863922	30
0.103008092228315	0.372976809509316	123
0.067589697613445	0.521375903102085	14
0.077858210793591	0.579291949195114	14
0.050675735246069	0.700855430407533	14
0.121085293833707	0.38336788738368	14
0.020294722253837	1.76110118620823	69
0.084893274036278	1.04581531644082	19
-0.104554773094029	0.579925564606302	85
0.109158967888139	0.229259075845458	85
0.013961967372031	0.369417573963315	8
-0.00581920028576199	0.438134036590057	8
0.094760657893558	0.327901396662032	8
0.022304548655627	0.70846301045036	76
0.027554947900732	0.884053254371112	76
0.119313264739579	0.393697821035037	26
-0.050225544761957	1.23667542099058	26
0.11557938917403	0.326405130490628	1
0.079065719853506	0.500299704829528	1
-0.116486494813445	1.37336273548833	30
0.060156951737107	0.620829246171033	30
0.05105524391517	0.643114344066093	30
-0.084617140585288	1.45512508913333	30
0.083850076601012	0.520943481064371	30
-0.042673725098014	1.06891463652732	30
-0.118914347237188	1.26649430390272	123
0.04351609216612	0.539081071730248	123
-0.048265966215135	0.90707037909497	123
0.096729923075048	0.473074903142192	30
0.00180343636038499	0.777826619849507	30
0.00599970481676301	0.900698458516511	30
-0.049132015855033	1.00185126869877	14
0.109974421127802	0.817038874172964	19
-0.074229573442375	0.590954197029209	85
0.083353414759081	0.292858090888946	85
0.041736140748272	0.651494968761934	76
0.00926660601547699	0.609262323081512	49
0.123196784302854	0.323637914225192	76
0.122879942060365	0.41477359946849	76
0.073855360332483	0.60900095261391	76
0.120571222303952	0.433271584254654	26
0.030346076692442	0.843438929124606	26
0.018179068583662	0.987479618701085	26
0.096202275871014	0.409093333777171	1
-0.00797370287614102	0.812403952942337	30
0.100158477710282	0.329429152658604	30
-0.002461601349739	0.890516251264821	30
0.025657063298166	0.737997856912308	30
0.04118701766344	0.741822837614641	30
0.025355471490381	0.900212961414071	30
-0.025612597539601	0.837182196156066	123
0.042574787785853	0.579953950645653	123
0.098750609114431	0.42110452445876	14
0.103270209381137	0.455333404407553	14
0.011725714624819	0.962455649803881	14
0.066319111114047	0.678987892391362	14
-0.014964766308121	0.522824190391432	85
0.075972716526389	0.320329252735381	85
-0.094882392715156	1.00163286827433	8
0.085863849004102	0.232619605518704	8
0.095574769916305	0.296038801585427	49
0.113440676496448	0.400149329054116	76
0.102790357376632	0.526691070877698	26
0.049148567529397	0.690432713088062	26
0.116813671721372	0.434241596523791	26
0.097118743828756	0.503464377734106	30
0.105132881524405	0.461259381730364	30
-0.068953535099053	1.40106716754732	30
-0.036338326918157	0.992854901434812	30
0.113219933909974	0.403184374088868	30
0.120423002249687	0.316803986841039	123
-0.035291426526238	1.17912207662793	30
-0.037168474245255	1.1375560582218	14
0.089254570760723	0.549359105962897	14
-0.019797255997018	0.89982746536271	14
0.088223102907129	0.630275268002743	34
0.020684934735856	0.338149676053381	85
-0.061491412411785	0.347982148678671	2
0.11240444419204	0.268620771247667	8
0.10041216342024	0.469027561477224	76
0.08959654139516	0.554020565914304	76
0.101716766089896	0.358323037124092	49
0.005567755172566	1.0563696169807	26
0.113844581817219	0.50801074830508	26
-0.018244618148359	1.23966126441473	26
0.107563672574902	0.391459506188896	76
0.077722858527369	0.538905147655708	26
0.09037736179627	0.52931818509028	26
0.00707549123207599	0.634840653897442	1
0.110369526573111	0.288844750987592	1
0.101348976398876	0.481707962220846	30
0.120346597556227	0.346131839863955	30
0.097337216494067	0.43864630291916	30
0.052187546873787	0.68958256835592	30
-0.014270215849455	0.93700273557817	30
-0.00212423791135302	0.704542044542826	123
-0.026515785592574	0.959682412403736	123
0.116213261432187	0.483905296509813	14
0.12136037977966	0.73978093278608	19
-0.094949519845377	0.533517566482555	2
0.039668499506578	0.472222041130094	49
0.016725353253993	1.08450019759286	26
0.013587542743014	0.919320763946979	26
0.084099080953803	0.600512733844157	26
0.056451347985221	0.733467308734129	26
0.060133566984609	0.619494550319096	30
0.045889244174254	0.744888690924513	30
-0.011008825502899	0.925407036634835	1
0.04076712181351	0.856899508010548	30
-0.084147599791228	0.90377404872612	30
0.05077832417921	0.750971617598743	30
0.03125227931978	0.772933186481742	30
0.06090760072274	0.717519802542591	30
0.052791414466543	0.709856072466177	30
-0.00731851364112801	0.755385890430989	123
0.068859339966841	0.467227136970006	123
0.039792508621256	0.867622384857534	14
0.00321951524908701	1.07832324715354	66
0.01977514922223	0.502047459572594	8
0.122242804941867	0.210923211094122	8
0.068981853567748	0.684706782386682	76
0.109758527035213	0.300464144900034	49
-0.045144726125116	1.22250281248514	76
0.079430054273346	0.598749174282765	76
0.072194442613941	0.680886206211866	26
0.100214461138038	0.529201845047042	26
-0.019614694849642	1.13634008832876	26
-0.066421721514014	1.0524831377224	30
0.047104155675293	0.534394425266614	30
0.053842881096497	0.580355616902085	30
0.081312286690553	0.579265099357006	30
0.023713125184389	0.756568106889469	30
0.058318322678389	0.606348029320687	30
0.092553124666176	0.469383990735756	30
0.006215752092644	0.768253249982591	14
0.115585422677692	0.791989992026902	69
0.116420603203879	0.782608441037806	69
-0.035119072164984	0.727943719148044	8
0.093488579081458	0.519468866060018	26
0.014819484349019	1.10580269833709	26
0.075510293087875	0.652695030825374	26
0.088367799725923	0.40094441730823	30
0.061442974347052	0.662953813972762	30
0.062411880594726	0.765248314444614	30
0.110940717551392	0.500080980876109	30
0.084467759055813	0.488769869563889	30
-0.058514698833305	1.28924964558879	30
-0.05197362807052	1.404727777073	30
0.101445288434386	0.455960581277171	30
-0.088229848412142	1.4992202902948	30
0.092788936455463	0.534556110573116	30
0.077164104663535	0.604227951487039	14
0.117136802681465	0.451850648245044	14
0.120136941184603	0.159344719123604	85
0.064099771941525	0.652597820506638	76
0.121950704536857	0.410658098561197	76
-0.031634854959938	1.07116116904176	76
0.035010460698455	0.770060812257636	76
0.116748864039222	0.387146871702257	26
0.1219560748225	0.433594893614878	26
0.096653114507577	0.586403821005432	26
0.058968177351374	0.616780961961774	26
0.065991433472028	0.494455706943428	26
0.05413610574839	0.801712895501857	26
0.124776112032792	0.398306050923761	26
-0.039552168156856	0.7048253294514	30
0.066576909643072	0.410913462609956	1
-0.124102292969716	1.16616995465267	1
0.00252970938222	1.19431471299574	30
0.036644338360348	0.777077437220534	30
0.05423032222196	0.792409262951884	30
0.102501450870119	0.442892770138811	30
0.100021395142352	0.324359000902194	30
-0.065192065893803	0.943380338777649	30
0.046800007538783	0.883000585493607	14
0.034870094695854	0.929514210575589	14
-0.090874711056434	1.17438035709632	14
0.118995054885149	0.245483214398791	14
-0.020000688117624	0.726539808866767	14
-0.015191729763795	1.05785141087549	14
0.037085982766087	0.744074012735188	14
0.063417317959235	0.612454328997073	14
0.096806061999737	0.956613763490298	69
0.06444982129923	0.359632372362674	8
-0.112852712280579	1.03935647917681	8
0.09708049914205	0.518804566018438	76
0.055835729831757	0.921005788079764	26
0.053895306806756	0.973078465348821	26
0.065819230622838	0.769736475115062	26
0.108851252654102	0.519462865818751	26
0.110358205013771	0.51357350240122	26
-0.017489106337173	1.53948354090667	26
0.00350312597621499	0.636380426160337	30
0.078230163875535	0.52884924169889	30
0.117262881579972	0.451637271804678	30
0.112181395897805	0.439516024352475	30
0.088004185341273	0.573034757220273	30
-0.011632003181246	1.00741693987178	30
-0.06012072230135	1.39949253201198	30
0.117057483485648	0.41919325899106	30
0.045046115744595	0.904240918222426	14
0.067670204507536	0.693702500226015	14
0.069726681551449	0.506727654912543	14
0.00231471947467701	0.843783228207246	14
0.121231371808818	0.420406538169835	14
0.098378449563555	0.919307005179457	69
-0.029502436088635	0.961974293236012	34
-0.031164009857884	0.850142864512986	76
0.105126170501715	0.489608420459153	26
0.115525499069172	0.497342541959146	26
0.10760095852333	0.519858975331525	26
0.073841723626914	0.66684043019364	26
0.061003642274057	0.756096309443946	26
0.025478837713197	0.735010967685545	30
-0.030487001966512	1.12826250884323	30
0.015253007750463	0.470812664406198	29
0.072045852730481	0.3293595233022	29
0.087073735329247	0.563772905187463	30
0.097534980598418	0.488107151308906	30
0.087334471380156	0.472348449603777	30
0.111590288295514	0.477431654803827	14
-0.063640496387739	1.09544176206194	14
0.101453632570261	0.84584129693586	69
-0.018427610650852	0.958687478544607	34
-0.04695607796718	0.34775820934799	2
0.063788713191435	0.227675954373068	8
0.11144554766362	0.23011695966766	80
-0.103508780969968	1.04203745746705	76
0.031334297099756	1.08242076640089	26
-0.030819650117064	1.14238987905226	26
0.086216350610174	0.532792476163432	26
-0.016987894288337	1.12444039252354	26
0.101360885651841	0.498864173283981	30
0.02684669145782	0.567802192881117	29
-0.001823445392516	0.986875164931766	30
0.075156804177957	0.547340481869718	30
0.105888181159223	0.444134169560758	30
-0.031811601612384	0.823830999397912	30
0.05092847826585	0.554901989510879	30
-0.000907012321697986	0.503758173905391	84
0.100971645458407	0.455910522591178	30
0.07974126634682	0.530395824553827	14
0.108164907272586	0.815525460873836	69
0.124679223497886	0.711720239524901	69
0.081994552100062	0.537055089961423	34
0.037079064234694	0.692459365895566	76
0.037437684186658	0.416092164762006	80
-0.072387424495265	1.48797625669297	26
0.060012235735965	0.785102095958286	26
0.0768314395487	0.63030579896123	26
0.071079599505707	0.595004687307823	26
0.118585225204167	0.403862424642956	26
-0.023244638017354	1.10791095175853	30
0.030327680413769	0.868169754255098	30
-0.088905913988579	0.871224735557865	29
0.119611649243974	0.264851204752531	29
0.076637382845914	0.494861042085868	30
0.068557653079768	0.626936888075887	30
0.111305932437004	0.435840178107568	30
0.094611234964504	0.556759931686438	30
-0.010707852826341	0.912637115626232	30
-0.012026302430832	0.948213305332031	30
0.112781114810632	0.317792863248616	84
-0.070658843197003	1.25895376212837	30
-0.036853447257087	1.28658918356994	14
0.124441921392008	0.374001874576467	14
0.101601824183941	0.887427800086976	69
0.078730008367045	0.192666266990608	2
0.076714784825352	0.350088710352477	85
0.081687712432515	0.171009104298221	2
0.111484695159867	0.195052969943598	8
-0.024087154274172	0.966496995481475	76
0.089764089871616	0.35948754959322	76
0.107320057475854	0.512242456384614	26
0.016043200938141	0.817603218158312	26
0.068972013348119	0.636704294030083	30
0.098562199760944	0.494584866087059	30
0.094112265147417	0.539464832931714	30
0.01354590734474	0.93363527299798	30
0.086234338543432	0.512941155032645	30
0.082454324019857	0.260047969712494	29
0.068302389402687	0.604351694126967	30
0.104711926163919	0.504158409828693	99
-0.069818385695651	1.47902179224251	30
0.098080764077874	0.3898578543426	30
0.002154361861117	0.610990936829044	84
0.063368040758512	0.409334532239028	84
0.081486236606462	0.459292931737508	14
0.12221419966424	0.683103711345249	69
0.073882826119865	0.216718748319442	2
0.051298034944846	0.445457110916147	85
0.025940084666467	0.399528523300485	8
-0.09518827601974	1.60576244030802	66
0.088339684832682	0.248973760323009	8
-0.074293546492221	0.499957587748921	8
0.118161122109002	0.355836393326178	76
0.124350385069891	0.387405143992583	26
0.107400739195088	0.491073441585131	26
0.110937889405019	0.43908754825562	30
0.106474596204712	0.441803836648619	30
0.033206669474845	0.795102626376666	30
-0.096874374387367	1.63578420322445	30
0.064172473524082	0.639211086096404	30
0.044274592372107	0.801128533038568	30
0.105164962745105	0.49982612421602	30
0.033197240203285	0.879923857914661	30
0.064617509538906	0.457721477081902	29
0.063518227354958	0.353984480198926	29
-0.055160038864268	0.708474705928151	29
0.02845247357003	0.891319344868849	99
-0.012594368530937	1.12871370753227	30
0.069948389196046	0.674686981217869	30
-0.064576171810334	0.630944932814921	84
0.099570960535207	0.352460273107494	84
0.084341020901984	0.44267043579435	30
0.122341478259307	0.352116629881754	14
0.034577214316297	0.804511783476647	14
-0.019536440924025	0.990167621256339	14
0.111198050543116	0.599041396959155	63
-0.034446895228705	0.263899806731052	2
0.077089342936136	0.475282398775893	8
0.00954892528398499	1.11069035458961	66
0.109690434456358	0.442593951107797	76
0.108461047616815	0.452681941478582	76
0.116131123783641	0.46203833957378	26
0.108519602142442	0.564254952223903	99
0.067008481411622	0.684618270949469	26
0.036835866885005	0.952766723094179	26
-0.051807736252629	0.874443929717154	30
-0.017851096648397	0.796425686683376	30
0.107372416306322	0.511955105884215	99
0.037763521640622	0.813275217501602	30
0.121268643358249	0.354205721368569	29
0.111455181661919	0.337150896982217	29
0.054411093888547	0.580803332784047	29
0.074981829955004	0.492517135417756	30
0.09728809111188	0.433758729571594	30
0.002446603938873	0.62812462095445	30
0.120541848738806	0.322759414128932	14
0.11606769212057	0.287762963579532	8
-0.057798650937298	1.61037309638101	26
-0.089136674193714	0.587692558999302	80
0.11921044492956	0.502213007288342	26
0.083815536389147	0.656865286595139	99
0.023843966057854	1.03516720014843	99
-0.049380047931369	1.34821156764444	26
-0.013833139020421	1.19702728903622	26
0.032597872767008	0.818616343331709	26
0.041157615254585	0.752802508205497	30
0.082525626703307	0.647160191881659	99
-0.020364756706163	0.594797831362558	29
-0.00725603104497302	1.13496728335338	30
0.091741603392707	0.497188002343534	30
0.077340654622585	0.584800978689446	99
0.084928434608469	0.561782241341307	30
0.00429702725919001	0.802345095911156	30
0.069543754958362	0.503975356434224	30
0.036345639116063	0.687807134563602	30
-0.00352679924666999	0.985185255752226	30
0.097697120587873	0.478345884116584	30
0.003391120815805	1.06591770836119	14
0.041440221315881	1.48483613703797	69
0.107697600411125	0.403352283991404	63
0.083216483100375	0.244346572870387	8
0.039853522962134	0.778677488684711	26
-0.016107311343684	1.1141816332207	26
0.123132639997577	0.507584807881916	26
0.01149443576548	1.0047597281746	26
-0.110120482527681	1.25062651965645	26
0.032240657497633	0.676329684234086	26
0.010871331285948	1.17045018159343	99
0.043629784201996	0.80868039090628	26
0.045665712379897	0.602848682368409	26
0.029162968640372	0.656131134897391	26
0.059930132172048	0.552078793282538	26
0.082519646609976	0.641631722327383	99
0.120276973933605	0.138888798282054	29
0.107832698673482	0.295322795502908	30
0.079605683501956	0.693751948003953	99
-0.069458772336201	1.05780598448385	84
0.114979617905085	0.299967391699953	84
0.084035637808837	0.391895578178983	84
0.123169769941927	0.178152060383392	84
0.119969675283847	0.294814079132885	84
0.108443167074251	0.275925991669178	30
0.096784033525992	0.535239037379163	14
-0.03226127902852	0.811960999981488	14
-0.046491603005893	1.15426192321315	14
0.051446997963946	0.703640464113043	66
0.100853634090172	0.159825998126149	8
0.112373312758608	0.334383543593074	26
0.122340228550553	0.348438376321062	26
0.021993586801472	0.761267349871494	26
0.089210572143726	0.570037712286024	26
0.121242994987352	0.394851998472203	30
0.1090991369442	0.442738492380891	99
0.102913594869808	0.194324202227079	29
0.087610116821987	0.519640604155858	30
0.083170789781297	0.438594029847539	30
0.060276212465271	0.652425099504497	99
0.118570303171819	0.453635439650476	99
0.090658496973644	0.46692690046636	30
0.062976038539012	0.582550573185315	30
0.014350043116269	0.674646477392266	84
-0.028344590797267	0.476698344303158	84
0.082857769365427	0.613707143670306	14
-0.051661829653148	1.30953285690771	14
-0.108241719027432	1.33503860962462	14
-0.109556402388213	1.55990642691714	63
-0.044499035317061	0.548859961539165	8
-0.003228582814509	0.82872689112027	76
0.002088920065698	0.354574258287698	80
0.017320119060112	0.966070922523335	26
0.082926204774572	0.47913681625869	26
0.10774787573466	0.285042190281224	26
-0.03394580737558	1.17604349313519	26
0.038668247353395	1.05935243010417	99
0.107295781728046	0.596839666372159	99
0.042198352529049	0.698575280041663	26
0.037458260522873	0.913178292644865	26
0.080959972298972	0.461208978330635	26
-0.042857065709152	1.17409610383375	26
0.024372956986562	0.699428560698347	30
0.043378784767651	0.627689129650371	99
-0.008585972032294	0.465085811266958	29
0.118092470093929	0.332830776444608	30
0.014781434055609	1.09564417320035	99
0.064639203606051	0.405735849467322	84
0.045292585163945	0.320963723662567	84
0.023383866500706	0.579864441404969	84
0.074665627261552	0.563301613318262	30
-0.025599589471526	0.633308189712301	30
0.111001176793943	0.522342478014569	14
-0.041999578175799	1.23598160977679	14
0.084861024490761	0.503195138927606	85
-0.033504395854801	0.317420692863763	8
-0.015195039634415	0.417355408418727	80
0.088602802085263	0.13236325477037	80
-0.093370085993525	0.576433205113188	80
0.051012666644658	0.55012743088971	26
0.117569168719883	0.451372915004219	26
0.076129607349822	0.674915439441781	26
-0.114745842148082	1.58759879980195	26
-0.123182760655443	1.94651202756297	26
0.122963726999775	0.555213789900795	26
0.006876553123009	0.949645613279096	30
0.039687438596124	0.6364233160149	30
0.079101140695351	0.621144283148887	99
0.09057183991931	0.647364635207747	99
0.08750035574056	0.56445295902264	30
-0.040677016740371	0.958465109229737	30
0.043834000189575	0.828322211685577	99
0.101205882497867	0.712010409003373	99
0.058516030901915	0.496687853191431	84
0.11236182538572	0.319058254044915	84
0.001975477932535	0.798281902126714	14
0.097986297319347	0.472633170844825	14
-0.01773210607927	1.18699399867508	14
0.122588665323609	0.7203679607761	69
-0.069619399262744	0.459260198471272	8
0.00144320501680001	0.402004210577544	80
0.113307438107315	0.488751619659916	26
-0.017130863197436	0.728681032025385	26
0.121250648719868	0.471062376251525	26
0.079574211167611	0.731254122436733	99
-0.00367885870610102	1.25183944302169	26
0.110955711723757	0.601380890642841	26
0.081925303797565	0.309669861886986	29
0.103135361297669	0.226987589739132	29
0.057847690877153	1.05508474816118	99
0.081463023081702	0.744196044939936	99
0.034018671894046	1.04977407274909	99
0.091133495527702	0.681361081955498	99
0.070672463634215	0.573308850872797	14
0.108462497233204	0.391867728331925	85
0.091499133840136	0.201951172911082	2
0.097376650034994	0.306119732536035	46
0.081321844040118	0.283386998957493	46
0.044624822373228	0.591417502378296	80
-0.015097578536229	1.66308592923203	99
0.086729693866485	0.719556636046228	99
0.098094693025753	0.62821963806764	99
-0.079474668303189	1.13046764326488	99
0.050614067317265	0.900648148908423	99
0.066690430233353	0.759038722278845	99
0.100427591978013	0.635129999165772	99
0.088265882544687	0.642741878698729	99
-0.050951807525644	1.62348440690358	99
0.058136807582919	0.720899957764747	30
-0.093026434917681	1.49764959411773	30
0.120832389703069	0.554945251873743	99
0.112506603992851	0.48335965162699	46
0.111851484599861	0.342264972612615	46
0.070505357371409	0.733090559588771	26
0.076658529706678	0.63095716131747	26
0.037167603707656	0.786424259452196	99
0.09375451421222	0.516311049927832	99
0.00789870367027901	0.648920557748467	30
0.062573294951095	0.396011272409027	30
0.050884501095565	0.471859591062897	30
0.010257858302599	0.676409405157004	30
0.115082268854336	0.427462468136436	30
0.078795832622017	0.551037766130256	99
-0.025991263211388	1.20381691137442	99
0.042294639787951	1.04116201811544	99
0.071776872501662	0.57420773331801	30
0.020487770180791	0.97153030733764	30
0.018239491810373	0.991356693324661	30
0.072274473172167	0.527286917300987	30
-0.034596237225526	1.23171816007583	14
-0.010831438306695	0.771952171706874	14
0.121937890605475	0.405665979717996	63
-0.083787055495554	0.626267570517141	2
-0.101707197064925	0.524829378101623	2
0.056424519983818	0.628151092979515	99
0.075614678168339	0.534008657984259	99
0.090833011994887	0.720030523160494	99
0.103502270598734	0.577351642292135	99
0.079075788818724	0.628607336491589	99
0.092536536308717	0.244040334692322	30
0.060792396063817	0.277651323905506	30
-0.056597091571429	0.669360008316348	30
0.050368900647355	0.66741840037928	30
-0.019315361504361	0.777456902369308	30
-0.030326470578612	1.2527888191199	99
0.086109072674671	0.587782092612796	30
-0.024181486151149	1.53832380010694	99
0.086428758821039	0.559768196019266	14
0.087777101029369	0.43075075470413	14
-0.09217292625005	1.06278778785804	133
-0.077153299496268	0.638873299233143	2
0.002405722899507	1.30059476913158	46
0.03518465028074	1.36083334004577	99
0.10079221475791	0.720912468210017	99
0.07056114719975	0.671571001733346	99
0.044905687116012	0.956519526495542	99
0.103137019437267	0.624909638430566	99
-0.031719096834349	0.809578291894681	30
0.117045492977642	0.296137364766752	30
0.090117550030336	0.65485400307742	99
-0.00143874307731501	1.43127333728247	99
0.041824489253893	0.816390314737779	99
0.064526829724127	0.695105061710073	30
0.08584828735754	0.260568308243659	133
0.02861780165002	1.13172423648831	46
0.044591491860914	1.25019029281911	99
0.069204788457527	0.942438462278559	99
0.095994700024176	0.548109024208667	99
0.12322666622007	0.498418931000174	99
-0.087306091069986	1.77795675969473	99
0.067944924796671	0.803315095885759	99
0.065926286623684	0.777422744261478	99
0.116692763029453	0.533668993593459	99
-0.003972465580594	1.37923658451671	99
0.091799240860362	0.492093572841961	30
0.010341310777693	1.13874800990519	99
0.013666061659824	0.955890802255756	30
0.113104398717444	0.359630176228485	30
0.00385279691307699	0.856987997488583	30
-0.083821030981196	2.08359335314716	99
0.085698756344003	0.620970488622412	30
0.060150446442498	0.879651203558979	99
-0.033327089248607	0.824325056605765	14
0.011342894019833	0.718669509646944	14
0.072288172906754	0.650035247622348	14
0.094798253009683	0.554065829036474	14
-0.042624595875985	0.46044110727839	2
0.103130497164046	0.560148556058984	46
-0.038132862521503	0.821768302830122	46
0.112041408919912	0.348475430138491	46
0.045445459108014	1.02912985552309	99
0.061210565241142	0.821716214323943	99
0.103238803822616	0.652773346173031	99
-0.011055340824219	1.49447385642294	99
0.00943964228631999	1.1382227152599	99
0.040051229715246	0.970621219493412	99
-0.093618616535867	0.964449387097636	30
0.095629025800865	0.527314254694394	30
-0.0031378238075	0.673854156171619	30
0.114033353796185	0.412797043874522	30
0.055827239050033	0.974832151874208	99
0.079905800384679	0.832273869710259	99
0.110851261828713	0.521871818013741	99
0.008166971352529	1.03941977185795	30
0.111622510473438	0.545673873676189	99
0.110376776450109	0.400065089054788	14
0.031285487558937	1.01275350989764	99
0.092484823176151	0.511608011043082	14
0.122698444050119	0.345672338490004	14
0.096063705124621	0.716899247522158	66
0.051708129897475	0.829419588033639	99
0.00329524063801001	1.12368707411176	99
0.022208092860718	1.04522689818663	99
-0.093384218529914	1.990693231292	99
0.113660760108605	0.499744229673416	99
0.087832727999969	0.609299372581691	99
-0.062274014916683	1.88350267417304	99
0.092669312434231	0.729279065204787	99
-0.019484968644041	1.63622742582193	99
0.08539719445598	0.433363828019208	30
-0.047049816242653	1.31896440401706	30
0.047318747789623	0.54511378434112	30
0.018390151053734	0.712198296032221	30
-0.036967004257393	1.47752945519783	99
-0.072277146019282	2.10585903641142	99
0.124858587311585	0.270792322364814	30
0.054633026619065	0.587437593030946	30
0.054323933240026	0.809893722444098	99
0.118261455701145	0.459805352528418	99
0.07627119890318	0.804262312817113	99
0.11166021912962	0.287636146634544	14
0.066549182173035	0.437235331818453	14
-0.077510114934389	1.53942701138231	14
0.094358056042956	0.362361962035377	46
0.069152254813186	0.968239534340862	66
0.045500621939327	0.8153847708652	99
-0.10109747593312	2.2857817308522	99
0.042428372823096	1.13558737226949	99
0.110037134358928	0.59599380339186	99
0.083642360141556	0.695941776643735	99
0.079873774098679	0.735589359736315	99
0.108619147397219	0.379149908692659	30
0.014408520533534	1.15733703311465	99
-0.027427208375787	1.46457124866024	99
0.122226426011468	0.448169724920954	99
0.065144698750659	0.811273555159131	99
0.081923677431604	0.681298968178059	99
0.093974411005834	0.45685440775057	30
0.102174688658734	0.517721736941624	99
-0.098828219903072	2.0040971431567	30
0.078655864637944	0.714097043207431	30
0.085313584553608	0.532389448407645	14
-0.041128528683027	1.35489052637833	14
-0.12181868409192	2.17763958787355	99
-0.020371673724342	1.81815466967524	63
-0.081051875682069	0.800775539845899	46
-0.095263617601511	1.4671174302256	99
0.119384502505567	0.615303851886014	99
0.030366815842439	1.22798235311483	99
0.117695928973362	0.518071635107824	99
-0.013168265336922	1.67387487819826	99
0.068166397204618	0.867404338208718	99
0.11100691717188	0.586434746312684	99
0.094770113385989	0.538419722262588	30
0.111782305019937	0.402391488944696	30
0.037700324680172	0.883503822124884	99
0.081074541317491	0.524943636116009	99
-0.043932783441327	1.72362969736476	99
0.055417384968787	0.824186500305656	99
0.067140247614184	0.800186501237075	99
0.106924084977819	0.531046369477578	99
0.107870023780934	0.541729533671587	99
0.104589055089064	0.558679386070373	99
0.011659795483304	1.23390717211282	99
0.025632119828755	1.02539924546638	99
-0.034664058740022	1.5683172220092	99
0.046989008108462	1.10084292848524	66
0.100088612327604	0.574272233747511	99
0.112496945915218	0.579138765780088	99
0.122766955908934	0.574002527156478	99
0.05339829841363	0.94684793410556	99
0.05806181975605	0.724635567496713	99
0.073940067323141	0.87719468518211	99
0.122263410341112	0.452615235454125	99
0.092825872491814	0.45139678805541	99
0.106349358109577	0.444043233438075	99
0.02756072877372	0.989136876526041	99
0.117420863780803	0.48480217618484	99
0.087761334926433	0.766351693553132	99
0.100598663311064	0.463752161317227	14
0.040262073744376	0.634039583763486	14
0.09014194049959	0.53035755047384	14
-0.066587850964882	1.24975113884701	14
0.085588889874303	0.635430764409575	99
0.023395705557027	0.789606738143422	14
-0.044941618623622	0.508131725322516	2
-0.105096113584312	0.94812228756437	46
0.116276866347931	0.590821022555326	99
0.083770710096044	0.84907173285133	99
0.112509534527903	0.526996603231345	99
0.089295827608138	0.852689941879048	99
0.111113042605286	0.497700100169719	99
0.104557242070789	0.61967295706818	99
0.108912108025283	0.634222253232968	99
0.082630220178776	0.674719645651034	99
0.041882743684673	0.983851888662888	99
0.102708264445688	0.58071434661294	99
0.096192821826224	0.66126434237803	99
0.108371163345802	0.563976377295349	99
-0.023391530402145	1.20425980839836	133
0.122310821884439	0.444478781143575	133
-0.039223532430386	1.1519792604197	99
0.022078616032326	1.20563327607387	99
0.098502433611106	0.670129031658795	99
-0.072459840240132	1.71078367051286	99
0.0647924818401	1.11521710058577	99
0.061728307049455	1.24140825626927	99
0.110147081188839	0.512508837559637	99
0.064100885310392	1.102102968474	99
0.071640670578955	0.488740550327102	33
0.094915724829028	0.60408844658885	99
-0.024989763228133	0.937433343966882	99
0.069701823559475	0.672974230469397	99
0.111813745430862	0.701956785906055	99
0.087435656503877	0.756950907206439	99
0.104868143872778	0.459049197457145	99
0.109192726871662	0.521327685322069	14
-0.087818451526983	0.121644489992568	64
-0.014446834310578	0.677719153177584	46
0.107120618564271	0.712238463426587	66
0.105536838674601	0.33205110570729	46
-0.012556031405923	1.07959005095587	46
0.113228507536627	0.726489269014761	99
0.10436256752477	0.712206371139499	99
0.120418693013089	0.653472012721908	99
0.088195886404395	0.92778880036465	99
0.03181529730607	1.40045282971844	99
0.04118437063578	0.930133732770893	99
-0.060878606209389	1.27490381682822	33
0.112598968559281	0.535777155853512	99
-0.107129780056001	1.64092158355754	99
0.090803999669902	0.617734763960975	99
0.050181689491933	0.829641656746178	99
0.068180586572767	0.733726153818139	99
0.09421971667302	0.697478270888233	99
0.064184352574891	0.791893196114807	99
0.09473676655713	0.448443505698346	46
0.065570615253134	0.482403879711414	46
0.122749896919948	0.205123301727157	46
0.016508280727046	0.556935871189957	46
0.034507641106375	0.477866247328173	46
0.120787071808135	0.288328356792393	46
0.073844466906833	0.49317030198915	46
-0.107213510535859	0.772083794163082	46
0.076895371502768	0.342548038456141	46
0.03166171896363	0.496093280288619	46
0.093570595413262	0.333409389735465	46
-0.078098368445308	0.690463962160341	33
0.072911314807225	0.320062163380461	33
-0.089273503912637	0.652150653603115	33
0.12111805354176	0.198598284829753	33
-0.097753679102303	0.928473435280684	33
0.090735338947736	0.356717377849889	33
-0.043177711009029	0.529361913321678	33
0.112914019040751	0.221975626917438	33
-0.109056821163229	0.743613102081389	33
-0.010989569407915	0.50484412986558	33
0.100374865389736	0.287221071108887	33
0.003240261528381	0.317208000348345	33
-0.095974693364451	1.02937684358142	33
-0.114979200654038	0.579350609320636	33
0.082198993275872	0.170417720130704	2
0.099434212988371	0.218890331384524	2
0.000877604013821004	0.797210172235596	46
-0.082659802464628	0.496279578636211	46
0.105951197428925	0.221817593437371	46
-0.013400547552891	0.719648020688289	46
0.105152580933849	0.349889665822178	46
-0.099374462734949	1.28995131323068	46
-0.064218771771196	1.07356400502836	46
-0.014964595259646	0.90483296776555	46
-0.086301219809917	0.984373683392584	46
0.115156143030555	0.368485915177297	46
-0.022210510879221	0.930844830497927	46
0.088658514729762	0.388657320304283	46
0.112144290228037	0.305779461394638	46
0.00795454837516901	0.508725900493489	33
0.028362406017817	0.445246663667511	33
-0.090989139282724	0.592068604103662	33
0.012512815884049	0.507232706319923	33
0.039676954040408	0.434567810250061	33
0.104621602641845	0.301375826601693	33
-0.035609248649753	0.557156723840727	33
0.026042961749082	0.420234453288184	33
-0.062020754811948	0.641011417839031	33
-0.052473287897729	0.742560454847795	33
-0.108307111999607	0.856465218592063	33
0.037424803645216	0.488348067478337	33
0.0174576206382	0.547834835191967	33
0.035855962478332	0.46447794496409	33
-0.039040770163107	0.81934705527721	33
0.082911285985104	0.370016394190029	33
0.057638800816499	0.0526410097941502	100
-0.087219000639949	0.121433637368891	40
0.029323226954579	0.208553488583773	40
-0.065166529840585	0.197719857016009	40
-0.071864859133588	0.249996573619842	40
0.120979855388964	0.158053710902838	40
-0.117629274909753	0.450373612222358	40
0.075019489255651	0.231938910884955	40
-0.112011717661691	0.379584043704116	40
-0.014785297733631	0.147382442810065	40
0.056047013732263	0.0751488740138416	40
-0.047156386593331	0.315467235748219	40
0.023396928536593	0.198258569433827	40
0.059308477609864	0.193103594666566	40
0.086038380417901	0.134720066600183	40
0.118986175278405	0.108565421383688	40
0.043687103797183	1.31480027569964	36
0.101090384714086	0.279802199024553	78
-0.044670174168509	0.882395611437473	40
0.022083823540247	0.199596597811583	40
0.057890418408278	0.542031897519462	127
0.102278102479814	0.195305101659668	127
-0.045366600022515	1.09190124882965	125
0.082811881737581	0.307640349172768	92
0.025671625363151	0.596591251476762	92
-0.090446315679524	0.489768368209775	92
0.00727224660887901	0.605240464795512	92
0.098273722204515	0.449070597921885	92
0.051591410040403	0.646912459608331	92
-0.00487997905302701	0.692318564870586	92
-0.095026572330789	0.711816883345898	92
0.063302663654739	0.255871946087902	92
-0.022538247108777	0.214742082316993	40
-0.05664584851087	0.819628568644601	92
-0.072708337503698	0.674550410385685	92
0.074739083885868	0.263932977192485	92
0.00610734880451	0.360208503350793	92
-0.000779399997485997	0.35971943789794	92
-0.056237156635775	0.554059573613268	92
-0.009957667433657	0.224569402947865	92
-0.00162389987852801	0.510842873127686	92
0.094769782080657	0.182577136699973	92
-0.044948582314915	0.641322199739136	92
-0.025093019373388	0.775009904263011	78
0.07726980949954	0.619818912682073	125
0.083234321885186	0.554019241891495	125
0.077209324993753	0.609245517723061	125
0.116051256166122	0.698108981837265	125
0.097119455096011	0.750070011841959	125
0.011506956683466	0.864710739677274	125
0.075418790438066	0.526488666674008	125
0.03342167961066	0.898946393475235	125
0.039844441850168	0.3472923938518	92
0.035341495423367	0.976513281360055	124
0.057866433441406	0.61117207295118	124
0.05090603982919	0.570052929736811	124
0.119049023891476	0.288821035730836	124
-0.052524125228055	0.759021586528137	124
-0.037605821842623	0.728613734776215	92
-0.083669345361508	0.687548822506669	92
0.009990185853958	0.656527808190937	130
-0.014849272101251	0.281602588925957	40
-0.023475720911126	0.834773875652811	92
0.056739882553182	0.378553221201059	92
0.10294304778246	0.305624298070071	92
0.057413592926405	0.365138163216494	92
0.116553752952689	0.275239895913833	92
0.051445054932025	0.419429655688006	92
0.079729678369843	0.286698586050707	92
0.061981609287552	0.26683707924331	92
0.075497719173882	0.214418998782088	92
0.075394134796334	0.205888660890182	92
0.105074865630386	0.197126980203589	92
0.063465482685506	0.306093833741073	92
0.070091644104488	0.280349982472527	92
0.124304375887273	0.171324496889586	92
0.094247986259352	0.234328921600357	92
0.099158766540939	0.169352275794377	92
0.109614057395446	0.186375336265916	92
-0.003605031548087	0.38609418170643	92
0.088025815745963	0.221863602091111	92
-0.024561794415992	0.365457521321498	92
0.111863432867954	0.162239439296714	92
0.119268171029009	0.166186419266048	92
0.108198698196416	0.206317159615195	92
-0.11692350210109	0.333480835589368	92
0.020661535403172	1.67937708453007	50
0.078939008341566	0.920898689524577	65
0.025548608416416	0.699197067150278	65
0.059171690977634	0.575694107841737	65
0.081968230945866	0.39532484765586	65
0.03676267642102	1.15490246172877	65
0.025288944758687	1.10336388343143	65
0.062418918409792	1.00497089859335	65
0.100630461066196	0.497835074311985	65
0.048340695072292	0.592057037600823	65
0.105559359642876	0.343849837431729	65
-0.071907589406451	1.73219924753138	50
0.113287090436982	0.376609775960063	65
0.11112650626235	0.466230110198072	65
0.090865804620433	0.500830075645457	65
0.075262851558336	0.62265477151407	65
0.068530581104947	0.573081873899457	65
-0.050688739277482	0.787615956174586	65
0.112906176999757	0.308345069404909	65
0.123613049860314	0.250612421662532	65
0.080402306243083	0.465764354855702	65
0.017380199376217	0.768986427868075	65
0.038157570156216	0.588532019860535	65
0.027870052828054	0.462623752011957	65
0.020854860992146	0.460472267810239	65
0.020877718884883	0.584266396113929	65
-0.018656929702672	0.894227897198691	65
0.092048257601416	0.436783017133264	65
-0.066342784152486	0.589577447002942	65
0.056872863602215	0.358264216697217	65
-0.08804210584661	0.836465498914484	65
-0.010850741566832	0.483722258214054	65
0.062579239425117	0.38801721284231	65
0.049156634330594	0.538497887740614	65
0.014218131274908	0.597015423093558	65
0.092399807891599	0.36597084727951	65
-0.120673161951095	1.06289482359326	65
0.117914558751451	0.761423354904752	50
0.12219501785492	0.724977240328356	50
0.066790788077897	0.990729980049481	50
0.02777744561844	1.53823819403115	50
0.109697223484313	0.632095464142952	50
0.119110075624857	0.729862708712727	50
0.101004710581999	0.610712271348895	50
0.081327702661804	0.574069753608313	7
0.102203812235634	0.501662356593892	7
-0.016462892435855	0.623914662980407	7
0.080157183311249	0.334471898639064	7
0.109809210514477	0.362001565446344	7
0.030624886781436	0.459409776006959	7
0.016194237379889	0.606610809414421	7
0.098985596485046	0.475552478769212	7
0.097956993426139	0.47076303081268	7
0.120932835833394	0.394514224924081	7
0.098658630485448	0.504714999182517	7
-0.115553245015165	1.11128877602632	7
0.000387292094296998	0.561482857097827	7
0.030825198922528	0.581902643261352	7
0.027539560725787	0.732861541874122	7
-0.00998638745999197	0.908920155337971	7
-0.123697563916522	1.17508382552514	7
0.030107891627475	0.638465830713789	7
0.083087046057116	0.560630403304703	7
0.019690834235693	0.935016452789686	7
0.070181457357052	0.695879762242406	7
-0.107626106693754	0.820188823974026	7
-0.081442121894949	0.589336311106756	7
-0.122570493312765	0.773611535199209	7
0.059327771185435	0.393304999252223	7
0.015344065633471	0.750011630231055	7
0.091313727321414	0.303580153339219	7
-0.047322705938335	0.606925616784959	7
0.080244171150361	0.437548690690512	7
0.084364688159446	0.43444119127727	7
0.104296136956388	0.255691475272474	7
-0.000665747356987989	0.451844417867322	7
0.092481464004507	0.357518582045931	7
0.124526422678249	0.542458444739754	22
0.117976000416388	0.600874280230655	22
0.043117902973985	0.617704367934249	7
0.064005532684857	0.271877130588626	7
0.018025039044576	0.991768093864343	7
0.044330097198192	0.587527898992248	7
0.098301042687675	0.350939107340379	7
0.098610286604131	0.933514919350102	22
0.123918643316747	0.617313587597123	22
-0.016362408532426	1.07601848538175	7
0.116225600992598	0.457376554052393	7
0.124340397970531	0.358688745810664	7
-0.00848144726384298	1.4826841420712	7
0.021384248073625	1.52475634783209	22
-0.01294533353888	0.775539555626359	7
0.070326763264541	0.718550868718353	7
0.045166746950336	1.05012998877513	7
-0.058412196131883	1.28231531153818	7
0.088159184243555	0.727161821246527	22
0.060365138951922	1.06636529270511	22
0.071658722523392	1.08645902907263	22
0.101667539072002	0.705291246914852	22
-0.02052308779475	1.89797418650636	22
0.119759134567516	0.694931334748722	22
0.052626515730593	1.19435142212044	22
0.043137645455871	0.999318811290246	54
-0.00272650966146698	1.62821641709785	54
0.124442051041562	0.663659429116468	22
0.110562450900861	0.744864226384827	22
0.012850942897039	0.996326563819088	22
0.102290672352373	0.739236866478913	22
0.099765995573814	0.678993080498638	22
0.107379702687475	0.862234194368997	43
0.122084037615387	0.477861139369374	54
0.08644198070666	0.509315736378174	54
0.098794404244826	0.41893626727589	54
-0.058122052376591	0.798895071481754	54
0.079669779484808	0.815040807298485	22
-0.030393814141169	0.481554856721312	51
0.080149227896155	0.550482995299137	51
0.114108250013199	0.33523589407202	54
0.120616527430592	0.429633070868313	54
0.032511190136153	0.310266781201215	54
0.030672913011324	1.55558245884519	22
0.089298342391496	0.380900660621476	22
0.12398221260301	0.365491480015717	22
0.014803614305708	0.420623235536626	51
0.11746245339617	0.1927816466882	51
0.105806989027483	0.282136894078527	51
0.087203539010572	0.451349984129857	102
0.080804027452449	0.578725526405634	54
0.01570696891843	1.63978438903253	22
0.073200089765249	1.08677102874423	22
0.069036939770239	0.897366911496661	22
0.061606063898503	0.318180502439486	51
0.094360686302429	0.422778256875454	51
-0.094838119235569	1.37988024570483	51
0.116755694511549	0.34113550845384	51
0.091646688285524	0.917894133272034	22
0.122978010212808	0.719665164698464	43
0.08818710981524	0.942513185805412	22
0.045283019594806	1.18206881077174	22
0.048937045555067	1.09227568017479	22
0.080029710149635	0.740192400765116	22
0.097824442414445	0.882586180112129	22
0.056473855528889	1.2527612772313	43
0.086841276809522	0.947674243407862	22
-0.04679282587779	2.03213260097525	22
0.105894686468771	0.783395863876248	22
0.097599495550088	0.915613931964621	22
0.088405285415043	0.879167510342657	22
0.064256892745769	0.996480316455025	22
0.053907875159367	1.18556251491485	22
0.081556464884678	1.02741093264576	22
0.00742883859717999	1.60306287442384	22
0.047719124954293	1.13238279052011	22
0.121496266298772	0.717077253614502	22
0.098417970147224	0.682389050235384	22
0.104482392540065	0.534330908981199	22
0.068457907126441	1.09680395952534	22
0.05564426146415	1.23214035650514	22
0.102855137411943	0.634722009422463	22
0.111375483890778	0.697490836749759	22
0.079262071591786	1.00252933679274	22
0.090742980553935	0.900760990358516	22
0.058502108111837	1.237590651188	43
0.113292378180485	0.801977033628239	43
-0.01211472897582	1.55853393384344	22
0.124886559162279	0.401698955929684	22
0.106032711362884	0.535566883654282	22
-0.024428793728779	1.26707517527296	22
0.124614154271326	0.56613637808848	22
0.035963055951068	0.905330372325656	22
0.026237176651334	1.14188096385597	22
0.123669024186989	0.670986370644661	22
0.104881537261023	0.698736262424819	22
0.019104832641317	1.25435505400621	22
0.11595727101383	0.633900138739469	22
0.077838425290655	1.13591716933151	22
0.054180575939179	1.23186001428891	22
0.109662438091279	0.822058493035709	43
0.119671175140232	0.702372552442032	43
0.046323230452306	0.697875423351907	22
0.101420010304202	0.629879597276024	22
0.113058987808013	0.563699956893707	22
0.054744658791659	1.01366266509508	22
0.116579679060548	0.750489029417389	43
0.107500751615921	0.817015684819137	43
0.101409051945474	0.645761870600698	43
0.070995433632095	1.1856511328875	43
0.014317366562505	1.6011267239224	22
0.109394927020117	0.76558817252349	22
0.117153131480107	0.747923767347917	22
0.103348241673409	0.823738634948936	43
0.00669025107413501	1.86695589700533	43
0.081886667508779	0.903203567483109	43
0.111679420754237	0.763480413726757	22
0.111909151662282	0.810274679853052	22
0.096913788093217	0.830651285089139	22
0.112269072430866	0.764412191917624	43
0.056351087509617	1.1298649643531	43
0.088270602062019	0.946555244298971	43
0.120363065121086	0.674833411358478	43
0.10532018106434	0.820111134837342	22
0.058636541527225	0.775622326723016	52
0.09960750849809	0.545086613304924	52
-0.016014017597961	1.25537389727752	22
0.062000692658951	0.898465837795204	52
0.055076240341355	1.20803748031988	22
0.066444790692313	1.15847699647857	22
0.124971080633692	0.669142841267608	22
0.082283186802418	0.804660815398589	52
0.099629897846934	0.822456017643859	43
0.121269772596337	0.662414977256631	43
0.122854903980466	0.487607550856564	22
0.083217089148768	0.892948139519008	22
0.118274071537287	0.680231217127605	52
0.047452041475648	0.945096383951083	52
0.079450042880415	0.807403078709195	52
0.074363676368533	1.11297856821007	43
0.063967144846911	1.15569313117965	43
0.050571063516293	1.38726042362112	43
0.067085592619573	1.03754507860114	52
-0.05265443258908	1.63875580276838	52
0.114323838739608	0.530887621609362	52
0.109851611910065	0.630099115861901	52
0.081829246175898	1.03714368524325	43
0.059082442019717	1.16692621430228	43
0.098926109518136	0.878390385522382	43
0.050604509254333	1.25019235333459	43
0.111176375675326	0.802458805751693	22
0.107208202512783	0.611684057534553	52
0.120134287652721	0.738565594794631	43
0.08580671561032	1.04747689445383	43
0.080906161821055	1.09051551599755	43
0.091963048965882	0.986996505053573	43
0.12149253744358	0.561186014753142	22
0.124900939581656	0.666925599937781	22
0.028436547125129	1.60883812481018	22
0.105181824258581	0.878870356530005	43
0.118664300298097	0.441143209997246	52
0.052812103713162	1.38425083248521	43
0.095852006258235	0.770507203437403	22
0.038758175461888	1.50876599353745	43
0.075296631780363	0.570090176012629	52
0.109352872395069	0.838528622049282	43
0.094317944929477	0.975514307044804	43
0.096725531312001	0.953223666991183	43
0.115851498510278	0.788034051981903	43
0.10053550681629	0.774098513501246	43
0.111149796812495	0.7251721661463	52
0.00454042258780801	1.92290394898719	43
0.000208379496964006	1.94807958249631	43
0.011701803570269	1.65984427948889	43
0.081243542602076	1.09952909721665	43
0.118065477071313	0.655026443827597	43
0.101028897180744	0.901376280192524	43
-0.00622893057027402	1.49766700072165	52
0.090934931326275	1.00822885725646	43
0.060552614330365	1.28888968168734	43
0.123111221746822	0.723041296554111	43
0.086577170294327	1.00212923285634	43
0.110901842700335	0.631564444847659	43
0.079490445896745	1.08752073760512	43
0.089218437981625	1.02248010646838	43
0.024191525940444	1.63020064926393	43
0.001877829713646	1.72694714097516	43
0.109400244224255	0.711176514146137	43
0.123525773780622	0.649572633442404	43
0.105049519392295	0.865367197292865	43
0.025105894114474	1.51676253972756	43
0.045981143391584	1.04788181679749	43
0.117628605477353	0.618839722125494	101
-0.055235052488813	0.778215210628676	9
0.065771010742442	0.783106904418789	101
0.110544223058627	0.582092532264262	101
-0.020263266060316	0.740629460613516	9
-0.020982578249292	0.784373955334544	9
0.050733361253135	1.41871534413564	43
0.124080034692551	0.636684558599038	43
0.100938053766337	0.903323124595546	43
0.114188213471823	0.773111084096697	20
0.070732004628648	0.398993404078541	9
0.067780773426536	0.50671020957753	9
0.108374411832457	0.468708965430342	9
0.107012563867645	0.500709987747302	101
0.096612446586012	0.787680176435466	101
0.027169058341393	1.14665871257462	43
0.108610289442704	0.800683309660182	43
0.079435040161975	0.466768185876476	9
-0.031557028187153	0.830603568485095	9
0.068983122924918	1.21945422706897	43
0.109890284074329	0.702035515634498	101
0.05870474867595	0.996745074965575	43
0.086346640862956	1.00924693527282	43
0.063525926814775	1.26922811528339	43
0.052994809067657	1.01195168036988	9
0.07375549992638	1.17007504633341	20
0.087433495519618	0.810057463782477	101
0.093613701939621	0.98563886520864	20
0.111352534376909	0.811700316762288	43
0.053591318147567	1.36966169375724	17
0.120751763932381	0.568297175327045	101
0.086827219554548	1.03571273037073	20
0.060512895633847	1.29244949845337	20
0.082804244771449	1.03454203954546	43
0.004794113585432	0.977452693429387	9
0.098468185808714	0.926969113816074	43
0.112226799070359	0.767526377420952	101
0.087242907988378	1.04465419160393	43
0.12396632124773	0.722587780594063	43
0.111847323958093	0.763231812948812	101
0.116229911910734	0.691820766332769	17
0.015889756713651	1.37171565908352	101
0.080078641670895	1.08149331267205	20
0.116445712080675	0.756228349097324	20
0.083773090151677	1.02441469646512	20
0.033244256907248	1.60072213417272	20
0.112146720315064	0.813653238721038	20
0.094420863745726	0.74263293809597	31
0.111518254090727	0.822299614247014	20
-0.06364160586471	1.64053968360804	79
0.054381620515502	1.37552681525953	43
-0.057874988877319	2.17125566970943	31
0.097347117047719	0.764019088311266	31
0.022427251808377	1.51809340166386	31
0.107484304211383	0.480787833142907	79
-0.017093179243019	0.733662366303722	79
0.037799529991075	1.12195970690161	79
0.095578800537818	0.799627254065405	79
0.087955214558157	0.614524251631244	79
0.122770030516566	0.58681425286627	31
0.085168628923704	0.70022666211032	79
0.013330721195445	0.802938089387665	79
0.023919231029596	0.573476810030294	79
-0.078730099129661	1.01672908775745	79
0.092038376291108	0.850777674985527	31
0.071400770345034	0.649904350777871	31
0.116153557711896	0.471463051647633	79
0.083865286587484	0.851784066608037	31
0.12449155372724	0.670517767040204	31
0.113909530681876	0.596269557435819	79
0.076732027706689	0.969761300343453	79
0.066911087683965	1.24435335058904	20
0.112828212995776	0.624207277715639	20
0.103767886702558	0.863794834555564	20
0.12364829437291	0.717737352685329	20
0.094605379552966	0.973598799396737	20
0.111781126584343	0.804201367228941	20
0.090901568045607	0.988492151701355	20
0.119113649921445	0.716100440901771	20
0.113143065052201	0.809340968786021	20
0.090697391864279	0.941116093992118	20
0.054391195994487	1.23843649751781	20
0.115352424410793	0.712192765252906	4
0.113850412232681	0.766478650517159	20
0.117071679724044	0.671773882126794	4
0.081864827857738	1.08195727924375	20
0.080935722143586	1.10388899733895	20
0.110470432749034	0.80096629937919	20
0.009735795878066	1.89347877181537	20
0.061967614522564	1.23933439771201	20
0.089590043570549	1.01980409907612	20
0.114292491824497	0.665312975520805	4
0.016187316376645	1.72208723067498	20
0.095125768749586	0.881730192751192	20
-0.010000540462343	1.87010247302309	20
-0.026062254088517	2.07686070215157	20
0.105479516181927	0.739005231259065	20
0.093241275879065	0.725086611262786	20
0.0478997274193	1.36546398649128	20
0.08894606572898	0.901503539175726	20
0.082340032884474	1.0712887477471	20
0.085792102753383	0.952179260903162	20
0.053950336540029	1.23189222484859	4
