group	fill	colour	clickSelects
1	#FFFFFF	#D3D3D3	30
2	#FFFFFF	#D3D3D3	30
3	#FFFFFF	#D3D3D3	30
4	#FFFFFF	#D3D3D3	30
5	#FFFFFF	#D3D3D3	30
6	#FFFFFF	#D3D3D3	30
7	#FFFFFF	#D3D3D3	30
8	#FFFFFF	#D3D3D3	30
9	#FFFFFF	#D3D3D3	30
10	#FFFFFF	#D3D3D3	14
11	#FFFFFF	#D3D3D3	14
12	#FFFFFF	#D3D3D3	14
13	#FFFFFF	#D3D3D3	14
14	#FFFFFF	#D3D3D3	29
15	#FFFFFF	#D3D3D3	14
16	#FFFFFF	#D3D3D3	14
17	#FFFFFF	#D3D3D3	14
18	#FFFFFF	#D3D3D3	30
19	#FFFFFF	#D3D3D3	30
20	#FFFFFF	#D3D3D3	30
21	#FFFFFF	#D3D3D3	30
22	#FFFFFF	#D3D3D3	123
23	#FFFFFF	#D3D3D3	123
24	#FFFFFF	#D3D3D3	123
25	#FFFFFF	#D3D3D3	29
26	#FFFFFF	#D3D3D3	123
27	#FFFFFF	#D3D3D3	30
28	#FFFFFF	#D3D3D3	30
29	#FFFFFF	#D3D3D3	30
30	#FFFFFF	#D3D3D3	30
31	#FFFFFF	#D3D3D3	30
32	#FFFFFF	#D3D3D3	14
33	#FFFFFF	#D3D3D3	14
34	#FFFFFF	#D3D3D3	14
35	#FFFFFF	#D3D3D3	14
36	#FFFFFF	#D3D3D3	30
37	#FFFFFF	#D3D3D3	14
38	#FFFFFF	#D3D3D3	14
39	#FFFFFF	#D3D3D3	14
40	#FFFFFF	#D3D3D3	14
41	#FFFFFF	#D3D3D3	14
42	#FFFFFF	#D3D3D3	14
43	#FFFFFF	#D3D3D3	14
44	#FFFFFF	#D3D3D3	14
45	#FFFFFF	#D3D3D3	14
46	#FFFFFF	#D3D3D3	30
47	#FFFFFF	#D3D3D3	30
48	#FFFFFF	#D3D3D3	30
49	#FFFFFF	#D3D3D3	30
50	#FFFFFF	#D3D3D3	30
52	#FFFFFF	#D3D3D3	30
53	#FFFFFF	#D3D3D3	30
54	#FFFFFF	#D3D3D3	30
55	#FFFFFF	#D3D3D3	30
56	#FFFFFF	#D3D3D3	30
57	#FFFFFF	#D3D3D3	30
58	#FFFFFF	#D3D3D3	30
59	#FFFFFF	#D3D3D3	30
60	#FFFFFF	#D3D3D3	30
61	#FFFFFF	#D3D3D3	14
62	#FFFFFF	#D3D3D3	14
63	#FFFFFF	#D3D3D3	14
64	#FFFFFF	#D3D3D3	30
65	#FFFFFF	#D3D3D3	14
66	#FFFFFF	#D3D3D3	14
67	#FFFFFF	#D3D3D3	14
68	#FFFFFF	#D3D3D3	14
69	#FFFFFF	#D3D3D3	30
70	#FFFFFF	#D3D3D3	30
71	#FFFFFF	#D3D3D3	30
72	#FFFFFF	#D3D3D3	30
73	#FFFFFF	#D3D3D3	123
74	#FFFFFF	#D3D3D3	123
75	#FFFFFF	#D3D3D3	29
76	#FFFFFF	#D3D3D3	123
77	#FFFFFF	#D3D3D3	30
78	#FFFFFF	#D3D3D3	30
79	#FFFFFF	#D3D3D3	30
80	#FFFFFF	#D3D3D3	30
81	#FFFFFF	#D3D3D3	14
82	#FFFFFF	#D3D3D3	14
83	#FFFFFF	#D3D3D3	14
84	#FFFFFF	#D3D3D3	14
85	#FFFFFF	#D3D3D3	14
86	#FFFFFF	#D3D3D3	30
87	#FFFFFF	#D3D3D3	14
88	#FFFFFF	#D3D3D3	14
89	#FFFFFF	#D3D3D3	14
90	#FFFFFF	#D3D3D3	14
91	#FFFFFF	#D3D3D3	121
92	#FFFFFF	#D3D3D3	14
93	#FFFFFF	#D3D3D3	14
94	#FFFFFF	#D3D3D3	14
95	#FFFFFF	#D3D3D3	14
97	#FFFFFF	#D3D3D3	30
98	#FFFFFF	#D3D3D3	30
99	#FFFFFF	#D3D3D3	30
100	#FFFFFF	#D3D3D3	30
101	#FFFFFF	#D3D3D3	30
102	#FFFFFF	#D3D3D3	30
103	#FFFFFF	#D3D3D3	30
104	#FFFFFF	#D3D3D3	30
105	#FFFFFF	#D3D3D3	30
106	#FFFFFF	#D3D3D3	30
107	#FFFFFF	#D3D3D3	30
108	#FFFFFF	#D3D3D3	30
109	#FFFFFF	#D3D3D3	30
110	#FFFFFF	#D3D3D3	30
111	#FFFFFF	#D3D3D3	30
112	#FFFFFF	#D3D3D3	14
113	#FFFFFF	#D3D3D3	14
114	#FFFFFF	#D3D3D3	14
115	#FFFFFF	#D3D3D3	30
116	#FFFFFF	#D3D3D3	14
117	#FFFFFF	#D3D3D3	14
118	#FFFFFF	#D3D3D3	14
119	#FFFFFF	#D3D3D3	30
120	#FFFFFF	#D3D3D3	30
121	#FFFFFF	#D3D3D3	30
122	#FFFFFF	#D3D3D3	30
123	#FFFFFF	#D3D3D3	30
124	#FFFFFF	#D3D3D3	123
125	#FFFFFF	#D3D3D3	123
126	#FFFFFF	#D3D3D3	30
127	#FFFFFF	#D3D3D3	30
128	#FFFFFF	#D3D3D3	30
129	#FFFFFF	#D3D3D3	30
130	#FFFFFF	#D3D3D3	30
131	#FFFFFF	#D3D3D3	30
132	#FFFFFF	#D3D3D3	14
133	#FFFFFF	#D3D3D3	14
134	#FFFFFF	#D3D3D3	14
135	#FFFFFF	#D3D3D3	14
136	#FFFFFF	#D3D3D3	14
137	#FFFFFF	#D3D3D3	30
138	#FFFFFF	#D3D3D3	14
139	#FFFFFF	#D3D3D3	14
140	#FFFFFF	#D3D3D3	14
141	#FFFFFF	#D3D3D3	121
142	#FFFFFF	#D3D3D3	121
143	#FFFFFF	#D3D3D3	14
144	#FFFFFF	#D3D3D3	14
145	#FFFFFF	#D3D3D3	14
146	#FFFFFF	#D3D3D3	14
147	#FFFFFF	#D3D3D3	30
148	#FFFFFF	#D3D3D3	30
149	#FFFFFF	#D3D3D3	30
150	#FFFFFF	#D3D3D3	30
151	#FFFFFF	#D3D3D3	30
153	#FFFFFF	#D3D3D3	1
154	#FFFFFF	#D3D3D3	1
155	#FFFFFF	#D3D3D3	30
156	#FFFFFF	#D3D3D3	30
157	#FFFFFF	#D3D3D3	30
158	#FFFFFF	#D3D3D3	39
159	#FFFFFF	#D3D3D3	39
160	#FFFFFF	#D3D3D3	39
161	#FFFFFF	#D3D3D3	39
162	#FFFFFF	#D3D3D3	39
163	#FFFFFF	#D3D3D3	39
164	#FFFFFF	#D3D3D3	14
165	#FFFFFF	#D3D3D3	1
166	#FFFFFF	#D3D3D3	14
167	#FFFFFF	#D3D3D3	14
168	#FFFFFF	#D3D3D3	14
169	#FFFFFF	#D3D3D3	14
170	#FFFFFF	#D3D3D3	14
171	#FFFFFF	#D3D3D3	14
172	#FFFFFF	#D3D3D3	30
173	#FFFFFF	#D3D3D3	30
174	#FFFFFF	#D3D3D3	30
175	#FFFFFF	#D3D3D3	30
176	#FFFFFF	#D3D3D3	30
177	#FFFFFF	#D3D3D3	30
178	#FFFFFF	#D3D3D3	14
179	#FFFFFF	#D3D3D3	14
180	#FFFFFF	#D3D3D3	14
181	#FFFFFF	#D3D3D3	14
182	#FFFFFF	#D3D3D3	14
183	#FFFFFF	#D3D3D3	14
184	#FFFFFF	#D3D3D3	14
185	#FFFFFF	#D3D3D3	14
186	#FFFFFF	#D3D3D3	14
187	#FFFFFF	#D3D3D3	30
188	#FFFFFF	#D3D3D3	14
189	#FFFFFF	#D3D3D3	14
190	#FFFFFF	#D3D3D3	14
191	#FFFFFF	#D3D3D3	14
192	#FFFFFF	#D3D3D3	114
193	#FFFFFF	#D3D3D3	14
194	#FFFFFF	#D3D3D3	14
195	#FFFFFF	#D3D3D3	114
196	#FFFFFF	#D3D3D3	93
198	#FFFFFF	#D3D3D3	1
199	#FFFFFF	#D3D3D3	1
200	#FFFFFF	#D3D3D3	30
201	#FFFFFF	#D3D3D3	1
202	#FFFFFF	#D3D3D3	1
203	#FFFFFF	#D3D3D3	1
204	#FFFFFF	#D3D3D3	1
205	#FFFFFF	#D3D3D3	1
206	#FFFFFF	#D3D3D3	30
207	#FFFFFF	#D3D3D3	30
208	#FFFFFF	#D3D3D3	39
209	#FFFFFF	#D3D3D3	39
210	#FFFFFF	#D3D3D3	39
211	#FFFFFF	#D3D3D3	39
212	#FFFFFF	#D3D3D3	39
213	#FFFFFF	#D3D3D3	39
214	#FFFFFF	#D3D3D3	39
215	#FFFFFF	#D3D3D3	14
216	#FFFFFF	#D3D3D3	1
217	#FFFFFF	#D3D3D3	14
218	#FFFFFF	#D3D3D3	14
219	#FFFFFF	#D3D3D3	14
220	#FFFFFF	#D3D3D3	14
221	#FFFFFF	#D3D3D3	14
222	#FFFFFF	#D3D3D3	14
223	#FFFFFF	#D3D3D3	30
224	#FFFFFF	#D3D3D3	30
225	#FFFFFF	#D3D3D3	30
226	#FFFFFF	#D3D3D3	30
227	#FFFFFF	#D3D3D3	30
228	#FFFFFF	#D3D3D3	30
229	#FFFFFF	#D3D3D3	14
230	#FFFFFF	#D3D3D3	14
231	#FFFFFF	#D3D3D3	14
232	#FFFFFF	#D3D3D3	14
233	#FFFFFF	#D3D3D3	14
234	#FFFFFF	#D3D3D3	14
235	#FFFFFF	#D3D3D3	14
236	#FFFFFF	#D3D3D3	14
237	#FFFFFF	#D3D3D3	14
238	#FFFFFF	#D3D3D3	30
239	#FFFFFF	#D3D3D3	14
240	#FFFFFF	#D3D3D3	14
241	#FFFFFF	#D3D3D3	14
242	#FFFFFF	#D3D3D3	14
243	#FFFFFF	#D3D3D3	114
244	#FFFFFF	#D3D3D3	14
245	#FFFFFF	#D3D3D3	14
246	#FFFFFF	#D3D3D3	114
247	#FFFFFF	#D3D3D3	93
248	#FFFFFF	#D3D3D3	1
249	#FFFFFF	#D3D3D3	30
250	#FFFFFF	#D3D3D3	30
251	#FFFFFF	#D3D3D3	1
252	#FFFFFF	#D3D3D3	1
254	#FFFFFF	#D3D3D3	1
255	#FFFFFF	#D3D3D3	1
256	#FFFFFF	#D3D3D3	30
257	#FFFFFF	#D3D3D3	30
258	#FFFFFF	#D3D3D3	30
259	#FFFFFF	#D3D3D3	39
260	#FFFFFF	#D3D3D3	39
261	#FFFFFF	#D3D3D3	39
262	#FFFFFF	#D3D3D3	39
263	#FFFFFF	#D3D3D3	39
264	#FFFFFF	#D3D3D3	39
265	#FFFFFF	#D3D3D3	39
266	#FFFFFF	#D3D3D3	1
267	#FFFFFF	#D3D3D3	14
268	#FFFFFF	#D3D3D3	14
269	#FFFFFF	#D3D3D3	14
270	#FFFFFF	#D3D3D3	14
271	#FFFFFF	#D3D3D3	14
272	#FFFFFF	#D3D3D3	14
273	#FFFFFF	#D3D3D3	14
274	#FFFFFF	#D3D3D3	30
275	#FFFFFF	#D3D3D3	30
276	#FFFFFF	#D3D3D3	30
277	#FFFFFF	#D3D3D3	1
278	#FFFFFF	#D3D3D3	30
279	#FFFFFF	#D3D3D3	14
280	#FFFFFF	#D3D3D3	14
281	#FFFFFF	#D3D3D3	14
282	#FFFFFF	#D3D3D3	14
283	#FFFFFF	#D3D3D3	14
284	#FFFFFF	#D3D3D3	14
285	#FFFFFF	#D3D3D3	14
286	#FFFFFF	#D3D3D3	14
287	#FFFFFF	#D3D3D3	14
288	#FFFFFF	#D3D3D3	30
289	#FFFFFF	#D3D3D3	14
290	#FFFFFF	#D3D3D3	14
291	#FFFFFF	#D3D3D3	14
292	#FFFFFF	#D3D3D3	14
293	#FFFFFF	#D3D3D3	14
294	#FFFFFF	#D3D3D3	114
295	#FFFFFF	#D3D3D3	14
296	#FFFFFF	#D3D3D3	14
297	#FFFFFF	#D3D3D3	114
299	#FFFFFF	#D3D3D3	1
300	#FFFFFF	#D3D3D3	1
301	#FFFFFF	#D3D3D3	30
302	#FFFFFF	#D3D3D3	30
303	#FFFFFF	#D3D3D3	1
304	#FFFFFF	#D3D3D3	1
305	#FFFFFF	#D3D3D3	1
306	#FFFFFF	#D3D3D3	1
307	#FFFFFF	#D3D3D3	30
308	#FFFFFF	#D3D3D3	30
309	#FFFFFF	#D3D3D3	30
310	#FFFFFF	#D3D3D3	39
311	#FFFFFF	#D3D3D3	39
312	#FFFFFF	#D3D3D3	39
313	#FFFFFF	#D3D3D3	39
314	#FFFFFF	#D3D3D3	39
315	#FFFFFF	#D3D3D3	39
316	#FFFFFF	#D3D3D3	39
317	#FFFFFF	#D3D3D3	1
318	#FFFFFF	#D3D3D3	14
319	#FFFFFF	#D3D3D3	14
320	#FFFFFF	#D3D3D3	14
321	#FFFFFF	#D3D3D3	14
322	#FFFFFF	#D3D3D3	14
323	#FFFFFF	#D3D3D3	14
324	#FFFFFF	#D3D3D3	14
325	#FFFFFF	#D3D3D3	30
326	#FFFFFF	#D3D3D3	30
327	#FFFFFF	#D3D3D3	30
328	#FFFFFF	#D3D3D3	1
329	#FFFFFF	#D3D3D3	14
330	#FFFFFF	#D3D3D3	14
331	#FFFFFF	#D3D3D3	14
332	#FFFFFF	#D3D3D3	14
333	#FFFFFF	#D3D3D3	14
334	#FFFFFF	#D3D3D3	14
335	#FFFFFF	#D3D3D3	14
336	#FFFFFF	#D3D3D3	14
337	#FFFFFF	#D3D3D3	14
338	#FFFFFF	#D3D3D3	14
339	#FFFFFF	#D3D3D3	1
340	#FFFFFF	#D3D3D3	14
341	#FFFFFF	#D3D3D3	14
342	#FFFFFF	#D3D3D3	14
343	#FFFFFF	#D3D3D3	14
344	#FFFFFF	#D3D3D3	114
345	#FFFFFF	#D3D3D3	114
346	#FFFFFF	#D3D3D3	14
347	#FFFFFF	#D3D3D3	14
348	#FFFFFF	#D3D3D3	114
349	#FFFFFF	#D3D3D3	1
350	#FFFFFF	#D3D3D3	1
351	#FFFFFF	#D3D3D3	30
352	#FFFFFF	#D3D3D3	30
353	#FFFFFF	#D3D3D3	30
355	#FFFFFF	#D3D3D3	1
356	#FFFFFF	#D3D3D3	1
357	#FFFFFF	#D3D3D3	30
358	#FFFFFF	#D3D3D3	30
359	#FFFFFF	#D3D3D3	30
360	#FFFFFF	#D3D3D3	30
361	#FFFFFF	#D3D3D3	39
362	#FFFFFF	#D3D3D3	39
363	#FFFFFF	#D3D3D3	39
364	#FFFFFF	#D3D3D3	39
365	#FFFFFF	#D3D3D3	39
366	#FFFFFF	#D3D3D3	39
367	#FFFFFF	#D3D3D3	1
368	#FFFFFF	#D3D3D3	14
369	#FFFFFF	#D3D3D3	14
370	#FFFFFF	#D3D3D3	14
371	#FFFFFF	#D3D3D3	14
372	#FFFFFF	#D3D3D3	14
373	#FFFFFF	#D3D3D3	14
374	#FFFFFF	#D3D3D3	14
375	#FFFFFF	#D3D3D3	14
376	#FFFFFF	#D3D3D3	30
377	#FFFFFF	#D3D3D3	30
378	#FFFFFF	#D3D3D3	1
379	#FFFFFF	#D3D3D3	14
380	#FFFFFF	#D3D3D3	14
381	#FFFFFF	#D3D3D3	14
382	#FFFFFF	#D3D3D3	14
383	#FFFFFF	#D3D3D3	14
384	#FFFFFF	#D3D3D3	14
385	#FFFFFF	#D3D3D3	14
386	#FFFFFF	#D3D3D3	14
387	#FFFFFF	#D3D3D3	14
388	#FFFFFF	#D3D3D3	14
389	#FFFFFF	#D3D3D3	1
390	#FFFFFF	#D3D3D3	14
391	#FFFFFF	#D3D3D3	14
392	#FFFFFF	#D3D3D3	14
393	#FFFFFF	#D3D3D3	14
394	#FFFFFF	#D3D3D3	14
395	#FFFFFF	#D3D3D3	114
396	#FFFFFF	#D3D3D3	114
397	#FFFFFF	#D3D3D3	14
398	#FFFFFF	#D3D3D3	14
400	#FFFFFF	#D3D3D3	1
401	#FFFFFF	#D3D3D3	1
402	#FFFFFF	#D3D3D3	1
403	#FFFFFF	#D3D3D3	30
404	#FFFFFF	#D3D3D3	30
405	#FFFFFF	#D3D3D3	26
406	#FFFFFF	#D3D3D3	1
407	#FFFFFF	#D3D3D3	1
408	#FFFFFF	#D3D3D3	30
409	#FFFFFF	#D3D3D3	30
410	#FFFFFF	#D3D3D3	30
411	#FFFFFF	#D3D3D3	30
412	#FFFFFF	#D3D3D3	39
413	#FFFFFF	#D3D3D3	39
414	#FFFFFF	#D3D3D3	39
415	#FFFFFF	#D3D3D3	39
416	#FFFFFF	#D3D3D3	39
417	#FFFFFF	#D3D3D3	14
418	#FFFFFF	#D3D3D3	1
419	#FFFFFF	#D3D3D3	14
420	#FFFFFF	#D3D3D3	14
421	#FFFFFF	#D3D3D3	14
422	#FFFFFF	#D3D3D3	14
423	#FFFFFF	#D3D3D3	14
424	#FFFFFF	#D3D3D3	14
425	#FFFFFF	#D3D3D3	14
426	#FFFFFF	#D3D3D3	14
427	#FFFFFF	#D3D3D3	30
428	#FFFFFF	#D3D3D3	14
429	#FFFFFF	#D3D3D3	1
430	#FFFFFF	#D3D3D3	14
431	#FFFFFF	#D3D3D3	14
432	#FFFFFF	#D3D3D3	119
433	#FFFFFF	#D3D3D3	14
434	#FFFFFF	#D3D3D3	14
435	#FFFFFF	#D3D3D3	14
436	#FFFFFF	#D3D3D3	14
437	#FFFFFF	#D3D3D3	14
438	#FFFFFF	#D3D3D3	14
439	#FFFFFF	#D3D3D3	14
440	#FFFFFF	#D3D3D3	1
441	#FFFFFF	#D3D3D3	14
442	#FFFFFF	#D3D3D3	14
443	#FFFFFF	#D3D3D3	14
444	#FFFFFF	#D3D3D3	14
445	#FFFFFF	#D3D3D3	14
446	#FFFFFF	#D3D3D3	14
447	#FFFFFF	#D3D3D3	114
448	#FFFFFF	#D3D3D3	14
449	#FFFFFF	#D3D3D3	114
450	#FFFFFF	#D3D3D3	1
451	#FFFFFF	#D3D3D3	1
452	#FFFFFF	#D3D3D3	1
453	#FFFFFF	#D3D3D3	1
454	#FFFFFF	#D3D3D3	1
456	#FFFFFF	#D3D3D3	26
457	#FFFFFF	#D3D3D3	1
458	#FFFFFF	#D3D3D3	30
459	#FFFFFF	#D3D3D3	30
460	#FFFFFF	#D3D3D3	30
461	#FFFFFF	#D3D3D3	30
462	#FFFFFF	#D3D3D3	30
463	#FFFFFF	#D3D3D3	39
464	#FFFFFF	#D3D3D3	39
465	#FFFFFF	#D3D3D3	39
466	#FFFFFF	#D3D3D3	39
467	#FFFFFF	#D3D3D3	14
468	#FFFFFF	#D3D3D3	1
469	#FFFFFF	#D3D3D3	14
470	#FFFFFF	#D3D3D3	14
471	#FFFFFF	#D3D3D3	14
472	#FFFFFF	#D3D3D3	14
473	#FFFFFF	#D3D3D3	14
474	#FFFFFF	#D3D3D3	14
475	#FFFFFF	#D3D3D3	14
476	#FFFFFF	#D3D3D3	14
477	#FFFFFF	#D3D3D3	14
478	#FFFFFF	#D3D3D3	14
479	#FFFFFF	#D3D3D3	1
480	#FFFFFF	#D3D3D3	14
481	#FFFFFF	#D3D3D3	14
482	#FFFFFF	#D3D3D3	119
483	#FFFFFF	#D3D3D3	119
484	#FFFFFF	#D3D3D3	14
485	#FFFFFF	#D3D3D3	14
486	#FFFFFF	#D3D3D3	14
487	#FFFFFF	#D3D3D3	14
488	#FFFFFF	#D3D3D3	14
489	#FFFFFF	#D3D3D3	14
490	#FFFFFF	#D3D3D3	1
491	#FFFFFF	#D3D3D3	14
492	#FFFFFF	#D3D3D3	14
493	#FFFFFF	#D3D3D3	14
494	#FFFFFF	#D3D3D3	14
495	#FFFFFF	#D3D3D3	14
496	#FFFFFF	#D3D3D3	14
497	#FFFFFF	#D3D3D3	114
498	#FFFFFF	#D3D3D3	114
499	#FFFFFF	#D3D3D3	114
501	#FFFFFF	#D3D3D3	1
502	#FFFFFF	#D3D3D3	1
503	#FFFFFF	#D3D3D3	1
504	#FFFFFF	#D3D3D3	1
505	#FFFFFF	#D3D3D3	1
506	#FFFFFF	#D3D3D3	26
507	#FFFFFF	#D3D3D3	26
508	#FFFFFF	#D3D3D3	1
509	#FFFFFF	#D3D3D3	30
510	#FFFFFF	#D3D3D3	30
511	#FFFFFF	#D3D3D3	30
512	#FFFFFF	#D3D3D3	30
513	#FFFFFF	#D3D3D3	30
514	#FFFFFF	#D3D3D3	39
515	#FFFFFF	#D3D3D3	39
516	#FFFFFF	#D3D3D3	39
517	#FFFFFF	#D3D3D3	14
518	#FFFFFF	#D3D3D3	14
519	#FFFFFF	#D3D3D3	1
520	#FFFFFF	#D3D3D3	14
521	#FFFFFF	#D3D3D3	14
522	#FFFFFF	#D3D3D3	14
523	#FFFFFF	#D3D3D3	14
524	#FFFFFF	#D3D3D3	14
525	#FFFFFF	#D3D3D3	14
526	#FFFFFF	#D3D3D3	14
527	#FFFFFF	#D3D3D3	14
528	#FFFFFF	#D3D3D3	14
529	#FFFFFF	#D3D3D3	14
530	#FFFFFF	#D3D3D3	1
531	#FFFFFF	#D3D3D3	14
532	#FFFFFF	#D3D3D3	119
533	#FFFFFF	#D3D3D3	119
534	#FFFFFF	#D3D3D3	119
535	#FFFFFF	#D3D3D3	14
536	#FFFFFF	#D3D3D3	14
537	#FFFFFF	#D3D3D3	14
538	#FFFFFF	#D3D3D3	14
539	#FFFFFF	#D3D3D3	14
540	#FFFFFF	#D3D3D3	14
541	#FFFFFF	#D3D3D3	1
542	#FFFFFF	#D3D3D3	14
543	#FFFFFF	#D3D3D3	14
544	#FFFFFF	#D3D3D3	14
545	#FFFFFF	#D3D3D3	14
546	#FFFFFF	#D3D3D3	14
547	#FFFFFF	#D3D3D3	14
548	#FFFFFF	#D3D3D3	114
549	#FFFFFF	#D3D3D3	114
550	#FFFFFF	#D3D3D3	114
551	#FFFFFF	#D3D3D3	1
552	#FFFFFF	#D3D3D3	1
553	#FFFFFF	#D3D3D3	1
554	#FFFFFF	#D3D3D3	1
555	#FFFFFF	#D3D3D3	1
557	#FFFFFF	#D3D3D3	26
558	#FFFFFF	#D3D3D3	1
559	#FFFFFF	#D3D3D3	1
560	#FFFFFF	#D3D3D3	30
561	#FFFFFF	#D3D3D3	30
562	#FFFFFF	#D3D3D3	30
563	#FFFFFF	#D3D3D3	30
564	#FFFFFF	#D3D3D3	30
565	#FFFFFF	#D3D3D3	39
566	#FFFFFF	#D3D3D3	39
567	#FFFFFF	#D3D3D3	14
568	#FFFFFF	#D3D3D3	14
569	#FFFFFF	#D3D3D3	1
570	#FFFFFF	#D3D3D3	14
571	#FFFFFF	#D3D3D3	14
572	#FFFFFF	#D3D3D3	14
573	#FFFFFF	#D3D3D3	14
574	#FFFFFF	#D3D3D3	14
575	#FFFFFF	#D3D3D3	14
576	#FFFFFF	#D3D3D3	14
577	#FFFFFF	#D3D3D3	14
578	#FFFFFF	#D3D3D3	14
579	#FFFFFF	#D3D3D3	14
580	#FFFFFF	#D3D3D3	1
581	#FFFFFF	#D3D3D3	14
582	#FFFFFF	#D3D3D3	119
583	#FFFFFF	#D3D3D3	119
584	#FFFFFF	#D3D3D3	119
585	#FFFFFF	#D3D3D3	119
586	#FFFFFF	#D3D3D3	14
587	#FFFFFF	#D3D3D3	14
588	#FFFFFF	#D3D3D3	14
589	#FFFFFF	#D3D3D3	14
590	#FFFFFF	#D3D3D3	14
591	#FFFFFF	#D3D3D3	1
592	#FFFFFF	#D3D3D3	14
593	#FFFFFF	#D3D3D3	14
594	#FFFFFF	#D3D3D3	14
595	#FFFFFF	#D3D3D3	14
596	#FFFFFF	#D3D3D3	14
597	#FFFFFF	#D3D3D3	14
598	#FFFFFF	#D3D3D3	14
599	#FFFFFF	#D3D3D3	114
600	#FFFFFF	#D3D3D3	114
602	#FFFFFF	#D3D3D3	1
603	#FFFFFF	#D3D3D3	1
604	#FFFFFF	#D3D3D3	1
605	#FFFFFF	#D3D3D3	1
606	#FFFFFF	#D3D3D3	1
607	#FFFFFF	#D3D3D3	26
608	#FFFFFF	#D3D3D3	26
609	#FFFFFF	#D3D3D3	1
610	#FFFFFF	#D3D3D3	1
611	#FFFFFF	#D3D3D3	30
612	#FFFFFF	#D3D3D3	30
613	#FFFFFF	#D3D3D3	30
614	#FFFFFF	#D3D3D3	30
615	#FFFFFF	#D3D3D3	30
616	#FFFFFF	#D3D3D3	39
617	#FFFFFF	#D3D3D3	14
618	#FFFFFF	#D3D3D3	14
619	#FFFFFF	#D3D3D3	14
620	#FFFFFF	#D3D3D3	1
621	#FFFFFF	#D3D3D3	14
622	#FFFFFF	#D3D3D3	14
623	#FFFFFF	#D3D3D3	14
624	#FFFFFF	#D3D3D3	14
625	#FFFFFF	#D3D3D3	14
626	#FFFFFF	#D3D3D3	14
627	#FFFFFF	#D3D3D3	14
628	#FFFFFF	#D3D3D3	14
629	#FFFFFF	#D3D3D3	14
630	#FFFFFF	#D3D3D3	14
631	#FFFFFF	#D3D3D3	1
632	#FFFFFF	#D3D3D3	119
633	#FFFFFF	#D3D3D3	119
634	#FFFFFF	#D3D3D3	119
635	#FFFFFF	#D3D3D3	119
636	#FFFFFF	#D3D3D3	14
637	#FFFFFF	#D3D3D3	14
638	#FFFFFF	#D3D3D3	14
639	#FFFFFF	#D3D3D3	14
640	#FFFFFF	#D3D3D3	14
641	#FFFFFF	#D3D3D3	14
642	#FFFFFF	#D3D3D3	1
643	#FFFFFF	#D3D3D3	14
644	#FFFFFF	#D3D3D3	14
645	#FFFFFF	#D3D3D3	14
646	#FFFFFF	#D3D3D3	14
647	#FFFFFF	#D3D3D3	14
648	#FFFFFF	#D3D3D3	14
649	#FFFFFF	#D3D3D3	14
650	#FFFFFF	#D3D3D3	114
651	#FFFFFF	#D3D3D3	114
652	#FFFFFF	#D3D3D3	1
653	#FFFFFF	#D3D3D3	1
654	#FFFFFF	#D3D3D3	1
655	#FFFFFF	#D3D3D3	1
656	#FFFFFF	#D3D3D3	1
658	#FFFFFF	#D3D3D3	26
659	#FFFFFF	#D3D3D3	1
660	#FFFFFF	#D3D3D3	1
661	#FFFFFF	#D3D3D3	30
662	#FFFFFF	#D3D3D3	30
663	#FFFFFF	#D3D3D3	30
664	#FFFFFF	#D3D3D3	30
665	#FFFFFF	#D3D3D3	14
666	#FFFFFF	#D3D3D3	14
667	#FFFFFF	#D3D3D3	14
668	#FFFFFF	#D3D3D3	14
669	#FFFFFF	#D3D3D3	14
670	#FFFFFF	#D3D3D3	1
671	#FFFFFF	#D3D3D3	14
672	#FFFFFF	#D3D3D3	14
673	#FFFFFF	#D3D3D3	14
674	#FFFFFF	#D3D3D3	14
675	#FFFFFF	#D3D3D3	14
676	#FFFFFF	#D3D3D3	14
677	#FFFFFF	#D3D3D3	14
678	#FFFFFF	#D3D3D3	14
679	#FFFFFF	#D3D3D3	14
680	#FFFFFF	#D3D3D3	14
681	#FFFFFF	#D3D3D3	1
682	#FFFFFF	#D3D3D3	119
683	#FFFFFF	#D3D3D3	119
684	#FFFFFF	#D3D3D3	119
685	#FFFFFF	#D3D3D3	119
686	#FFFFFF	#D3D3D3	14
687	#FFFFFF	#D3D3D3	14
688	#FFFFFF	#D3D3D3	14
689	#FFFFFF	#D3D3D3	14
690	#FFFFFF	#D3D3D3	14
691	#FFFFFF	#D3D3D3	47
692	#FFFFFF	#D3D3D3	1
693	#FFFFFF	#D3D3D3	14
694	#FFFFFF	#D3D3D3	14
695	#FFFFFF	#D3D3D3	14
696	#FFFFFF	#D3D3D3	14
697	#FFFFFF	#D3D3D3	14
698	#FFFFFF	#D3D3D3	14
699	#FFFFFF	#D3D3D3	14
700	#FFFFFF	#D3D3D3	14
701	#FFFFFF	#D3D3D3	114
703	#FFFFFF	#D3D3D3	1
704	#FFFFFF	#D3D3D3	1
705	#FFFFFF	#D3D3D3	1
706	#FFFFFF	#D3D3D3	1
707	#FFFFFF	#D3D3D3	1
708	#FFFFFF	#D3D3D3	26
709	#FFFFFF	#D3D3D3	1
710	#FFFFFF	#D3D3D3	1
711	#FFFFFF	#D3D3D3	1
712	#FFFFFF	#D3D3D3	30
713	#FFFFFF	#D3D3D3	30
714	#FFFFFF	#D3D3D3	30
715	#FFFFFF	#D3D3D3	30
716	#FFFFFF	#D3D3D3	14
717	#FFFFFF	#D3D3D3	14
718	#FFFFFF	#D3D3D3	14
719	#FFFFFF	#D3D3D3	14
720	#FFFFFF	#D3D3D3	14
721	#FFFFFF	#D3D3D3	1
722	#FFFFFF	#D3D3D3	14
723	#FFFFFF	#D3D3D3	14
724	#FFFFFF	#D3D3D3	14
725	#FFFFFF	#D3D3D3	1
726	#FFFFFF	#D3D3D3	14
727	#FFFFFF	#D3D3D3	14
728	#FFFFFF	#D3D3D3	14
729	#FFFFFF	#D3D3D3	14
730	#FFFFFF	#D3D3D3	14
731	#FFFFFF	#D3D3D3	119
732	#FFFFFF	#D3D3D3	1
733	#FFFFFF	#D3D3D3	119
734	#FFFFFF	#D3D3D3	119
735	#FFFFFF	#D3D3D3	119
736	#FFFFFF	#D3D3D3	14
737	#FFFFFF	#D3D3D3	14
738	#FFFFFF	#D3D3D3	14
739	#FFFFFF	#D3D3D3	14
740	#FFFFFF	#D3D3D3	14
741	#FFFFFF	#D3D3D3	47
742	#FFFFFF	#D3D3D3	47
743	#FFFFFF	#D3D3D3	1
744	#FFFFFF	#D3D3D3	47
745	#FFFFFF	#D3D3D3	14
746	#FFFFFF	#D3D3D3	14
747	#FFFFFF	#D3D3D3	14
748	#FFFFFF	#D3D3D3	14
749	#FFFFFF	#D3D3D3	14
750	#FFFFFF	#D3D3D3	14
751	#FFFFFF	#D3D3D3	14
752	#FFFFFF	#D3D3D3	114
753	#FFFFFF	#D3D3D3	1
754	#FFFFFF	#D3D3D3	1
755	#FFFFFF	#D3D3D3	1
756	#FFFFFF	#D3D3D3	1
757	#FFFFFF	#D3D3D3	1
759	#FFFFFF	#D3D3D3	1
760	#FFFFFF	#D3D3D3	1
761	#FFFFFF	#D3D3D3	1
762	#FFFFFF	#D3D3D3	1
763	#FFFFFF	#D3D3D3	30
764	#FFFFFF	#D3D3D3	30
765	#FFFFFF	#D3D3D3	30
766	#FFFFFF	#D3D3D3	30
767	#FFFFFF	#D3D3D3	14
768	#FFFFFF	#D3D3D3	14
769	#FFFFFF	#D3D3D3	14
770	#FFFFFF	#D3D3D3	14
771	#FFFFFF	#D3D3D3	1
772	#FFFFFF	#D3D3D3	14
773	#FFFFFF	#D3D3D3	14
774	#FFFFFF	#D3D3D3	14
775	#FFFFFF	#D3D3D3	1
776	#FFFFFF	#D3D3D3	14
777	#FFFFFF	#D3D3D3	14
778	#FFFFFF	#D3D3D3	14
779	#FFFFFF	#D3D3D3	14
780	#FFFFFF	#D3D3D3	14
781	#FFFFFF	#D3D3D3	14
782	#FFFFFF	#D3D3D3	1
783	#FFFFFF	#D3D3D3	119
784	#FFFFFF	#D3D3D3	119
785	#FFFFFF	#D3D3D3	119
786	#FFFFFF	#D3D3D3	14
787	#FFFFFF	#D3D3D3	14
788	#FFFFFF	#D3D3D3	14
789	#FFFFFF	#D3D3D3	47
790	#FFFFFF	#D3D3D3	47
791	#FFFFFF	#D3D3D3	47
792	#FFFFFF	#D3D3D3	47
793	#FFFFFF	#D3D3D3	1
794	#FFFFFF	#D3D3D3	47
795	#FFFFFF	#D3D3D3	14
796	#FFFFFF	#D3D3D3	14
797	#FFFFFF	#D3D3D3	14
798	#FFFFFF	#D3D3D3	14
799	#FFFFFF	#D3D3D3	14
800	#FFFFFF	#D3D3D3	14
801	#FFFFFF	#D3D3D3	14
802	#FFFFFF	#D3D3D3	14
804	#FFFFFF	#D3D3D3	1
805	#FFFFFF	#D3D3D3	1
806	#FFFFFF	#D3D3D3	1
807	#FFFFFF	#D3D3D3	1
808	#FFFFFF	#D3D3D3	1
809	#FFFFFF	#D3D3D3	1
810	#FFFFFF	#D3D3D3	1
811	#FFFFFF	#D3D3D3	1
812	#FFFFFF	#D3D3D3	1
813	#FFFFFF	#D3D3D3	1
814	#FFFFFF	#D3D3D3	1
815	#FFFFFF	#D3D3D3	30
816	#FFFFFF	#D3D3D3	30
817	#FFFFFF	#D3D3D3	14
818	#FFFFFF	#D3D3D3	14
819	#FFFFFF	#D3D3D3	14
820	#FFFFFF	#D3D3D3	14
821	#FFFFFF	#D3D3D3	14
822	#FFFFFF	#D3D3D3	1
823	#FFFFFF	#D3D3D3	14
824	#FFFFFF	#D3D3D3	14
825	#FFFFFF	#D3D3D3	1
826	#FFFFFF	#D3D3D3	14
827	#FFFFFF	#D3D3D3	14
828	#FFFFFF	#D3D3D3	14
829	#FFFFFF	#D3D3D3	14
830	#FFFFFF	#D3D3D3	14
831	#FFFFFF	#D3D3D3	14
832	#FFFFFF	#D3D3D3	14
833	#FFFFFF	#D3D3D3	1
834	#FFFFFF	#D3D3D3	119
835	#FFFFFF	#D3D3D3	119
836	#FFFFFF	#D3D3D3	14
837	#FFFFFF	#D3D3D3	14
838	#FFFFFF	#D3D3D3	14
839	#FFFFFF	#D3D3D3	47
840	#FFFFFF	#D3D3D3	47
841	#FFFFFF	#D3D3D3	47
842	#FFFFFF	#D3D3D3	47
843	#FFFFFF	#D3D3D3	47
844	#FFFFFF	#D3D3D3	1
845	#FFFFFF	#D3D3D3	47
846	#FFFFFF	#D3D3D3	14
847	#FFFFFF	#D3D3D3	14
848	#FFFFFF	#D3D3D3	14
849	#FFFFFF	#D3D3D3	14
850	#FFFFFF	#D3D3D3	14
851	#FFFFFF	#D3D3D3	14
852	#FFFFFF	#D3D3D3	14
853	#FFFFFF	#D3D3D3	14
854	#FFFFFF	#D3D3D3	1
855	#FFFFFF	#D3D3D3	1
856	#FFFFFF	#D3D3D3	1
857	#FFFFFF	#D3D3D3	1
858	#FFFFFF	#D3D3D3	1
860	#FFFFFF	#D3D3D3	1
861	#FFFFFF	#D3D3D3	1
862	#FFFFFF	#D3D3D3	1
863	#FFFFFF	#D3D3D3	1
864	#FFFFFF	#D3D3D3	1
865	#FFFFFF	#D3D3D3	30
866	#FFFFFF	#D3D3D3	30
867	#FFFFFF	#D3D3D3	14
868	#FFFFFF	#D3D3D3	14
869	#FFFFFF	#D3D3D3	14
870	#FFFFFF	#D3D3D3	14
871	#FFFFFF	#D3D3D3	14
872	#FFFFFF	#D3D3D3	1
873	#FFFFFF	#D3D3D3	14
874	#FFFFFF	#D3D3D3	14
875	#FFFFFF	#D3D3D3	1
876	#FFFFFF	#D3D3D3	14
877	#FFFFFF	#D3D3D3	14
878	#FFFFFF	#D3D3D3	1
879	#FFFFFF	#D3D3D3	14
880	#FFFFFF	#D3D3D3	14
881	#FFFFFF	#D3D3D3	1
882	#FFFFFF	#D3D3D3	14
883	#FFFFFF	#D3D3D3	1
884	#FFFFFF	#D3D3D3	14
885	#FFFFFF	#D3D3D3	119
886	#FFFFFF	#D3D3D3	14
887	#FFFFFF	#D3D3D3	14
888	#FFFFFF	#D3D3D3	14
889	#FFFFFF	#D3D3D3	47
890	#FFFFFF	#D3D3D3	47
891	#FFFFFF	#D3D3D3	47
892	#FFFFFF	#D3D3D3	47
893	#FFFFFF	#D3D3D3	47
894	#FFFFFF	#D3D3D3	1
895	#FFFFFF	#D3D3D3	47
896	#FFFFFF	#D3D3D3	14
897	#FFFFFF	#D3D3D3	14
898	#FFFFFF	#D3D3D3	14
899	#FFFFFF	#D3D3D3	14
900	#FFFFFF	#D3D3D3	14
901	#FFFFFF	#D3D3D3	14
902	#FFFFFF	#D3D3D3	14
903	#FFFFFF	#D3D3D3	14
905	#FFFFFF	#D3D3D3	1
906	#FFFFFF	#D3D3D3	1
907	#FFFFFF	#D3D3D3	1
908	#FFFFFF	#D3D3D3	1
909	#FFFFFF	#D3D3D3	76
910	#FFFFFF	#D3D3D3	1
911	#FFFFFF	#D3D3D3	1
912	#FFFFFF	#D3D3D3	1
913	#FFFFFF	#D3D3D3	1
914	#FFFFFF	#D3D3D3	1
915	#FFFFFF	#D3D3D3	1
916	#FFFFFF	#D3D3D3	30
917	#FFFFFF	#D3D3D3	1
918	#FFFFFF	#D3D3D3	14
919	#FFFFFF	#D3D3D3	14
920	#FFFFFF	#D3D3D3	1
921	#FFFFFF	#D3D3D3	14
922	#FFFFFF	#D3D3D3	14
923	#FFFFFF	#D3D3D3	1
924	#FFFFFF	#D3D3D3	14
925	#FFFFFF	#D3D3D3	1
926	#FFFFFF	#D3D3D3	14
927	#FFFFFF	#D3D3D3	14
928	#FFFFFF	#D3D3D3	1
929	#FFFFFF	#D3D3D3	1
930	#FFFFFF	#D3D3D3	14
931	#FFFFFF	#D3D3D3	1
932	#FFFFFF	#D3D3D3	1
933	#FFFFFF	#D3D3D3	14
934	#FFFFFF	#D3D3D3	76
935	#FFFFFF	#D3D3D3	14
936	#FFFFFF	#D3D3D3	14
937	#FFFFFF	#D3D3D3	14
938	#FFFFFF	#D3D3D3	14
939	#FFFFFF	#D3D3D3	47
940	#FFFFFF	#D3D3D3	47
941	#FFFFFF	#D3D3D3	47
942	#FFFFFF	#D3D3D3	47
943	#FFFFFF	#D3D3D3	47
944	#FFFFFF	#D3D3D3	47
945	#FFFFFF	#D3D3D3	76
946	#FFFFFF	#D3D3D3	47
947	#FFFFFF	#D3D3D3	47
948	#FFFFFF	#D3D3D3	14
949	#FFFFFF	#D3D3D3	14
950	#FFFFFF	#D3D3D3	14
951	#FFFFFF	#D3D3D3	14
952	#FFFFFF	#D3D3D3	14
953	#FFFFFF	#D3D3D3	14
954	#FFFFFF	#D3D3D3	14
955	#FFFFFF	#D3D3D3	76
956	#FFFFFF	#D3D3D3	76
957	#FFFFFF	#D3D3D3	1
958	#FFFFFF	#D3D3D3	76
959	#FFFFFF	#D3D3D3	76
961	#FFFFFF	#D3D3D3	1
962	#FFFFFF	#D3D3D3	1
963	#FFFFFF	#D3D3D3	76
964	#FFFFFF	#D3D3D3	1
965	#FFFFFF	#D3D3D3	1
966	#FFFFFF	#D3D3D3	1
967	#FFFFFF	#D3D3D3	1
968	#FFFFFF	#D3D3D3	1
969	#FFFFFF	#D3D3D3	14
970	#FFFFFF	#D3D3D3	1
971	#FFFFFF	#D3D3D3	1
972	#FFFFFF	#D3D3D3	14
973	#FFFFFF	#D3D3D3	1
974	#FFFFFF	#D3D3D3	14
975	#FFFFFF	#D3D3D3	1
976	#FFFFFF	#D3D3D3	14
977	#FFFFFF	#D3D3D3	14
978	#FFFFFF	#D3D3D3	1
979	#FFFFFF	#D3D3D3	1
980	#FFFFFF	#D3D3D3	1
981	#FFFFFF	#D3D3D3	1
982	#FFFFFF	#D3D3D3	1
983	#FFFFFF	#D3D3D3	1
984	#FFFFFF	#D3D3D3	76
985	#FFFFFF	#D3D3D3	14
986	#FFFFFF	#D3D3D3	14
987	#FFFFFF	#D3D3D3	14
988	#FFFFFF	#D3D3D3	14
989	#FFFFFF	#D3D3D3	47
990	#FFFFFF	#D3D3D3	47
991	#FFFFFF	#D3D3D3	47
992	#FFFFFF	#D3D3D3	108
993	#FFFFFF	#D3D3D3	108
994	#FFFFFF	#D3D3D3	47
995	#FFFFFF	#D3D3D3	76
996	#FFFFFF	#D3D3D3	47
997	#FFFFFF	#D3D3D3	47
998	#FFFFFF	#D3D3D3	47
999	#FFFFFF	#D3D3D3	14
1000	#FFFFFF	#D3D3D3	14
1001	#FFFFFF	#D3D3D3	14
1002	#FFFFFF	#D3D3D3	14
1003	#FFFFFF	#D3D3D3	14
1004	#FFFFFF	#D3D3D3	14
1006	#FFFFFF	#D3D3D3	76
1007	#FFFFFF	#D3D3D3	76
1008	#FFFFFF	#D3D3D3	1
1009	#FFFFFF	#D3D3D3	76
1010	#FFFFFF	#D3D3D3	76
1011	#FFFFFF	#D3D3D3	1
1012	#FFFFFF	#D3D3D3	1
1013	#FFFFFF	#D3D3D3	1
1014	#FFFFFF	#D3D3D3	1
1015	#FFFFFF	#D3D3D3	1
1016	#FFFFFF	#D3D3D3	1
1017	#FFFFFF	#D3D3D3	1
1018	#FFFFFF	#D3D3D3	1
1019	#FFFFFF	#D3D3D3	1
1020	#FFFFFF	#D3D3D3	1
1021	#FFFFFF	#D3D3D3	1
1022	#FFFFFF	#D3D3D3	1
1023	#FFFFFF	#D3D3D3	14
1024	#FFFFFF	#D3D3D3	76
1025	#FFFFFF	#D3D3D3	1
1026	#FFFFFF	#D3D3D3	14
1027	#FFFFFF	#D3D3D3	14
1028	#FFFFFF	#D3D3D3	1
1029	#FFFFFF	#D3D3D3	1
1030	#FFFFFF	#D3D3D3	1
1031	#FFFFFF	#D3D3D3	1
1032	#FFFFFF	#D3D3D3	1
1033	#FFFFFF	#D3D3D3	1
1034	#FFFFFF	#D3D3D3	1
1035	#FFFFFF	#D3D3D3	76
1036	#FFFFFF	#D3D3D3	14
1037	#FFFFFF	#D3D3D3	14
1038	#FFFFFF	#D3D3D3	14
1039	#FFFFFF	#D3D3D3	14
1040	#FFFFFF	#D3D3D3	47
1041	#FFFFFF	#D3D3D3	108
1042	#FFFFFF	#D3D3D3	108
1043	#FFFFFF	#D3D3D3	108
1044	#FFFFFF	#D3D3D3	108
1045	#FFFFFF	#D3D3D3	47
1046	#FFFFFF	#D3D3D3	76
1047	#FFFFFF	#D3D3D3	47
1048	#FFFFFF	#D3D3D3	47
1049	#FFFFFF	#D3D3D3	14
1050	#FFFFFF	#D3D3D3	14
1051	#FFFFFF	#D3D3D3	14
1052	#FFFFFF	#D3D3D3	14
1053	#FFFFFF	#D3D3D3	14
1054	#FFFFFF	#D3D3D3	14
1055	#FFFFFF	#D3D3D3	14
1056	#FFFFFF	#D3D3D3	76
1057	#FFFFFF	#D3D3D3	76
1058	#FFFFFF	#D3D3D3	76
1059	#FFFFFF	#D3D3D3	76
1060	#FFFFFF	#D3D3D3	76
1062	#FFFFFF	#D3D3D3	1
1063	#FFFFFF	#D3D3D3	1
1064	#FFFFFF	#D3D3D3	1
1065	#FFFFFF	#D3D3D3	76
1066	#FFFFFF	#D3D3D3	1
1067	#FFFFFF	#D3D3D3	1
1068	#FFFFFF	#D3D3D3	1
1069	#FFFFFF	#D3D3D3	1
1070	#FFFFFF	#D3D3D3	1
1071	#FFFFFF	#D3D3D3	1
1072	#FFFFFF	#D3D3D3	1
1073	#FFFFFF	#D3D3D3	1
1074	#FFFFFF	#D3D3D3	76
1075	#FFFFFF	#D3D3D3	1
1076	#FFFFFF	#D3D3D3	14
1077	#FFFFFF	#D3D3D3	14
1078	#FFFFFF	#D3D3D3	1
1079	#FFFFFF	#D3D3D3	1
1080	#FFFFFF	#D3D3D3	1
1081	#FFFFFF	#D3D3D3	107
1082	#FFFFFF	#D3D3D3	1
1083	#FFFFFF	#D3D3D3	1
1084	#FFFFFF	#D3D3D3	1
1085	#FFFFFF	#D3D3D3	76
1086	#FFFFFF	#D3D3D3	14
1087	#FFFFFF	#D3D3D3	14
1088	#FFFFFF	#D3D3D3	14
1089	#FFFFFF	#D3D3D3	14
1090	#FFFFFF	#D3D3D3	14
1091	#FFFFFF	#D3D3D3	108
1092	#FFFFFF	#D3D3D3	108
1093	#FFFFFF	#D3D3D3	108
1094	#FFFFFF	#D3D3D3	108
1095	#FFFFFF	#D3D3D3	108
1096	#FFFFFF	#D3D3D3	76
1097	#FFFFFF	#D3D3D3	47
1098	#FFFFFF	#D3D3D3	47
1099	#FFFFFF	#D3D3D3	47
1100	#FFFFFF	#D3D3D3	14
1101	#FFFFFF	#D3D3D3	14
1102	#FFFFFF	#D3D3D3	14
1103	#FFFFFF	#D3D3D3	14
1104	#FFFFFF	#D3D3D3	14
1105	#FFFFFF	#D3D3D3	14
1107	#FFFFFF	#D3D3D3	76
1108	#FFFFFF	#D3D3D3	76
1109	#FFFFFF	#D3D3D3	76
1110	#FFFFFF	#D3D3D3	76
1111	#FFFFFF	#D3D3D3	76
1112	#FFFFFF	#D3D3D3	1
1113	#FFFFFF	#D3D3D3	1
1114	#FFFFFF	#D3D3D3	76
1115	#FFFFFF	#D3D3D3	76
1116	#FFFFFF	#D3D3D3	1
1117	#FFFFFF	#D3D3D3	1
1118	#FFFFFF	#D3D3D3	1
1119	#FFFFFF	#D3D3D3	1
1120	#FFFFFF	#D3D3D3	1
1121	#FFFFFF	#D3D3D3	1
1122	#FFFFFF	#D3D3D3	1
1123	#FFFFFF	#D3D3D3	1
1124	#FFFFFF	#D3D3D3	1
1125	#FFFFFF	#D3D3D3	76
1126	#FFFFFF	#D3D3D3	14
1127	#FFFFFF	#D3D3D3	14
1128	#FFFFFF	#D3D3D3	1
1129	#FFFFFF	#D3D3D3	1
1130	#FFFFFF	#D3D3D3	1
1131	#FFFFFF	#D3D3D3	107
1132	#FFFFFF	#D3D3D3	107
1133	#FFFFFF	#D3D3D3	107
1134	#FFFFFF	#D3D3D3	1
1135	#FFFFFF	#D3D3D3	14
1136	#FFFFFF	#D3D3D3	76
1137	#FFFFFF	#D3D3D3	14
1138	#FFFFFF	#D3D3D3	14
1139	#FFFFFF	#D3D3D3	14
1140	#FFFFFF	#D3D3D3	14
1141	#FFFFFF	#D3D3D3	108
1142	#FFFFFF	#D3D3D3	108
1143	#FFFFFF	#D3D3D3	108
1144	#FFFFFF	#D3D3D3	108
1145	#FFFFFF	#D3D3D3	108
1146	#FFFFFF	#D3D3D3	108
1147	#FFFFFF	#D3D3D3	76
1148	#FFFFFF	#D3D3D3	47
1149	#FFFFFF	#D3D3D3	47
1150	#FFFFFF	#D3D3D3	47
1151	#FFFFFF	#D3D3D3	14
1152	#FFFFFF	#D3D3D3	14
1153	#FFFFFF	#D3D3D3	14
1154	#FFFFFF	#D3D3D3	14
1155	#FFFFFF	#D3D3D3	14
1156	#FFFFFF	#D3D3D3	14
1157	#FFFFFF	#D3D3D3	76
1158	#FFFFFF	#D3D3D3	76
1159	#FFFFFF	#D3D3D3	76
1160	#FFFFFF	#D3D3D3	76
1161	#FFFFFF	#D3D3D3	1
1163	#FFFFFF	#D3D3D3	30
1164	#FFFFFF	#D3D3D3	30
1165	#FFFFFF	#D3D3D3	30
1166	#FFFFFF	#D3D3D3	30
1167	#FFFFFF	#D3D3D3	30
1168	#FFFFFF	#D3D3D3	30
1169	#FFFFFF	#D3D3D3	30
1170	#FFFFFF	#D3D3D3	30
1171	#FFFFFF	#D3D3D3	30
1172	#FFFFFF	#D3D3D3	30
1173	#FFFFFF	#D3D3D3	14
1174	#FFFFFF	#D3D3D3	14
1175	#FFFFFF	#D3D3D3	30
1176	#FFFFFF	#D3D3D3	14
1177	#FFFFFF	#D3D3D3	14
1178	#FFFFFF	#D3D3D3	14
1179	#FFFFFF	#D3D3D3	30
1180	#FFFFFF	#D3D3D3	30
1181	#FFFFFF	#D3D3D3	30
1182	#FFFFFF	#D3D3D3	30
1183	#FFFFFF	#D3D3D3	30
1184	#FFFFFF	#D3D3D3	123
1185	#FFFFFF	#D3D3D3	123
1186	#FFFFFF	#D3D3D3	30
1187	#FFFFFF	#D3D3D3	30
1188	#FFFFFF	#D3D3D3	30
1189	#FFFFFF	#D3D3D3	30
1190	#FFFFFF	#D3D3D3	30
1191	#FFFFFF	#D3D3D3	30
1192	#FFFFFF	#D3D3D3	30
1193	#FFFFFF	#D3D3D3	14
1194	#FFFFFF	#D3D3D3	14
1195	#FFFFFF	#D3D3D3	14
1196	#FFFFFF	#D3D3D3	14
1197	#FFFFFF	#D3D3D3	30
1198	#FFFFFF	#D3D3D3	14
1199	#FFFFFF	#D3D3D3	14
1200	#FFFFFF	#D3D3D3	14
1201	#FFFFFF	#D3D3D3	121
1202	#FFFFFF	#D3D3D3	121
1203	#FFFFFF	#D3D3D3	121
1204	#FFFFFF	#D3D3D3	14
1205	#FFFFFF	#D3D3D3	14
1206	#FFFFFF	#D3D3D3	14
1208	#FFFFFF	#D3D3D3	30
1209	#FFFFFF	#D3D3D3	30
1210	#FFFFFF	#D3D3D3	30
1211	#FFFFFF	#D3D3D3	30
1212	#FFFFFF	#D3D3D3	30
1213	#FFFFFF	#D3D3D3	30
1214	#FFFFFF	#D3D3D3	30
1215	#FFFFFF	#D3D3D3	30
1216	#FFFFFF	#D3D3D3	30
1217	#FFFFFF	#D3D3D3	30
1218	#FFFFFF	#D3D3D3	30
1219	#FFFFFF	#D3D3D3	30
1220	#FFFFFF	#D3D3D3	30
1221	#FFFFFF	#D3D3D3	30
1222	#FFFFFF	#D3D3D3	30
1223	#FFFFFF	#D3D3D3	30
1224	#FFFFFF	#D3D3D3	14
1225	#FFFFFF	#D3D3D3	14
1226	#FFFFFF	#D3D3D3	30
1227	#FFFFFF	#D3D3D3	14
1228	#FFFFFF	#D3D3D3	14
1229	#FFFFFF	#D3D3D3	14
1230	#FFFFFF	#D3D3D3	30
1231	#FFFFFF	#D3D3D3	30
1232	#FFFFFF	#D3D3D3	30
1233	#FFFFFF	#D3D3D3	30
1234	#FFFFFF	#D3D3D3	123
1235	#FFFFFF	#D3D3D3	30
1236	#FFFFFF	#D3D3D3	30
1237	#FFFFFF	#D3D3D3	30
1238	#FFFFFF	#D3D3D3	30
1239	#FFFFFF	#D3D3D3	30
1240	#FFFFFF	#D3D3D3	30
1241	#FFFFFF	#D3D3D3	30
1242	#FFFFFF	#D3D3D3	14
1243	#FFFFFF	#D3D3D3	14
1244	#FFFFFF	#D3D3D3	14
1245	#FFFFFF	#D3D3D3	14
1246	#FFFFFF	#D3D3D3	14
1247	#FFFFFF	#D3D3D3	14
1248	#FFFFFF	#D3D3D3	30
1249	#FFFFFF	#D3D3D3	14
1250	#FFFFFF	#D3D3D3	14
1251	#FFFFFF	#D3D3D3	121
1252	#FFFFFF	#D3D3D3	121
1253	#FFFFFF	#D3D3D3	121
1254	#FFFFFF	#D3D3D3	121
1255	#FFFFFF	#D3D3D3	14
1256	#FFFFFF	#D3D3D3	14
1257	#FFFFFF	#D3D3D3	14
1258	#FFFFFF	#D3D3D3	30
1259	#FFFFFF	#D3D3D3	30
1260	#FFFFFF	#D3D3D3	30
1261	#FFFFFF	#D3D3D3	30
1262	#FFFFFF	#D3D3D3	30
1264	#FFFFFF	#D3D3D3	1
1265	#FFFFFF	#D3D3D3	76
1266	#FFFFFF	#D3D3D3	76
1267	#FFFFFF	#D3D3D3	76
1268	#FFFFFF	#D3D3D3	1
1269	#FFFFFF	#D3D3D3	1
1270	#FFFFFF	#D3D3D3	1
1271	#FFFFFF	#D3D3D3	1
1272	#FFFFFF	#D3D3D3	1
1273	#FFFFFF	#D3D3D3	1
1274	#FFFFFF	#D3D3D3	1
1275	#FFFFFF	#D3D3D3	1
1276	#FFFFFF	#D3D3D3	76
1277	#FFFFFF	#D3D3D3	1
1278	#FFFFFF	#D3D3D3	14
1279	#FFFFFF	#D3D3D3	1
1280	#FFFFFF	#D3D3D3	1
1281	#FFFFFF	#D3D3D3	1
1282	#FFFFFF	#D3D3D3	107
1283	#FFFFFF	#D3D3D3	107
1284	#FFFFFF	#D3D3D3	107
1285	#FFFFFF	#D3D3D3	107
1286	#FFFFFF	#D3D3D3	14
1287	#FFFFFF	#D3D3D3	76
1288	#FFFFFF	#D3D3D3	14
1289	#FFFFFF	#D3D3D3	14
1290	#FFFFFF	#D3D3D3	14
1291	#FFFFFF	#D3D3D3	14
1292	#FFFFFF	#D3D3D3	108
1293	#FFFFFF	#D3D3D3	108
1294	#FFFFFF	#D3D3D3	108
1295	#FFFFFF	#D3D3D3	108
1296	#FFFFFF	#D3D3D3	108
1297	#FFFFFF	#D3D3D3	108
1298	#FFFFFF	#D3D3D3	76
1299	#FFFFFF	#D3D3D3	108
1300	#FFFFFF	#D3D3D3	47
1301	#FFFFFF	#D3D3D3	47
1302	#FFFFFF	#D3D3D3	47
1303	#FFFFFF	#D3D3D3	14
1304	#FFFFFF	#D3D3D3	14
1305	#FFFFFF	#D3D3D3	14
1306	#FFFFFF	#D3D3D3	14
1307	#FFFFFF	#D3D3D3	14
1309	#FFFFFF	#D3D3D3	76
1310	#FFFFFF	#D3D3D3	76
1311	#FFFFFF	#D3D3D3	76
1312	#FFFFFF	#D3D3D3	76
1313	#FFFFFF	#D3D3D3	1
1314	#FFFFFF	#D3D3D3	1
1315	#FFFFFF	#D3D3D3	76
1316	#FFFFFF	#D3D3D3	26
1317	#FFFFFF	#D3D3D3	76
1318	#FFFFFF	#D3D3D3	1
1319	#FFFFFF	#D3D3D3	1
1320	#FFFFFF	#D3D3D3	1
1321	#FFFFFF	#D3D3D3	1
1322	#FFFFFF	#D3D3D3	1
1323	#FFFFFF	#D3D3D3	1
1324	#FFFFFF	#D3D3D3	1
1325	#FFFFFF	#D3D3D3	1
1326	#FFFFFF	#D3D3D3	1
1327	#FFFFFF	#D3D3D3	76
1328	#FFFFFF	#D3D3D3	1
1329	#FFFFFF	#D3D3D3	1
1330	#FFFFFF	#D3D3D3	1
1331	#FFFFFF	#D3D3D3	1
1332	#FFFFFF	#D3D3D3	107
1333	#FFFFFF	#D3D3D3	107
1334	#FFFFFF	#D3D3D3	107
1335	#FFFFFF	#D3D3D3	107
1336	#FFFFFF	#D3D3D3	1
1337	#FFFFFF	#D3D3D3	14
1338	#FFFFFF	#D3D3D3	76
1339	#FFFFFF	#D3D3D3	14
1340	#FFFFFF	#D3D3D3	14
1341	#FFFFFF	#D3D3D3	14
1342	#FFFFFF	#D3D3D3	14
1343	#FFFFFF	#D3D3D3	108
1344	#FFFFFF	#D3D3D3	108
1345	#FFFFFF	#D3D3D3	108
1346	#FFFFFF	#D3D3D3	108
1347	#FFFFFF	#D3D3D3	108
1348	#FFFFFF	#D3D3D3	108
1349	#FFFFFF	#D3D3D3	76
1350	#FFFFFF	#D3D3D3	108
1351	#FFFFFF	#D3D3D3	47
1352	#FFFFFF	#D3D3D3	47
1353	#FFFFFF	#D3D3D3	14
1354	#FFFFFF	#D3D3D3	14
1355	#FFFFFF	#D3D3D3	14
1356	#FFFFFF	#D3D3D3	14
1357	#FFFFFF	#D3D3D3	14
1358	#FFFFFF	#D3D3D3	14
1359	#FFFFFF	#D3D3D3	76
1360	#FFFFFF	#D3D3D3	76
1361	#FFFFFF	#D3D3D3	76
1362	#FFFFFF	#D3D3D3	76
1363	#FFFFFF	#D3D3D3	76
1365	#FFFFFF	#D3D3D3	26
1366	#FFFFFF	#D3D3D3	26
1367	#FFFFFF	#D3D3D3	76
1368	#FFFFFF	#D3D3D3	1
1369	#FFFFFF	#D3D3D3	1
1370	#FFFFFF	#D3D3D3	1
1371	#FFFFFF	#D3D3D3	1
1372	#FFFFFF	#D3D3D3	1
1373	#FFFFFF	#D3D3D3	1
1374	#FFFFFF	#D3D3D3	1
1375	#FFFFFF	#D3D3D3	1
1376	#FFFFFF	#D3D3D3	1
1377	#FFFFFF	#D3D3D3	76
1378	#FFFFFF	#D3D3D3	1
1379	#FFFFFF	#D3D3D3	1
1380	#FFFFFF	#D3D3D3	1
1381	#FFFFFF	#D3D3D3	1
1382	#FFFFFF	#D3D3D3	107
1383	#FFFFFF	#D3D3D3	107
1384	#FFFFFF	#D3D3D3	107
1385	#FFFFFF	#D3D3D3	107
1386	#FFFFFF	#D3D3D3	1
1387	#FFFFFF	#D3D3D3	1
1388	#FFFFFF	#D3D3D3	76
1389	#FFFFFF	#D3D3D3	14
1390	#FFFFFF	#D3D3D3	14
1391	#FFFFFF	#D3D3D3	14
1392	#FFFFFF	#D3D3D3	14
1393	#FFFFFF	#D3D3D3	14
1394	#FFFFFF	#D3D3D3	108
1395	#FFFFFF	#D3D3D3	108
1396	#FFFFFF	#D3D3D3	108
1397	#FFFFFF	#D3D3D3	108
1398	#FFFFFF	#D3D3D3	108
1399	#FFFFFF	#D3D3D3	76
1400	#FFFFFF	#D3D3D3	108
1401	#FFFFFF	#D3D3D3	108
1402	#FFFFFF	#D3D3D3	47
1403	#FFFFFF	#D3D3D3	47
1404	#FFFFFF	#D3D3D3	14
1405	#FFFFFF	#D3D3D3	14
1406	#FFFFFF	#D3D3D3	14
1407	#FFFFFF	#D3D3D3	14
1408	#FFFFFF	#D3D3D3	14
1410	#FFFFFF	#D3D3D3	76
1411	#FFFFFF	#D3D3D3	76
1412	#FFFFFF	#D3D3D3	76
1413	#FFFFFF	#D3D3D3	76
1414	#FFFFFF	#D3D3D3	76
1415	#FFFFFF	#D3D3D3	26
1416	#FFFFFF	#D3D3D3	26
1417	#FFFFFF	#D3D3D3	76
1418	#FFFFFF	#D3D3D3	1
1419	#FFFFFF	#D3D3D3	1
1420	#FFFFFF	#D3D3D3	1
1421	#FFFFFF	#D3D3D3	1
1422	#FFFFFF	#D3D3D3	1
1423	#FFFFFF	#D3D3D3	1
1424	#FFFFFF	#D3D3D3	1
1425	#FFFFFF	#D3D3D3	1
1426	#FFFFFF	#D3D3D3	77
1427	#FFFFFF	#D3D3D3	1
1428	#FFFFFF	#D3D3D3	76
1429	#FFFFFF	#D3D3D3	77
1430	#FFFFFF	#D3D3D3	1
1431	#FFFFFF	#D3D3D3	1
1432	#FFFFFF	#D3D3D3	107
1433	#FFFFFF	#D3D3D3	107
1434	#FFFFFF	#D3D3D3	107
1435	#FFFFFF	#D3D3D3	107
1436	#FFFFFF	#D3D3D3	1
1437	#FFFFFF	#D3D3D3	1
1438	#FFFFFF	#D3D3D3	1
1439	#FFFFFF	#D3D3D3	76
1440	#FFFFFF	#D3D3D3	14
1441	#FFFFFF	#D3D3D3	14
1442	#FFFFFF	#D3D3D3	47
1443	#FFFFFF	#D3D3D3	47
1444	#FFFFFF	#D3D3D3	47
1445	#FFFFFF	#D3D3D3	108
1446	#FFFFFF	#D3D3D3	108
1447	#FFFFFF	#D3D3D3	108
1448	#FFFFFF	#D3D3D3	108
1449	#FFFFFF	#D3D3D3	108
1450	#FFFFFF	#D3D3D3	76
1451	#FFFFFF	#D3D3D3	108
1452	#FFFFFF	#D3D3D3	108
1453	#FFFFFF	#D3D3D3	47
1454	#FFFFFF	#D3D3D3	14
1455	#FFFFFF	#D3D3D3	14
1456	#FFFFFF	#D3D3D3	14
1457	#FFFFFF	#D3D3D3	14
1458	#FFFFFF	#D3D3D3	14
1459	#FFFFFF	#D3D3D3	14
1460	#FFFFFF	#D3D3D3	76
1461	#FFFFFF	#D3D3D3	76
1462	#FFFFFF	#D3D3D3	76
1463	#FFFFFF	#D3D3D3	76
1464	#FFFFFF	#D3D3D3	76
1466	#FFFFFF	#D3D3D3	26
1467	#FFFFFF	#D3D3D3	26
1468	#FFFFFF	#D3D3D3	1
1469	#FFFFFF	#D3D3D3	1
1470	#FFFFFF	#D3D3D3	1
1471	#FFFFFF	#D3D3D3	1
1472	#FFFFFF	#D3D3D3	1
1473	#FFFFFF	#D3D3D3	1
1474	#FFFFFF	#D3D3D3	1
1475	#FFFFFF	#D3D3D3	1
1476	#FFFFFF	#D3D3D3	77
1477	#FFFFFF	#D3D3D3	77
1478	#FFFFFF	#D3D3D3	76
1479	#FFFFFF	#D3D3D3	77
1480	#FFFFFF	#D3D3D3	1
1481	#FFFFFF	#D3D3D3	1
1482	#FFFFFF	#D3D3D3	1
1483	#FFFFFF	#D3D3D3	107
1484	#FFFFFF	#D3D3D3	107
1485	#FFFFFF	#D3D3D3	107
1486	#FFFFFF	#D3D3D3	1
1487	#FFFFFF	#D3D3D3	1
1488	#FFFFFF	#D3D3D3	1
1489	#FFFFFF	#D3D3D3	76
1490	#FFFFFF	#D3D3D3	14
1491	#FFFFFF	#D3D3D3	14
1492	#FFFFFF	#D3D3D3	47
1493	#FFFFFF	#D3D3D3	47
1494	#FFFFFF	#D3D3D3	47
1495	#FFFFFF	#D3D3D3	47
1496	#FFFFFF	#D3D3D3	108
1497	#FFFFFF	#D3D3D3	108
1498	#FFFFFF	#D3D3D3	108
1499	#FFFFFF	#D3D3D3	108
1500	#FFFFFF	#D3D3D3	76
1501	#FFFFFF	#D3D3D3	108
1502	#FFFFFF	#D3D3D3	108
1503	#FFFFFF	#D3D3D3	108
1504	#FFFFFF	#D3D3D3	47
1505	#FFFFFF	#D3D3D3	47
1506	#FFFFFF	#D3D3D3	47
1507	#FFFFFF	#D3D3D3	47
1508	#FFFFFF	#D3D3D3	14
1509	#FFFFFF	#D3D3D3	14
1511	#FFFFFF	#D3D3D3	76
1512	#FFFFFF	#D3D3D3	76
1513	#FFFFFF	#D3D3D3	76
1514	#FFFFFF	#D3D3D3	76
1515	#FFFFFF	#D3D3D3	76
1516	#FFFFFF	#D3D3D3	26
1517	#FFFFFF	#D3D3D3	26
1518	#FFFFFF	#D3D3D3	76
1519	#FFFFFF	#D3D3D3	1
1520	#FFFFFF	#D3D3D3	1
1521	#FFFFFF	#D3D3D3	1
1522	#FFFFFF	#D3D3D3	1
1523	#FFFFFF	#D3D3D3	1
1524	#FFFFFF	#D3D3D3	1
1525	#FFFFFF	#D3D3D3	1
1526	#FFFFFF	#D3D3D3	77
1527	#FFFFFF	#D3D3D3	77
1528	#FFFFFF	#D3D3D3	77
1529	#FFFFFF	#D3D3D3	76
1530	#FFFFFF	#D3D3D3	77
1531	#FFFFFF	#D3D3D3	77
1532	#FFFFFF	#D3D3D3	77
1533	#FFFFFF	#D3D3D3	1
1534	#FFFFFF	#D3D3D3	107
1535	#FFFFFF	#D3D3D3	107
1536	#FFFFFF	#D3D3D3	1
1537	#FFFFFF	#D3D3D3	1
1538	#FFFFFF	#D3D3D3	1
1539	#FFFFFF	#D3D3D3	14
1540	#FFFFFF	#D3D3D3	76
1541	#FFFFFF	#D3D3D3	14
1542	#FFFFFF	#D3D3D3	47
1543	#FFFFFF	#D3D3D3	47
1544	#FFFFFF	#D3D3D3	47
1545	#FFFFFF	#D3D3D3	47
1546	#FFFFFF	#D3D3D3	47
1547	#FFFFFF	#D3D3D3	108
1548	#FFFFFF	#D3D3D3	108
1549	#FFFFFF	#D3D3D3	108
1550	#FFFFFF	#D3D3D3	108
1551	#FFFFFF	#D3D3D3	76
1552	#FFFFFF	#D3D3D3	108
1553	#FFFFFF	#D3D3D3	108
1554	#FFFFFF	#D3D3D3	47
1555	#FFFFFF	#D3D3D3	47
1556	#FFFFFF	#D3D3D3	47
1557	#FFFFFF	#D3D3D3	47
1558	#FFFFFF	#D3D3D3	47
1559	#FFFFFF	#D3D3D3	14
1560	#FFFFFF	#D3D3D3	14
1561	#FFFFFF	#D3D3D3	76
1562	#FFFFFF	#D3D3D3	76
1563	#FFFFFF	#D3D3D3	76
1564	#FFFFFF	#D3D3D3	76
1565	#FFFFFF	#D3D3D3	76
1567	#FFFFFF	#D3D3D3	26
1568	#FFFFFF	#D3D3D3	26
1569	#FFFFFF	#D3D3D3	76
1570	#FFFFFF	#D3D3D3	1
1571	#FFFFFF	#D3D3D3	1
1572	#FFFFFF	#D3D3D3	1
1573	#FFFFFF	#D3D3D3	1
1574	#FFFFFF	#D3D3D3	1
1575	#FFFFFF	#D3D3D3	1
1576	#FFFFFF	#D3D3D3	1
1577	#FFFFFF	#D3D3D3	77
1578	#FFFFFF	#D3D3D3	77
1579	#FFFFFF	#D3D3D3	76
1580	#FFFFFF	#D3D3D3	77
1581	#FFFFFF	#D3D3D3	77
1582	#FFFFFF	#D3D3D3	77
1583	#FFFFFF	#D3D3D3	77
1584	#FFFFFF	#D3D3D3	1
1585	#FFFFFF	#D3D3D3	107
1586	#FFFFFF	#D3D3D3	1
1587	#FFFFFF	#D3D3D3	1
1588	#FFFFFF	#D3D3D3	1
1589	#FFFFFF	#D3D3D3	14
1590	#FFFFFF	#D3D3D3	76
1591	#FFFFFF	#D3D3D3	14
1592	#FFFFFF	#D3D3D3	14
1593	#FFFFFF	#D3D3D3	47
1594	#FFFFFF	#D3D3D3	47
1595	#FFFFFF	#D3D3D3	47
1596	#FFFFFF	#D3D3D3	47
1597	#FFFFFF	#D3D3D3	47
1598	#FFFFFF	#D3D3D3	108
1599	#FFFFFF	#D3D3D3	108
1600	#FFFFFF	#D3D3D3	108
1601	#FFFFFF	#D3D3D3	76
1602	#FFFFFF	#D3D3D3	108
1603	#FFFFFF	#D3D3D3	108
1604	#FFFFFF	#D3D3D3	47
1605	#FFFFFF	#D3D3D3	47
1606	#FFFFFF	#D3D3D3	47
1607	#FFFFFF	#D3D3D3	47
1608	#FFFFFF	#D3D3D3	47
1609	#FFFFFF	#D3D3D3	47
1610	#FFFFFF	#D3D3D3	47
1612	#FFFFFF	#D3D3D3	76
1613	#FFFFFF	#D3D3D3	76
1614	#FFFFFF	#D3D3D3	76
1615	#FFFFFF	#D3D3D3	76
1616	#FFFFFF	#D3D3D3	76
1617	#FFFFFF	#D3D3D3	26
1618	#FFFFFF	#D3D3D3	26
1619	#FFFFFF	#D3D3D3	26
1620	#FFFFFF	#D3D3D3	76
1621	#FFFFFF	#D3D3D3	1
1622	#FFFFFF	#D3D3D3	1
1623	#FFFFFF	#D3D3D3	1
1624	#FFFFFF	#D3D3D3	1
1625	#FFFFFF	#D3D3D3	76
1626	#FFFFFF	#D3D3D3	1
1627	#FFFFFF	#D3D3D3	1
1628	#FFFFFF	#D3D3D3	77
1629	#FFFFFF	#D3D3D3	77
1630	#FFFFFF	#D3D3D3	76
1631	#FFFFFF	#D3D3D3	77
1632	#FFFFFF	#D3D3D3	77
1633	#FFFFFF	#D3D3D3	77
1634	#FFFFFF	#D3D3D3	77
1635	#FFFFFF	#D3D3D3	1
1636	#FFFFFF	#D3D3D3	1
1637	#FFFFFF	#D3D3D3	1
1638	#FFFFFF	#D3D3D3	1
1639	#FFFFFF	#D3D3D3	82
1640	#FFFFFF	#D3D3D3	82
1641	#FFFFFF	#D3D3D3	76
1642	#FFFFFF	#D3D3D3	14
1643	#FFFFFF	#D3D3D3	14
1644	#FFFFFF	#D3D3D3	47
1645	#FFFFFF	#D3D3D3	47
1646	#FFFFFF	#D3D3D3	47
1647	#FFFFFF	#D3D3D3	47
1648	#FFFFFF	#D3D3D3	47
1649	#FFFFFF	#D3D3D3	108
1650	#FFFFFF	#D3D3D3	108
1651	#FFFFFF	#D3D3D3	108
1652	#FFFFFF	#D3D3D3	76
1653	#FFFFFF	#D3D3D3	108
1654	#FFFFFF	#D3D3D3	47
1655	#FFFFFF	#D3D3D3	47
1656	#FFFFFF	#D3D3D3	24
1657	#FFFFFF	#D3D3D3	47
1658	#FFFFFF	#D3D3D3	47
1659	#FFFFFF	#D3D3D3	47
1660	#FFFFFF	#D3D3D3	47
1661	#FFFFFF	#D3D3D3	47
1662	#FFFFFF	#D3D3D3	76
1663	#FFFFFF	#D3D3D3	76
1664	#FFFFFF	#D3D3D3	76
1665	#FFFFFF	#D3D3D3	76
1666	#FFFFFF	#D3D3D3	76
1668	#FFFFFF	#D3D3D3	26
1669	#FFFFFF	#D3D3D3	26
1670	#FFFFFF	#D3D3D3	76
1671	#FFFFFF	#D3D3D3	76
1672	#FFFFFF	#D3D3D3	76
1673	#FFFFFF	#D3D3D3	1
1674	#FFFFFF	#D3D3D3	1
1675	#FFFFFF	#D3D3D3	76
1676	#FFFFFF	#D3D3D3	1
1677	#FFFFFF	#D3D3D3	1
1678	#FFFFFF	#D3D3D3	77
1679	#FFFFFF	#D3D3D3	77
1680	#FFFFFF	#D3D3D3	26
1681	#FFFFFF	#D3D3D3	77
1682	#FFFFFF	#D3D3D3	77
1683	#FFFFFF	#D3D3D3	77
1684	#FFFFFF	#D3D3D3	77
1685	#FFFFFF	#D3D3D3	1
1686	#FFFFFF	#D3D3D3	1
1687	#FFFFFF	#D3D3D3	1
1688	#FFFFFF	#D3D3D3	1
1689	#FFFFFF	#D3D3D3	82
1690	#FFFFFF	#D3D3D3	82
1691	#FFFFFF	#D3D3D3	76
1692	#FFFFFF	#D3D3D3	82
1693	#FFFFFF	#D3D3D3	14
1694	#FFFFFF	#D3D3D3	14
1695	#FFFFFF	#D3D3D3	47
1696	#FFFFFF	#D3D3D3	47
1697	#FFFFFF	#D3D3D3	47
1698	#FFFFFF	#D3D3D3	47
1699	#FFFFFF	#D3D3D3	47
1700	#FFFFFF	#D3D3D3	108
1701	#FFFFFF	#D3D3D3	108
1702	#FFFFFF	#D3D3D3	76
1703	#FFFFFF	#D3D3D3	108
1704	#FFFFFF	#D3D3D3	47
1705	#FFFFFF	#D3D3D3	47
1706	#FFFFFF	#D3D3D3	24
1707	#FFFFFF	#D3D3D3	24
1708	#FFFFFF	#D3D3D3	47
1709	#FFFFFF	#D3D3D3	47
1710	#FFFFFF	#D3D3D3	47
1711	#FFFFFF	#D3D3D3	47
1713	#FFFFFF	#D3D3D3	76
1714	#FFFFFF	#D3D3D3	76
1715	#FFFFFF	#D3D3D3	76
1716	#FFFFFF	#D3D3D3	76
1717	#FFFFFF	#D3D3D3	76
1718	#FFFFFF	#D3D3D3	76
1719	#FFFFFF	#D3D3D3	76
1720	#FFFFFF	#D3D3D3	26
1721	#FFFFFF	#D3D3D3	76
1722	#FFFFFF	#D3D3D3	76
1723	#FFFFFF	#D3D3D3	1
1724	#FFFFFF	#D3D3D3	1
1725	#FFFFFF	#D3D3D3	76
1726	#FFFFFF	#D3D3D3	1
1727	#FFFFFF	#D3D3D3	1
1728	#FFFFFF	#D3D3D3	77
1729	#FFFFFF	#D3D3D3	77
1730	#FFFFFF	#D3D3D3	77
1731	#FFFFFF	#D3D3D3	26
1732	#FFFFFF	#D3D3D3	77
1733	#FFFFFF	#D3D3D3	77
1734	#FFFFFF	#D3D3D3	77
1735	#FFFFFF	#D3D3D3	1
1736	#FFFFFF	#D3D3D3	1
1737	#FFFFFF	#D3D3D3	1
1738	#FFFFFF	#D3D3D3	1
1739	#FFFFFF	#D3D3D3	82
1740	#FFFFFF	#D3D3D3	82
1741	#FFFFFF	#D3D3D3	82
1742	#FFFFFF	#D3D3D3	76
1743	#FFFFFF	#D3D3D3	82
1744	#FFFFFF	#D3D3D3	14
1745	#FFFFFF	#D3D3D3	14
1746	#FFFFFF	#D3D3D3	47
1747	#FFFFFF	#D3D3D3	47
1748	#FFFFFF	#D3D3D3	47
1749	#FFFFFF	#D3D3D3	47
1750	#FFFFFF	#D3D3D3	47
1751	#FFFFFF	#D3D3D3	108
1752	#FFFFFF	#D3D3D3	108
1753	#FFFFFF	#D3D3D3	76
1754	#FFFFFF	#D3D3D3	47
1755	#FFFFFF	#D3D3D3	47
1756	#FFFFFF	#D3D3D3	24
1757	#FFFFFF	#D3D3D3	24
1758	#FFFFFF	#D3D3D3	47
1759	#FFFFFF	#D3D3D3	47
1760	#FFFFFF	#D3D3D3	47
1761	#FFFFFF	#D3D3D3	47
1762	#FFFFFF	#D3D3D3	47
1763	#FFFFFF	#D3D3D3	76
1764	#FFFFFF	#D3D3D3	76
1765	#FFFFFF	#D3D3D3	76
1766	#FFFFFF	#D3D3D3	76
1767	#FFFFFF	#D3D3D3	76
1769	#FFFFFF	#D3D3D3	76
1770	#FFFFFF	#D3D3D3	76
1771	#FFFFFF	#D3D3D3	76
1772	#FFFFFF	#D3D3D3	76
1773	#FFFFFF	#D3D3D3	76
1774	#FFFFFF	#D3D3D3	1
1775	#FFFFFF	#D3D3D3	76
1776	#FFFFFF	#D3D3D3	1
1777	#FFFFFF	#D3D3D3	1
1778	#FFFFFF	#D3D3D3	1
1779	#FFFFFF	#D3D3D3	1
1780	#FFFFFF	#D3D3D3	77
1781	#FFFFFF	#D3D3D3	76
1782	#FFFFFF	#D3D3D3	77
1783	#FFFFFF	#D3D3D3	77
1784	#FFFFFF	#D3D3D3	77
1785	#FFFFFF	#D3D3D3	1
1786	#FFFFFF	#D3D3D3	1
1787	#FFFFFF	#D3D3D3	1
1788	#FFFFFF	#D3D3D3	1
1789	#FFFFFF	#D3D3D3	82
1790	#FFFFFF	#D3D3D3	82
1791	#FFFFFF	#D3D3D3	82
1792	#FFFFFF	#D3D3D3	26
1793	#FFFFFF	#D3D3D3	82
1794	#FFFFFF	#D3D3D3	82
1795	#FFFFFF	#D3D3D3	14
1796	#FFFFFF	#D3D3D3	14
1797	#FFFFFF	#D3D3D3	47
1798	#FFFFFF	#D3D3D3	47
1799	#FFFFFF	#D3D3D3	47
1800	#FFFFFF	#D3D3D3	47
1801	#FFFFFF	#D3D3D3	47
1802	#FFFFFF	#D3D3D3	108
1803	#FFFFFF	#D3D3D3	76
1804	#FFFFFF	#D3D3D3	47
1805	#FFFFFF	#D3D3D3	47
1806	#FFFFFF	#D3D3D3	24
1807	#FFFFFF	#D3D3D3	24
1808	#FFFFFF	#D3D3D3	24
1809	#FFFFFF	#D3D3D3	47
1810	#FFFFFF	#D3D3D3	47
1811	#FFFFFF	#D3D3D3	47
1812	#FFFFFF	#D3D3D3	47
1814	#FFFFFF	#D3D3D3	76
1815	#FFFFFF	#D3D3D3	76
1816	#FFFFFF	#D3D3D3	76
1817	#FFFFFF	#D3D3D3	76
1818	#FFFFFF	#D3D3D3	76
1819	#FFFFFF	#D3D3D3	76
1820	#FFFFFF	#D3D3D3	76
1821	#FFFFFF	#D3D3D3	76
1822	#FFFFFF	#D3D3D3	76
1823	#FFFFFF	#D3D3D3	76
1824	#FFFFFF	#D3D3D3	76
1825	#FFFFFF	#D3D3D3	76
1826	#FFFFFF	#D3D3D3	1
1827	#FFFFFF	#D3D3D3	1
1828	#FFFFFF	#D3D3D3	1
1829	#FFFFFF	#D3D3D3	1
1830	#FFFFFF	#D3D3D3	77
1831	#FFFFFF	#D3D3D3	77
1832	#FFFFFF	#D3D3D3	76
1833	#FFFFFF	#D3D3D3	77
1834	#FFFFFF	#D3D3D3	77
1835	#FFFFFF	#D3D3D3	77
1836	#FFFFFF	#D3D3D3	1
1837	#FFFFFF	#D3D3D3	1
1838	#FFFFFF	#D3D3D3	1
1839	#FFFFFF	#D3D3D3	1
1840	#FFFFFF	#D3D3D3	82
1841	#FFFFFF	#D3D3D3	82
1842	#FFFFFF	#D3D3D3	82
1843	#FFFFFF	#D3D3D3	76
1844	#FFFFFF	#D3D3D3	82
1845	#FFFFFF	#D3D3D3	82
1846	#FFFFFF	#D3D3D3	14
1847	#FFFFFF	#D3D3D3	14
1848	#FFFFFF	#D3D3D3	47
1849	#FFFFFF	#D3D3D3	47
1850	#FFFFFF	#D3D3D3	47
1851	#FFFFFF	#D3D3D3	47
1852	#FFFFFF	#D3D3D3	47
1853	#FFFFFF	#D3D3D3	47
1854	#FFFFFF	#D3D3D3	76
1855	#FFFFFF	#D3D3D3	47
1856	#FFFFFF	#D3D3D3	24
1857	#FFFFFF	#D3D3D3	24
1858	#FFFFFF	#D3D3D3	24
1859	#FFFFFF	#D3D3D3	47
1860	#FFFFFF	#D3D3D3	24
1861	#FFFFFF	#D3D3D3	47
1862	#FFFFFF	#D3D3D3	47
1863	#FFFFFF	#D3D3D3	47
1864	#FFFFFF	#D3D3D3	76
1865	#FFFFFF	#D3D3D3	76
1866	#FFFFFF	#D3D3D3	76
1867	#FFFFFF	#D3D3D3	76
1868	#FFFFFF	#D3D3D3	76
1870	#FFFFFF	#D3D3D3	76
1871	#FFFFFF	#D3D3D3	76
1872	#FFFFFF	#D3D3D3	76
1873	#FFFFFF	#D3D3D3	76
1874	#FFFFFF	#D3D3D3	76
1875	#FFFFFF	#D3D3D3	76
1876	#FFFFFF	#D3D3D3	1
1877	#FFFFFF	#D3D3D3	1
1878	#FFFFFF	#D3D3D3	1
1879	#FFFFFF	#D3D3D3	77
1880	#FFFFFF	#D3D3D3	77
1881	#FFFFFF	#D3D3D3	77
1882	#FFFFFF	#D3D3D3	76
1883	#FFFFFF	#D3D3D3	77
1884	#FFFFFF	#D3D3D3	77
1885	#FFFFFF	#D3D3D3	77
1886	#FFFFFF	#D3D3D3	1
1887	#FFFFFF	#D3D3D3	1
1888	#FFFFFF	#D3D3D3	1
1889	#FFFFFF	#D3D3D3	1
1890	#FFFFFF	#D3D3D3	1
1891	#FFFFFF	#D3D3D3	82
1892	#FFFFFF	#D3D3D3	82
1893	#FFFFFF	#D3D3D3	76
1894	#FFFFFF	#D3D3D3	82
1895	#FFFFFF	#D3D3D3	82
1896	#FFFFFF	#D3D3D3	82
1897	#FFFFFF	#D3D3D3	14
1898	#FFFFFF	#D3D3D3	14
1899	#FFFFFF	#D3D3D3	14
1900	#FFFFFF	#D3D3D3	47
1901	#FFFFFF	#D3D3D3	47
1902	#FFFFFF	#D3D3D3	47
1903	#FFFFFF	#D3D3D3	47
1904	#FFFFFF	#D3D3D3	76
1905	#FFFFFF	#D3D3D3	47
1906	#FFFFFF	#D3D3D3	24
1907	#FFFFFF	#D3D3D3	24
1908	#FFFFFF	#D3D3D3	24
1909	#FFFFFF	#D3D3D3	24
1910	#FFFFFF	#D3D3D3	24
1911	#FFFFFF	#D3D3D3	24
1912	#FFFFFF	#D3D3D3	47
1913	#FFFFFF	#D3D3D3	47
1915	#FFFFFF	#D3D3D3	76
1916	#FFFFFF	#D3D3D3	76
1917	#FFFFFF	#D3D3D3	76
1918	#FFFFFF	#D3D3D3	76
1919	#FFFFFF	#D3D3D3	76
1920	#FFFFFF	#D3D3D3	76
1921	#FFFFFF	#D3D3D3	76
1922	#FFFFFF	#D3D3D3	76
1923	#FFFFFF	#D3D3D3	76
1924	#FFFFFF	#D3D3D3	76
1925	#FFFFFF	#D3D3D3	76
1926	#FFFFFF	#D3D3D3	1
1927	#FFFFFF	#D3D3D3	1
1928	#FFFFFF	#D3D3D3	1
1929	#FFFFFF	#D3D3D3	77
1930	#FFFFFF	#D3D3D3	77
1931	#FFFFFF	#D3D3D3	77
1932	#FFFFFF	#D3D3D3	77
1933	#FFFFFF	#D3D3D3	76
1934	#FFFFFF	#D3D3D3	77
1935	#FFFFFF	#D3D3D3	77
1936	#FFFFFF	#D3D3D3	1
1937	#FFFFFF	#D3D3D3	1
1938	#FFFFFF	#D3D3D3	1
1939	#FFFFFF	#D3D3D3	1
1940	#FFFFFF	#D3D3D3	1
1941	#FFFFFF	#D3D3D3	1
1942	#FFFFFF	#D3D3D3	82
1943	#FFFFFF	#D3D3D3	82
1944	#FFFFFF	#D3D3D3	76
1945	#FFFFFF	#D3D3D3	82
1946	#FFFFFF	#D3D3D3	82
1947	#FFFFFF	#D3D3D3	82
1948	#FFFFFF	#D3D3D3	14
1949	#FFFFFF	#D3D3D3	14
1950	#FFFFFF	#D3D3D3	14
1951	#FFFFFF	#D3D3D3	47
1952	#FFFFFF	#D3D3D3	47
1953	#FFFFFF	#D3D3D3	47
1954	#FFFFFF	#D3D3D3	47
1955	#FFFFFF	#D3D3D3	76
1956	#FFFFFF	#D3D3D3	24
1957	#FFFFFF	#D3D3D3	24
1958	#FFFFFF	#D3D3D3	24
1959	#FFFFFF	#D3D3D3	24
1960	#FFFFFF	#D3D3D3	24
1961	#FFFFFF	#D3D3D3	24
1962	#FFFFFF	#D3D3D3	24
1963	#FFFFFF	#D3D3D3	47
1964	#FFFFFF	#D3D3D3	47
1965	#FFFFFF	#D3D3D3	76
1966	#FFFFFF	#D3D3D3	76
1967	#FFFFFF	#D3D3D3	76
1968	#FFFFFF	#D3D3D3	76
1969	#FFFFFF	#D3D3D3	76
1971	#FFFFFF	#D3D3D3	76
1972	#FFFFFF	#D3D3D3	76
1973	#FFFFFF	#D3D3D3	76
1974	#FFFFFF	#D3D3D3	76
1975	#FFFFFF	#D3D3D3	76
1976	#FFFFFF	#D3D3D3	76
1977	#FFFFFF	#D3D3D3	1
1978	#FFFFFF	#D3D3D3	1
1979	#FFFFFF	#D3D3D3	77
1980	#FFFFFF	#D3D3D3	77
1981	#FFFFFF	#D3D3D3	77
1982	#FFFFFF	#D3D3D3	77
1983	#FFFFFF	#D3D3D3	76
1984	#FFFFFF	#D3D3D3	77
1985	#FFFFFF	#D3D3D3	1
1986	#FFFFFF	#D3D3D3	1
1987	#FFFFFF	#D3D3D3	1
1988	#FFFFFF	#D3D3D3	1
1989	#FFFFFF	#D3D3D3	1
1990	#FFFFFF	#D3D3D3	1
1991	#FFFFFF	#D3D3D3	5
1992	#FFFFFF	#D3D3D3	1
1993	#FFFFFF	#D3D3D3	82
1994	#FFFFFF	#D3D3D3	76
1995	#FFFFFF	#D3D3D3	82
1996	#FFFFFF	#D3D3D3	82
1997	#FFFFFF	#D3D3D3	82
1998	#FFFFFF	#D3D3D3	82
1999	#FFFFFF	#D3D3D3	14
2000	#FFFFFF	#D3D3D3	14
2001	#FFFFFF	#D3D3D3	14
2002	#FFFFFF	#D3D3D3	47
2003	#FFFFFF	#D3D3D3	14
2004	#FFFFFF	#D3D3D3	47
2005	#FFFFFF	#D3D3D3	76
2006	#FFFFFF	#D3D3D3	47
2007	#FFFFFF	#D3D3D3	24
2008	#FFFFFF	#D3D3D3	24
2009	#FFFFFF	#D3D3D3	24
2010	#FFFFFF	#D3D3D3	24
2011	#FFFFFF	#D3D3D3	24
2012	#FFFFFF	#D3D3D3	24
2013	#FFFFFF	#D3D3D3	24
2014	#FFFFFF	#D3D3D3	47
2016	#FFFFFF	#D3D3D3	76
2017	#FFFFFF	#D3D3D3	76
2018	#FFFFFF	#D3D3D3	76
2019	#FFFFFF	#D3D3D3	76
2020	#FFFFFF	#D3D3D3	76
2021	#FFFFFF	#D3D3D3	76
2022	#FFFFFF	#D3D3D3	76
2023	#FFFFFF	#D3D3D3	76
2024	#FFFFFF	#D3D3D3	76
2025	#FFFFFF	#D3D3D3	76
2026	#FFFFFF	#D3D3D3	15
2027	#FFFFFF	#D3D3D3	76
2028	#FFFFFF	#D3D3D3	1
2029	#FFFFFF	#D3D3D3	77
2030	#FFFFFF	#D3D3D3	77
2031	#FFFFFF	#D3D3D3	77
2032	#FFFFFF	#D3D3D3	77
2033	#FFFFFF	#D3D3D3	77
2034	#FFFFFF	#D3D3D3	76
2035	#FFFFFF	#D3D3D3	1
2036	#FFFFFF	#D3D3D3	1
2037	#FFFFFF	#D3D3D3	1
2038	#FFFFFF	#D3D3D3	1
2039	#FFFFFF	#D3D3D3	5
2040	#FFFFFF	#D3D3D3	1
2041	#FFFFFF	#D3D3D3	1
2042	#FFFFFF	#D3D3D3	5
2043	#FFFFFF	#D3D3D3	1
2044	#FFFFFF	#D3D3D3	14
2045	#FFFFFF	#D3D3D3	76
2046	#FFFFFF	#D3D3D3	82
2047	#FFFFFF	#D3D3D3	82
2048	#FFFFFF	#D3D3D3	82
2049	#FFFFFF	#D3D3D3	82
2050	#FFFFFF	#D3D3D3	14
2051	#FFFFFF	#D3D3D3	14
2052	#FFFFFF	#D3D3D3	47
2053	#FFFFFF	#D3D3D3	14
2054	#FFFFFF	#D3D3D3	47
2055	#FFFFFF	#D3D3D3	47
2056	#FFFFFF	#D3D3D3	76
2057	#FFFFFF	#D3D3D3	47
2058	#FFFFFF	#D3D3D3	24
2059	#FFFFFF	#D3D3D3	24
2060	#FFFFFF	#D3D3D3	24
2061	#FFFFFF	#D3D3D3	24
2062	#FFFFFF	#D3D3D3	24
2063	#FFFFFF	#D3D3D3	24
2064	#FFFFFF	#D3D3D3	24
2065	#FFFFFF	#D3D3D3	47
2066	#FFFFFF	#D3D3D3	76
2067	#FFFFFF	#D3D3D3	76
2068	#FFFFFF	#D3D3D3	76
2069	#FFFFFF	#D3D3D3	76
2070	#FFFFFF	#D3D3D3	76
2072	#FFFFFF	#D3D3D3	76
2073	#FFFFFF	#D3D3D3	76
2074	#FFFFFF	#D3D3D3	76
2075	#FFFFFF	#D3D3D3	76
2076	#FFFFFF	#D3D3D3	15
2077	#FFFFFF	#D3D3D3	76
2078	#FFFFFF	#D3D3D3	1
2079	#FFFFFF	#D3D3D3	1
2080	#FFFFFF	#D3D3D3	77
2081	#FFFFFF	#D3D3D3	77
2082	#FFFFFF	#D3D3D3	77
2083	#FFFFFF	#D3D3D3	77
2084	#FFFFFF	#D3D3D3	76
2085	#FFFFFF	#D3D3D3	77
2086	#FFFFFF	#D3D3D3	1
2087	#FFFFFF	#D3D3D3	1
2088	#FFFFFF	#D3D3D3	1
2089	#FFFFFF	#D3D3D3	5
2090	#FFFFFF	#D3D3D3	5
2091	#FFFFFF	#D3D3D3	5
2092	#FFFFFF	#D3D3D3	5
2093	#FFFFFF	#D3D3D3	5
2094	#FFFFFF	#D3D3D3	1
2095	#FFFFFF	#D3D3D3	76
2096	#FFFFFF	#D3D3D3	14
2097	#FFFFFF	#D3D3D3	82
2098	#FFFFFF	#D3D3D3	82
2099	#FFFFFF	#D3D3D3	82
2100	#FFFFFF	#D3D3D3	82
2101	#FFFFFF	#D3D3D3	14
2102	#FFFFFF	#D3D3D3	14
2103	#FFFFFF	#D3D3D3	14
2104	#FFFFFF	#D3D3D3	14
2105	#FFFFFF	#D3D3D3	47
2106	#FFFFFF	#D3D3D3	76
2107	#FFFFFF	#D3D3D3	47
2108	#FFFFFF	#D3D3D3	47
2109	#FFFFFF	#D3D3D3	24
2110	#FFFFFF	#D3D3D3	24
2111	#FFFFFF	#D3D3D3	24
2112	#FFFFFF	#D3D3D3	24
2113	#FFFFFF	#D3D3D3	24
2114	#FFFFFF	#D3D3D3	24
2115	#FFFFFF	#D3D3D3	24
2117	#FFFFFF	#D3D3D3	76
2118	#FFFFFF	#D3D3D3	76
2119	#FFFFFF	#D3D3D3	76
2120	#FFFFFF	#D3D3D3	76
2121	#FFFFFF	#D3D3D3	76
2122	#FFFFFF	#D3D3D3	26
2123	#FFFFFF	#D3D3D3	26
2124	#FFFFFF	#D3D3D3	76
2125	#FFFFFF	#D3D3D3	76
2126	#FFFFFF	#D3D3D3	15
2127	#FFFFFF	#D3D3D3	15
2128	#FFFFFF	#D3D3D3	1
2129	#FFFFFF	#D3D3D3	1
2130	#FFFFFF	#D3D3D3	1
2131	#FFFFFF	#D3D3D3	77
2132	#FFFFFF	#D3D3D3	77
2133	#FFFFFF	#D3D3D3	77
2134	#FFFFFF	#D3D3D3	77
2135	#FFFFFF	#D3D3D3	76
2136	#FFFFFF	#D3D3D3	1
2137	#FFFFFF	#D3D3D3	1
2138	#FFFFFF	#D3D3D3	1
2139	#FFFFFF	#D3D3D3	5
2140	#FFFFFF	#D3D3D3	5
2141	#FFFFFF	#D3D3D3	5
2142	#FFFFFF	#D3D3D3	5
2143	#FFFFFF	#D3D3D3	5
2144	#FFFFFF	#D3D3D3	5
2145	#FFFFFF	#D3D3D3	1
2146	#FFFFFF	#D3D3D3	76
2147	#FFFFFF	#D3D3D3	14
2148	#FFFFFF	#D3D3D3	82
2149	#FFFFFF	#D3D3D3	82
2150	#FFFFFF	#D3D3D3	82
2151	#FFFFFF	#D3D3D3	82
2152	#FFFFFF	#D3D3D3	14
2153	#FFFFFF	#D3D3D3	14
2154	#FFFFFF	#D3D3D3	14
2155	#FFFFFF	#D3D3D3	47
2156	#FFFFFF	#D3D3D3	47
2157	#FFFFFF	#D3D3D3	76
2158	#FFFFFF	#D3D3D3	47
2159	#FFFFFF	#D3D3D3	47
2160	#FFFFFF	#D3D3D3	24
2161	#FFFFFF	#D3D3D3	24
2162	#FFFFFF	#D3D3D3	24
2163	#FFFFFF	#D3D3D3	24
2164	#FFFFFF	#D3D3D3	24
2165	#FFFFFF	#D3D3D3	24
2166	#FFFFFF	#D3D3D3	24
2167	#FFFFFF	#D3D3D3	76
2168	#FFFFFF	#D3D3D3	76
2169	#FFFFFF	#D3D3D3	76
2170	#FFFFFF	#D3D3D3	76
2171	#FFFFFF	#D3D3D3	76
2173	#FFFFFF	#D3D3D3	26
2174	#FFFFFF	#D3D3D3	76
2175	#FFFFFF	#D3D3D3	76
2176	#FFFFFF	#D3D3D3	76
2177	#FFFFFF	#D3D3D3	15
2178	#FFFFFF	#D3D3D3	1
2179	#FFFFFF	#D3D3D3	15
2180	#FFFFFF	#D3D3D3	1
2181	#FFFFFF	#D3D3D3	1
2182	#FFFFFF	#D3D3D3	77
2183	#FFFFFF	#D3D3D3	77
2184	#FFFFFF	#D3D3D3	77
2185	#FFFFFF	#D3D3D3	76
2186	#FFFFFF	#D3D3D3	1
2187	#FFFFFF	#D3D3D3	1
2188	#FFFFFF	#D3D3D3	1
2189	#FFFFFF	#D3D3D3	1
2190	#FFFFFF	#D3D3D3	5
2191	#FFFFFF	#D3D3D3	5
2192	#FFFFFF	#D3D3D3	5
2193	#FFFFFF	#D3D3D3	5
2194	#FFFFFF	#D3D3D3	5
2195	#FFFFFF	#D3D3D3	5
2196	#FFFFFF	#D3D3D3	76
2197	#FFFFFF	#D3D3D3	1
2198	#FFFFFF	#D3D3D3	14
2199	#FFFFFF	#D3D3D3	82
2200	#FFFFFF	#D3D3D3	82
2201	#FFFFFF	#D3D3D3	82
2202	#FFFFFF	#D3D3D3	82
2203	#FFFFFF	#D3D3D3	14
2204	#FFFFFF	#D3D3D3	14
2205	#FFFFFF	#D3D3D3	47
2206	#FFFFFF	#D3D3D3	47
2207	#FFFFFF	#D3D3D3	76
2208	#FFFFFF	#D3D3D3	47
2209	#FFFFFF	#D3D3D3	47
2210	#FFFFFF	#D3D3D3	47
2211	#FFFFFF	#D3D3D3	24
2212	#FFFFFF	#D3D3D3	24
2213	#FFFFFF	#D3D3D3	24
2214	#FFFFFF	#D3D3D3	24
2215	#FFFFFF	#D3D3D3	24
2216	#FFFFFF	#D3D3D3	24
2218	#FFFFFF	#D3D3D3	76
2219	#FFFFFF	#D3D3D3	76
2220	#FFFFFF	#D3D3D3	76
2221	#FFFFFF	#D3D3D3	76
2222	#FFFFFF	#D3D3D3	76
2223	#FFFFFF	#D3D3D3	26
2224	#FFFFFF	#D3D3D3	26
2225	#FFFFFF	#D3D3D3	76
2226	#FFFFFF	#D3D3D3	76
2227	#FFFFFF	#D3D3D3	76
2228	#FFFFFF	#D3D3D3	15
2229	#FFFFFF	#D3D3D3	15
2230	#FFFFFF	#D3D3D3	15
2231	#FFFFFF	#D3D3D3	1
2232	#FFFFFF	#D3D3D3	1
2233	#FFFFFF	#D3D3D3	77
2234	#FFFFFF	#D3D3D3	77
2235	#FFFFFF	#D3D3D3	1
2236	#FFFFFF	#D3D3D3	76
2237	#FFFFFF	#D3D3D3	1
2238	#FFFFFF	#D3D3D3	1
2239	#FFFFFF	#D3D3D3	5
2240	#FFFFFF	#D3D3D3	5
2241	#FFFFFF	#D3D3D3	5
2242	#FFFFFF	#D3D3D3	5
2243	#FFFFFF	#D3D3D3	5
2244	#FFFFFF	#D3D3D3	5
2245	#FFFFFF	#D3D3D3	5
2246	#FFFFFF	#D3D3D3	5
2247	#FFFFFF	#D3D3D3	76
2248	#FFFFFF	#D3D3D3	1
2249	#FFFFFF	#D3D3D3	14
2250	#FFFFFF	#D3D3D3	82
2251	#FFFFFF	#D3D3D3	82
2252	#FFFFFF	#D3D3D3	82
2253	#FFFFFF	#D3D3D3	14
2254	#FFFFFF	#D3D3D3	14
2255	#FFFFFF	#D3D3D3	14
2256	#FFFFFF	#D3D3D3	14
2257	#FFFFFF	#D3D3D3	14
2258	#FFFFFF	#D3D3D3	76
2259	#FFFFFF	#D3D3D3	47
2260	#FFFFFF	#D3D3D3	47
2261	#FFFFFF	#D3D3D3	47
2262	#FFFFFF	#D3D3D3	24
2263	#FFFFFF	#D3D3D3	24
2264	#FFFFFF	#D3D3D3	24
2265	#FFFFFF	#D3D3D3	24
2266	#FFFFFF	#D3D3D3	24
2267	#FFFFFF	#D3D3D3	24
2268	#FFFFFF	#D3D3D3	76
2269	#FFFFFF	#D3D3D3	76
2270	#FFFFFF	#D3D3D3	76
2271	#FFFFFF	#D3D3D3	76
2272	#FFFFFF	#D3D3D3	76
2274	#FFFFFF	#D3D3D3	30
2275	#FFFFFF	#D3D3D3	30
2276	#FFFFFF	#D3D3D3	30
2277	#FFFFFF	#D3D3D3	30
2278	#FFFFFF	#D3D3D3	30
2279	#FFFFFF	#D3D3D3	30
2280	#FFFFFF	#D3D3D3	30
2281	#FFFFFF	#D3D3D3	30
2282	#FFFFFF	#D3D3D3	30
2283	#FFFFFF	#D3D3D3	30
2284	#FFFFFF	#D3D3D3	14
2285	#FFFFFF	#D3D3D3	14
2286	#FFFFFF	#D3D3D3	30
2287	#FFFFFF	#D3D3D3	14
2288	#FFFFFF	#D3D3D3	14
2289	#FFFFFF	#D3D3D3	14
2290	#FFFFFF	#D3D3D3	14
2291	#FFFFFF	#D3D3D3	30
2292	#FFFFFF	#D3D3D3	30
2293	#FFFFFF	#D3D3D3	30
2294	#FFFFFF	#D3D3D3	123
2295	#FFFFFF	#D3D3D3	30
2296	#FFFFFF	#D3D3D3	30
2297	#FFFFFF	#D3D3D3	30
2298	#FFFFFF	#D3D3D3	30
2299	#FFFFFF	#D3D3D3	30
2300	#FFFFFF	#D3D3D3	30
2301	#FFFFFF	#D3D3D3	14
2302	#FFFFFF	#D3D3D3	14
2303	#FFFFFF	#D3D3D3	14
2304	#FFFFFF	#D3D3D3	14
2305	#FFFFFF	#D3D3D3	14
2306	#FFFFFF	#D3D3D3	14
2307	#FFFFFF	#D3D3D3	14
2308	#FFFFFF	#D3D3D3	30
2309	#FFFFFF	#D3D3D3	14
2310	#FFFFFF	#D3D3D3	14
2311	#FFFFFF	#D3D3D3	121
2312	#FFFFFF	#D3D3D3	121
2313	#FFFFFF	#D3D3D3	121
2314	#FFFFFF	#D3D3D3	121
2315	#FFFFFF	#D3D3D3	14
2316	#FFFFFF	#D3D3D3	14
2317	#FFFFFF	#D3D3D3	14
2319	#FFFFFF	#D3D3D3	30
2320	#FFFFFF	#D3D3D3	30
2321	#FFFFFF	#D3D3D3	30
2322	#FFFFFF	#D3D3D3	30
2323	#FFFFFF	#D3D3D3	30
2324	#FFFFFF	#D3D3D3	30
2325	#FFFFFF	#D3D3D3	30
2326	#FFFFFF	#D3D3D3	30
2327	#FFFFFF	#D3D3D3	30
2328	#FFFFFF	#D3D3D3	30
2329	#FFFFFF	#D3D3D3	30
2330	#FFFFFF	#D3D3D3	30
2331	#FFFFFF	#D3D3D3	30
2332	#FFFFFF	#D3D3D3	30
2333	#FFFFFF	#D3D3D3	30
2334	#FFFFFF	#D3D3D3	14
2335	#FFFFFF	#D3D3D3	14
2336	#FFFFFF	#D3D3D3	14
2337	#FFFFFF	#D3D3D3	30
2338	#FFFFFF	#D3D3D3	14
2339	#FFFFFF	#D3D3D3	14
2340	#FFFFFF	#D3D3D3	14
2341	#FFFFFF	#D3D3D3	14
2342	#FFFFFF	#D3D3D3	14
2343	#FFFFFF	#D3D3D3	14
2344	#FFFFFF	#D3D3D3	30
2345	#FFFFFF	#D3D3D3	30
2346	#FFFFFF	#D3D3D3	30
2347	#FFFFFF	#D3D3D3	30
2348	#FFFFFF	#D3D3D3	30
2349	#FFFFFF	#D3D3D3	30
2350	#FFFFFF	#D3D3D3	30
2351	#FFFFFF	#D3D3D3	30
2352	#FFFFFF	#D3D3D3	14
2353	#FFFFFF	#D3D3D3	14
2354	#FFFFFF	#D3D3D3	14
2355	#FFFFFF	#D3D3D3	14
2356	#FFFFFF	#D3D3D3	14
2357	#FFFFFF	#D3D3D3	14
2358	#FFFFFF	#D3D3D3	14
2359	#FFFFFF	#D3D3D3	30
2360	#FFFFFF	#D3D3D3	14
2361	#FFFFFF	#D3D3D3	121
2362	#FFFFFF	#D3D3D3	121
2363	#FFFFFF	#D3D3D3	121
2364	#FFFFFF	#D3D3D3	121
2365	#FFFFFF	#D3D3D3	14
2366	#FFFFFF	#D3D3D3	14
2367	#FFFFFF	#D3D3D3	14
2368	#FFFFFF	#D3D3D3	14
2369	#FFFFFF	#D3D3D3	30
2370	#FFFFFF	#D3D3D3	30
2371	#FFFFFF	#D3D3D3	30
2372	#FFFFFF	#D3D3D3	30
2373	#FFFFFF	#D3D3D3	30
2375	#FFFFFF	#D3D3D3	76
2376	#FFFFFF	#D3D3D3	26
2377	#FFFFFF	#D3D3D3	76
2378	#FFFFFF	#D3D3D3	76
2379	#FFFFFF	#D3D3D3	15
2380	#FFFFFF	#D3D3D3	15
2381	#FFFFFF	#D3D3D3	15
2382	#FFFFFF	#D3D3D3	15
2383	#FFFFFF	#D3D3D3	1
2384	#FFFFFF	#D3D3D3	1
2385	#FFFFFF	#D3D3D3	77
2386	#FFFFFF	#D3D3D3	1
2387	#FFFFFF	#D3D3D3	26
2388	#FFFFFF	#D3D3D3	1
2389	#FFFFFF	#D3D3D3	1
2390	#FFFFFF	#D3D3D3	5
2391	#FFFFFF	#D3D3D3	5
2392	#FFFFFF	#D3D3D3	5
2393	#FFFFFF	#D3D3D3	5
2394	#FFFFFF	#D3D3D3	5
2395	#FFFFFF	#D3D3D3	5
2396	#FFFFFF	#D3D3D3	5
2397	#FFFFFF	#D3D3D3	5
2398	#FFFFFF	#D3D3D3	76
2399	#FFFFFF	#D3D3D3	5
2400	#FFFFFF	#D3D3D3	1
2401	#FFFFFF	#D3D3D3	14
2402	#FFFFFF	#D3D3D3	82
2403	#FFFFFF	#D3D3D3	82
2404	#FFFFFF	#D3D3D3	82
2405	#FFFFFF	#D3D3D3	82
2406	#FFFFFF	#D3D3D3	14
2407	#FFFFFF	#D3D3D3	14
2408	#FFFFFF	#D3D3D3	14
2409	#FFFFFF	#D3D3D3	76
2410	#FFFFFF	#D3D3D3	14
2411	#FFFFFF	#D3D3D3	47
2412	#FFFFFF	#D3D3D3	47
2413	#FFFFFF	#D3D3D3	47
2414	#FFFFFF	#D3D3D3	24
2415	#FFFFFF	#D3D3D3	24
2416	#FFFFFF	#D3D3D3	24
2417	#FFFFFF	#D3D3D3	24
2418	#FFFFFF	#D3D3D3	24
2420	#FFFFFF	#D3D3D3	76
2421	#FFFFFF	#D3D3D3	76
2422	#FFFFFF	#D3D3D3	76
2423	#FFFFFF	#D3D3D3	76
2424	#FFFFFF	#D3D3D3	76
2425	#FFFFFF	#D3D3D3	76
2426	#FFFFFF	#D3D3D3	76
2427	#FFFFFF	#D3D3D3	26
2428	#FFFFFF	#D3D3D3	76
2429	#FFFFFF	#D3D3D3	76
2430	#FFFFFF	#D3D3D3	15
2431	#FFFFFF	#D3D3D3	15
2432	#FFFFFF	#D3D3D3	15
2433	#FFFFFF	#D3D3D3	15
2434	#FFFFFF	#D3D3D3	1
2435	#FFFFFF	#D3D3D3	1
2436	#FFFFFF	#D3D3D3	1
2437	#FFFFFF	#D3D3D3	1
2438	#FFFFFF	#D3D3D3	26
2439	#FFFFFF	#D3D3D3	1
2440	#FFFFFF	#D3D3D3	5
2441	#FFFFFF	#D3D3D3	5
2442	#FFFFFF	#D3D3D3	5
2443	#FFFFFF	#D3D3D3	5
2444	#FFFFFF	#D3D3D3	5
2445	#FFFFFF	#D3D3D3	5
2446	#FFFFFF	#D3D3D3	5
2447	#FFFFFF	#D3D3D3	5
2448	#FFFFFF	#D3D3D3	5
2449	#FFFFFF	#D3D3D3	76
2450	#FFFFFF	#D3D3D3	1
2451	#FFFFFF	#D3D3D3	1
2452	#FFFFFF	#D3D3D3	14
2453	#FFFFFF	#D3D3D3	82
2454	#FFFFFF	#D3D3D3	14
2455	#FFFFFF	#D3D3D3	82
2456	#FFFFFF	#D3D3D3	82
2457	#FFFFFF	#D3D3D3	14
2458	#FFFFFF	#D3D3D3	14
2459	#FFFFFF	#D3D3D3	14
2460	#FFFFFF	#D3D3D3	76
2461	#FFFFFF	#D3D3D3	47
2462	#FFFFFF	#D3D3D3	47
2463	#FFFFFF	#D3D3D3	47
2464	#FFFFFF	#D3D3D3	47
2465	#FFFFFF	#D3D3D3	24
2466	#FFFFFF	#D3D3D3	24
2467	#FFFFFF	#D3D3D3	24
2468	#FFFFFF	#D3D3D3	24
2469	#FFFFFF	#D3D3D3	24
2470	#FFFFFF	#D3D3D3	76
2471	#FFFFFF	#D3D3D3	76
2472	#FFFFFF	#D3D3D3	76
2473	#FFFFFF	#D3D3D3	76
2474	#FFFFFF	#D3D3D3	76
2476	#FFFFFF	#D3D3D3	76
2477	#FFFFFF	#D3D3D3	26
2478	#FFFFFF	#D3D3D3	76
2479	#FFFFFF	#D3D3D3	76
2480	#FFFFFF	#D3D3D3	15
2481	#FFFFFF	#D3D3D3	15
2482	#FFFFFF	#D3D3D3	15
2483	#FFFFFF	#D3D3D3	15
2484	#FFFFFF	#D3D3D3	15
2485	#FFFFFF	#D3D3D3	1
2486	#FFFFFF	#D3D3D3	1
2487	#FFFFFF	#D3D3D3	1
2488	#FFFFFF	#D3D3D3	76
2489	#FFFFFF	#D3D3D3	1
2490	#FFFFFF	#D3D3D3	5
2491	#FFFFFF	#D3D3D3	5
2492	#FFFFFF	#D3D3D3	5
2493	#FFFFFF	#D3D3D3	5
2494	#FFFFFF	#D3D3D3	5
2495	#FFFFFF	#D3D3D3	5
2496	#FFFFFF	#D3D3D3	5
2497	#FFFFFF	#D3D3D3	5
2498	#FFFFFF	#D3D3D3	5
2499	#FFFFFF	#D3D3D3	26
2500	#FFFFFF	#D3D3D3	5
2501	#FFFFFF	#D3D3D3	5
2502	#FFFFFF	#D3D3D3	1
2503	#FFFFFF	#D3D3D3	14
2504	#FFFFFF	#D3D3D3	14
2505	#FFFFFF	#D3D3D3	14
2506	#FFFFFF	#D3D3D3	82
2507	#FFFFFF	#D3D3D3	82
2508	#FFFFFF	#D3D3D3	14
2509	#FFFFFF	#D3D3D3	14
2510	#FFFFFF	#D3D3D3	76
2511	#FFFFFF	#D3D3D3	47
2512	#FFFFFF	#D3D3D3	47
2513	#FFFFFF	#D3D3D3	47
2514	#FFFFFF	#D3D3D3	47
2515	#FFFFFF	#D3D3D3	47
2516	#FFFFFF	#D3D3D3	24
2517	#FFFFFF	#D3D3D3	24
2518	#FFFFFF	#D3D3D3	24
2519	#FFFFFF	#D3D3D3	24
2521	#FFFFFF	#D3D3D3	76
2522	#FFFFFF	#D3D3D3	76
2523	#FFFFFF	#D3D3D3	76
2524	#FFFFFF	#D3D3D3	76
2525	#FFFFFF	#D3D3D3	76
2526	#FFFFFF	#D3D3D3	76
2527	#FFFFFF	#D3D3D3	26
2528	#FFFFFF	#D3D3D3	76
2529	#FFFFFF	#D3D3D3	76
2530	#FFFFFF	#D3D3D3	15
2531	#FFFFFF	#D3D3D3	15
2532	#FFFFFF	#D3D3D3	76
2533	#FFFFFF	#D3D3D3	15
2534	#FFFFFF	#D3D3D3	15
2535	#FFFFFF	#D3D3D3	15
2536	#FFFFFF	#D3D3D3	1
2537	#FFFFFF	#D3D3D3	1
2538	#FFFFFF	#D3D3D3	1
2539	#FFFFFF	#D3D3D3	76
2540	#FFFFFF	#D3D3D3	5
2541	#FFFFFF	#D3D3D3	5
2542	#FFFFFF	#D3D3D3	5
2543	#FFFFFF	#D3D3D3	5
2544	#FFFFFF	#D3D3D3	5
2545	#FFFFFF	#D3D3D3	5
2546	#FFFFFF	#D3D3D3	5
2547	#FFFFFF	#D3D3D3	5
2548	#FFFFFF	#D3D3D3	5
2549	#FFFFFF	#D3D3D3	5
2550	#FFFFFF	#D3D3D3	76
2551	#FFFFFF	#D3D3D3	5
2552	#FFFFFF	#D3D3D3	5
2553	#FFFFFF	#D3D3D3	1
2554	#FFFFFF	#D3D3D3	14
2555	#FFFFFF	#D3D3D3	14
2556	#FFFFFF	#D3D3D3	82
2557	#FFFFFF	#D3D3D3	82
2558	#FFFFFF	#D3D3D3	82
2559	#FFFFFF	#D3D3D3	14
2560	#FFFFFF	#D3D3D3	14
2561	#FFFFFF	#D3D3D3	76
2562	#FFFFFF	#D3D3D3	47
2563	#FFFFFF	#D3D3D3	47
2564	#FFFFFF	#D3D3D3	47
2565	#FFFFFF	#D3D3D3	47
2566	#FFFFFF	#D3D3D3	47
2567	#FFFFFF	#D3D3D3	24
2568	#FFFFFF	#D3D3D3	24
2569	#FFFFFF	#D3D3D3	24
2570	#FFFFFF	#D3D3D3	24
2571	#FFFFFF	#D3D3D3	76
2572	#FFFFFF	#D3D3D3	76
2573	#FFFFFF	#D3D3D3	76
2574	#FFFFFF	#D3D3D3	76
2575	#FFFFFF	#D3D3D3	76
2577	#FFFFFF	#D3D3D3	26
2578	#FFFFFF	#D3D3D3	76
2579	#FFFFFF	#D3D3D3	15
2580	#FFFFFF	#D3D3D3	15
2581	#FFFFFF	#D3D3D3	15
2582	#FFFFFF	#D3D3D3	15
2583	#FFFFFF	#D3D3D3	76
2584	#FFFFFF	#D3D3D3	15
2585	#FFFFFF	#D3D3D3	15
2586	#FFFFFF	#D3D3D3	15
2587	#FFFFFF	#D3D3D3	1
2588	#FFFFFF	#D3D3D3	1
2589	#FFFFFF	#D3D3D3	76
2590	#FFFFFF	#D3D3D3	5
2591	#FFFFFF	#D3D3D3	5
2592	#FFFFFF	#D3D3D3	5
2593	#FFFFFF	#D3D3D3	5
2594	#FFFFFF	#D3D3D3	5
2595	#FFFFFF	#D3D3D3	5
2596	#FFFFFF	#D3D3D3	5
2597	#FFFFFF	#D3D3D3	5
2598	#FFFFFF	#D3D3D3	5
2599	#FFFFFF	#D3D3D3	5
2600	#FFFFFF	#D3D3D3	76
2601	#FFFFFF	#D3D3D3	5
2602	#FFFFFF	#D3D3D3	5
2603	#FFFFFF	#D3D3D3	5
2604	#FFFFFF	#D3D3D3	1
2605	#FFFFFF	#D3D3D3	14
2606	#FFFFFF	#D3D3D3	82
2607	#FFFFFF	#D3D3D3	82
2608	#FFFFFF	#D3D3D3	82
2609	#FFFFFF	#D3D3D3	82
2610	#FFFFFF	#D3D3D3	14
2611	#FFFFFF	#D3D3D3	76
2612	#FFFFFF	#D3D3D3	14
2613	#FFFFFF	#D3D3D3	47
2614	#FFFFFF	#D3D3D3	47
2615	#FFFFFF	#D3D3D3	47
2616	#FFFFFF	#D3D3D3	47
2617	#FFFFFF	#D3D3D3	47
2618	#FFFFFF	#D3D3D3	24
2619	#FFFFFF	#D3D3D3	24
2620	#FFFFFF	#D3D3D3	24
2622	#FFFFFF	#D3D3D3	76
2623	#FFFFFF	#D3D3D3	76
2624	#FFFFFF	#D3D3D3	76
2625	#FFFFFF	#D3D3D3	76
2626	#FFFFFF	#D3D3D3	76
2627	#FFFFFF	#D3D3D3	76
2628	#FFFFFF	#D3D3D3	76
2629	#FFFFFF	#D3D3D3	76
2630	#FFFFFF	#D3D3D3	15
2631	#FFFFFF	#D3D3D3	15
2632	#FFFFFF	#D3D3D3	76
2633	#FFFFFF	#D3D3D3	76
2634	#FFFFFF	#D3D3D3	76
2635	#FFFFFF	#D3D3D3	15
2636	#FFFFFF	#D3D3D3	15
2637	#FFFFFF	#D3D3D3	1
2638	#FFFFFF	#D3D3D3	1
2639	#FFFFFF	#D3D3D3	5
2640	#FFFFFF	#D3D3D3	76
2641	#FFFFFF	#D3D3D3	5
2642	#FFFFFF	#D3D3D3	5
2643	#FFFFFF	#D3D3D3	5
2644	#FFFFFF	#D3D3D3	5
2645	#FFFFFF	#D3D3D3	5
2646	#FFFFFF	#D3D3D3	5
2647	#FFFFFF	#D3D3D3	5
2648	#FFFFFF	#D3D3D3	5
2649	#FFFFFF	#D3D3D3	5
2650	#FFFFFF	#D3D3D3	5
2651	#FFFFFF	#D3D3D3	76
2652	#FFFFFF	#D3D3D3	5
2653	#FFFFFF	#D3D3D3	5
2654	#FFFFFF	#D3D3D3	1
2655	#FFFFFF	#D3D3D3	1
2656	#FFFFFF	#D3D3D3	14
2657	#FFFFFF	#D3D3D3	82
2658	#FFFFFF	#D3D3D3	82
2659	#FFFFFF	#D3D3D3	82
2660	#FFFFFF	#D3D3D3	82
2661	#FFFFFF	#D3D3D3	14
2662	#FFFFFF	#D3D3D3	76
2663	#FFFFFF	#D3D3D3	14
2664	#FFFFFF	#D3D3D3	47
2665	#FFFFFF	#D3D3D3	47
2666	#FFFFFF	#D3D3D3	47
2667	#FFFFFF	#D3D3D3	47
2668	#FFFFFF	#D3D3D3	47
2669	#FFFFFF	#D3D3D3	24
2670	#FFFFFF	#D3D3D3	24
2671	#FFFFFF	#D3D3D3	24
2672	#FFFFFF	#D3D3D3	76
2673	#FFFFFF	#D3D3D3	76
2674	#FFFFFF	#D3D3D3	76
2675	#FFFFFF	#D3D3D3	76
2676	#FFFFFF	#D3D3D3	15
2678	#FFFFFF	#D3D3D3	76
2679	#FFFFFF	#D3D3D3	76
2680	#FFFFFF	#D3D3D3	15
2681	#FFFFFF	#D3D3D3	15
2682	#FFFFFF	#D3D3D3	76
2683	#FFFFFF	#D3D3D3	76
2684	#FFFFFF	#D3D3D3	76
2685	#FFFFFF	#D3D3D3	76
2686	#FFFFFF	#D3D3D3	15
2687	#FFFFFF	#D3D3D3	1
2688	#FFFFFF	#D3D3D3	1
2689	#FFFFFF	#D3D3D3	1
2690	#FFFFFF	#D3D3D3	76
2691	#FFFFFF	#D3D3D3	5
2692	#FFFFFF	#D3D3D3	5
2693	#FFFFFF	#D3D3D3	5
2694	#FFFFFF	#D3D3D3	5
2695	#FFFFFF	#D3D3D3	5
2696	#FFFFFF	#D3D3D3	5
2697	#FFFFFF	#D3D3D3	5
2698	#FFFFFF	#D3D3D3	5
2699	#FFFFFF	#D3D3D3	5
2700	#FFFFFF	#D3D3D3	5
2701	#FFFFFF	#D3D3D3	76
2702	#FFFFFF	#D3D3D3	5
2703	#FFFFFF	#D3D3D3	5
2704	#FFFFFF	#D3D3D3	5
2705	#FFFFFF	#D3D3D3	5
2706	#FFFFFF	#D3D3D3	1
2707	#FFFFFF	#D3D3D3	14
2708	#FFFFFF	#D3D3D3	82
2709	#FFFFFF	#D3D3D3	82
2710	#FFFFFF	#D3D3D3	82
2711	#FFFFFF	#D3D3D3	82
2712	#FFFFFF	#D3D3D3	76
2713	#FFFFFF	#D3D3D3	14
2714	#FFFFFF	#D3D3D3	14
2715	#FFFFFF	#D3D3D3	47
2716	#FFFFFF	#D3D3D3	47
2717	#FFFFFF	#D3D3D3	47
2718	#FFFFFF	#D3D3D3	47
2719	#FFFFFF	#D3D3D3	47
2720	#FFFFFF	#D3D3D3	24
2721	#FFFFFF	#D3D3D3	24
2723	#FFFFFF	#D3D3D3	76
2724	#FFFFFF	#D3D3D3	76
2725	#FFFFFF	#D3D3D3	76
2726	#FFFFFF	#D3D3D3	76
2727	#FFFFFF	#D3D3D3	76
2728	#FFFFFF	#D3D3D3	76
2729	#FFFFFF	#D3D3D3	76
2730	#FFFFFF	#D3D3D3	76
2731	#FFFFFF	#D3D3D3	15
2732	#FFFFFF	#D3D3D3	76
2733	#FFFFFF	#D3D3D3	76
2734	#FFFFFF	#D3D3D3	76
2735	#FFFFFF	#D3D3D3	15
2736	#FFFFFF	#D3D3D3	15
2737	#FFFFFF	#D3D3D3	1
2738	#FFFFFF	#D3D3D3	1
2739	#FFFFFF	#D3D3D3	1
2740	#FFFFFF	#D3D3D3	1
2741	#FFFFFF	#D3D3D3	76
2742	#FFFFFF	#D3D3D3	5
2743	#FFFFFF	#D3D3D3	5
2744	#FFFFFF	#D3D3D3	5
2745	#FFFFFF	#D3D3D3	5
2746	#FFFFFF	#D3D3D3	5
2747	#FFFFFF	#D3D3D3	5
2748	#FFFFFF	#D3D3D3	5
2749	#FFFFFF	#D3D3D3	5
2750	#FFFFFF	#D3D3D3	5
2751	#FFFFFF	#D3D3D3	5
2752	#FFFFFF	#D3D3D3	15
2753	#FFFFFF	#D3D3D3	5
2754	#FFFFFF	#D3D3D3	5
2755	#FFFFFF	#D3D3D3	5
2756	#FFFFFF	#D3D3D3	5
2757	#FFFFFF	#D3D3D3	1
2758	#FFFFFF	#D3D3D3	14
2759	#FFFFFF	#D3D3D3	82
2760	#FFFFFF	#D3D3D3	82
2761	#FFFFFF	#D3D3D3	82
2762	#FFFFFF	#D3D3D3	82
2763	#FFFFFF	#D3D3D3	76
2764	#FFFFFF	#D3D3D3	14
2765	#FFFFFF	#D3D3D3	14
2766	#FFFFFF	#D3D3D3	47
2767	#FFFFFF	#D3D3D3	47
2768	#FFFFFF	#D3D3D3	47
2769	#FFFFFF	#D3D3D3	47
2770	#FFFFFF	#D3D3D3	47
2771	#FFFFFF	#D3D3D3	47
2772	#FFFFFF	#D3D3D3	24
2773	#FFFFFF	#D3D3D3	76
2774	#FFFFFF	#D3D3D3	76
2775	#FFFFFF	#D3D3D3	76
2776	#FFFFFF	#D3D3D3	76
2777	#FFFFFF	#D3D3D3	15
2779	#FFFFFF	#D3D3D3	76
2780	#FFFFFF	#D3D3D3	76
2781	#FFFFFF	#D3D3D3	15
2782	#FFFFFF	#D3D3D3	76
2783	#FFFFFF	#D3D3D3	76
2784	#FFFFFF	#D3D3D3	76
2785	#FFFFFF	#D3D3D3	15
2786	#FFFFFF	#D3D3D3	15
2787	#FFFFFF	#D3D3D3	15
2788	#FFFFFF	#D3D3D3	15
2789	#FFFFFF	#D3D3D3	1
2790	#FFFFFF	#D3D3D3	1
2791	#FFFFFF	#D3D3D3	76
2792	#FFFFFF	#D3D3D3	1
2793	#FFFFFF	#D3D3D3	5
2794	#FFFFFF	#D3D3D3	5
2795	#FFFFFF	#D3D3D3	5
2796	#FFFFFF	#D3D3D3	5
2797	#FFFFFF	#D3D3D3	5
2798	#FFFFFF	#D3D3D3	5
2799	#FFFFFF	#D3D3D3	5
2800	#FFFFFF	#D3D3D3	5
2801	#FFFFFF	#D3D3D3	5
2802	#FFFFFF	#D3D3D3	15
2803	#FFFFFF	#D3D3D3	5
2804	#FFFFFF	#D3D3D3	5
2805	#FFFFFF	#D3D3D3	5
2806	#FFFFFF	#D3D3D3	5
2807	#FFFFFF	#D3D3D3	5
2808	#FFFFFF	#D3D3D3	1
2809	#FFFFFF	#D3D3D3	14
2810	#FFFFFF	#D3D3D3	82
2811	#FFFFFF	#D3D3D3	82
2812	#FFFFFF	#D3D3D3	82
2813	#FFFFFF	#D3D3D3	15
2814	#FFFFFF	#D3D3D3	82
2815	#FFFFFF	#D3D3D3	14
2816	#FFFFFF	#D3D3D3	14
2817	#FFFFFF	#D3D3D3	14
2818	#FFFFFF	#D3D3D3	47
2819	#FFFFFF	#D3D3D3	47
2820	#FFFFFF	#D3D3D3	47
2821	#FFFFFF	#D3D3D3	47
2822	#FFFFFF	#D3D3D3	24
2824	#FFFFFF	#D3D3D3	76
2825	#FFFFFF	#D3D3D3	76
2826	#FFFFFF	#D3D3D3	76
2827	#FFFFFF	#D3D3D3	76
2828	#FFFFFF	#D3D3D3	76
2829	#FFFFFF	#D3D3D3	76
2830	#FFFFFF	#D3D3D3	76
2831	#FFFFFF	#D3D3D3	15
2832	#FFFFFF	#D3D3D3	76
2833	#FFFFFF	#D3D3D3	76
2834	#FFFFFF	#D3D3D3	76
2835	#FFFFFF	#D3D3D3	15
2836	#FFFFFF	#D3D3D3	15
2837	#FFFFFF	#D3D3D3	1
2838	#FFFFFF	#D3D3D3	15
2839	#FFFFFF	#D3D3D3	1
2840	#FFFFFF	#D3D3D3	1
2841	#FFFFFF	#D3D3D3	1
2842	#FFFFFF	#D3D3D3	15
2843	#FFFFFF	#D3D3D3	1
2844	#FFFFFF	#D3D3D3	5
2845	#FFFFFF	#D3D3D3	5
2846	#FFFFFF	#D3D3D3	5
2847	#FFFFFF	#D3D3D3	5
2848	#FFFFFF	#D3D3D3	5
2849	#FFFFFF	#D3D3D3	5
2850	#FFFFFF	#D3D3D3	5
2851	#FFFFFF	#D3D3D3	5
2852	#FFFFFF	#D3D3D3	5
2853	#FFFFFF	#D3D3D3	15
2854	#FFFFFF	#D3D3D3	5
2855	#FFFFFF	#D3D3D3	5
2856	#FFFFFF	#D3D3D3	5
2857	#FFFFFF	#D3D3D3	5
2858	#FFFFFF	#D3D3D3	5
2859	#FFFFFF	#D3D3D3	1
2860	#FFFFFF	#D3D3D3	14
2861	#FFFFFF	#D3D3D3	82
2862	#FFFFFF	#D3D3D3	82
2863	#FFFFFF	#D3D3D3	82
2864	#FFFFFF	#D3D3D3	76
2865	#FFFFFF	#D3D3D3	82
2866	#FFFFFF	#D3D3D3	14
2867	#FFFFFF	#D3D3D3	14
2868	#FFFFFF	#D3D3D3	47
2869	#FFFFFF	#D3D3D3	47
2870	#FFFFFF	#D3D3D3	47
2871	#FFFFFF	#D3D3D3	47
2872	#FFFFFF	#D3D3D3	47
2873	#FFFFFF	#D3D3D3	24
2874	#FFFFFF	#D3D3D3	76
2875	#FFFFFF	#D3D3D3	76
2876	#FFFFFF	#D3D3D3	76
2877	#FFFFFF	#D3D3D3	76
2878	#FFFFFF	#D3D3D3	76
2880	#FFFFFF	#D3D3D3	76
2881	#FFFFFF	#D3D3D3	15
2882	#FFFFFF	#D3D3D3	76
2883	#FFFFFF	#D3D3D3	76
2884	#FFFFFF	#D3D3D3	76
2885	#FFFFFF	#D3D3D3	76
2886	#FFFFFF	#D3D3D3	15
2887	#FFFFFF	#D3D3D3	1
2888	#FFFFFF	#D3D3D3	1
2889	#FFFFFF	#D3D3D3	15
2890	#FFFFFF	#D3D3D3	1
2891	#FFFFFF	#D3D3D3	1
2892	#FFFFFF	#D3D3D3	15
2893	#FFFFFF	#D3D3D3	1
2894	#FFFFFF	#D3D3D3	5
2895	#FFFFFF	#D3D3D3	5
2896	#FFFFFF	#D3D3D3	5
2897	#FFFFFF	#D3D3D3	5
2898	#FFFFFF	#D3D3D3	5
2899	#FFFFFF	#D3D3D3	5
2900	#FFFFFF	#D3D3D3	5
2901	#FFFFFF	#D3D3D3	5
2902	#FFFFFF	#D3D3D3	5
2903	#FFFFFF	#D3D3D3	76
2904	#FFFFFF	#D3D3D3	5
2905	#FFFFFF	#D3D3D3	5
2906	#FFFFFF	#D3D3D3	5
2907	#FFFFFF	#D3D3D3	5
2908	#FFFFFF	#D3D3D3	5
2909	#FFFFFF	#D3D3D3	5
2910	#FFFFFF	#D3D3D3	1
2911	#FFFFFF	#D3D3D3	14
2912	#FFFFFF	#D3D3D3	82
2913	#FFFFFF	#D3D3D3	82
2914	#FFFFFF	#D3D3D3	76
2915	#FFFFFF	#D3D3D3	82
2916	#FFFFFF	#D3D3D3	82
2917	#FFFFFF	#D3D3D3	14
2918	#FFFFFF	#D3D3D3	14
2919	#FFFFFF	#D3D3D3	14
2920	#FFFFFF	#D3D3D3	47
2921	#FFFFFF	#D3D3D3	47
2922	#FFFFFF	#D3D3D3	47
2923	#FFFFFF	#D3D3D3	47
2925	#FFFFFF	#D3D3D3	76
2926	#FFFFFF	#D3D3D3	76
2927	#FFFFFF	#D3D3D3	76
2928	#FFFFFF	#D3D3D3	76
2929	#FFFFFF	#D3D3D3	76
2930	#FFFFFF	#D3D3D3	76
2931	#FFFFFF	#D3D3D3	15
2932	#FFFFFF	#D3D3D3	15
2933	#FFFFFF	#D3D3D3	76
2934	#FFFFFF	#D3D3D3	76
2935	#FFFFFF	#D3D3D3	76
2936	#FFFFFF	#D3D3D3	15
2937	#FFFFFF	#D3D3D3	15
2938	#FFFFFF	#D3D3D3	1
2939	#FFFFFF	#D3D3D3	1
2940	#FFFFFF	#D3D3D3	1
2941	#FFFFFF	#D3D3D3	1
2942	#FFFFFF	#D3D3D3	1
2943	#FFFFFF	#D3D3D3	76
2944	#FFFFFF	#D3D3D3	1
2945	#FFFFFF	#D3D3D3	5
2946	#FFFFFF	#D3D3D3	5
2947	#FFFFFF	#D3D3D3	5
2948	#FFFFFF	#D3D3D3	5
2949	#FFFFFF	#D3D3D3	5
2950	#FFFFFF	#D3D3D3	5
2951	#FFFFFF	#D3D3D3	5
2952	#FFFFFF	#D3D3D3	5
2953	#FFFFFF	#D3D3D3	5
2954	#FFFFFF	#D3D3D3	76
2955	#FFFFFF	#D3D3D3	5
2956	#FFFFFF	#D3D3D3	5
2957	#FFFFFF	#D3D3D3	5
2958	#FFFFFF	#D3D3D3	5
2959	#FFFFFF	#D3D3D3	5
2960	#FFFFFF	#D3D3D3	5
2961	#FFFFFF	#D3D3D3	1
2962	#FFFFFF	#D3D3D3	14
2963	#FFFFFF	#D3D3D3	82
2964	#FFFFFF	#D3D3D3	82
2965	#FFFFFF	#D3D3D3	76
2966	#FFFFFF	#D3D3D3	82
2967	#FFFFFF	#D3D3D3	82
2968	#FFFFFF	#D3D3D3	14
2969	#FFFFFF	#D3D3D3	14
2970	#FFFFFF	#D3D3D3	14
2971	#FFFFFF	#D3D3D3	47
2972	#FFFFFF	#D3D3D3	47
2973	#FFFFFF	#D3D3D3	47
2974	#FFFFFF	#D3D3D3	47
2975	#FFFFFF	#D3D3D3	76
2976	#FFFFFF	#D3D3D3	76
2977	#FFFFFF	#D3D3D3	76
2978	#FFFFFF	#D3D3D3	76
2979	#FFFFFF	#D3D3D3	76
2981	#FFFFFF	#D3D3D3	15
2982	#FFFFFF	#D3D3D3	15
2983	#FFFFFF	#D3D3D3	76
2984	#FFFFFF	#D3D3D3	76
2985	#FFFFFF	#D3D3D3	15
2986	#FFFFFF	#D3D3D3	15
2987	#FFFFFF	#D3D3D3	15
2988	#FFFFFF	#D3D3D3	15
2989	#FFFFFF	#D3D3D3	1
2990	#FFFFFF	#D3D3D3	1
2991	#FFFFFF	#D3D3D3	1
2992	#FFFFFF	#D3D3D3	1
2993	#FFFFFF	#D3D3D3	15
2994	#FFFFFF	#D3D3D3	1
2995	#FFFFFF	#D3D3D3	1
2996	#FFFFFF	#D3D3D3	5
2997	#FFFFFF	#D3D3D3	5
2998	#FFFFFF	#D3D3D3	5
2999	#FFFFFF	#D3D3D3	5
3000	#FFFFFF	#D3D3D3	5
3001	#FFFFFF	#D3D3D3	5
3002	#FFFFFF	#D3D3D3	5
3003	#FFFFFF	#D3D3D3	5
3004	#FFFFFF	#D3D3D3	76
3005	#FFFFFF	#D3D3D3	5
3006	#FFFFFF	#D3D3D3	5
3007	#FFFFFF	#D3D3D3	5
3008	#FFFFFF	#D3D3D3	5
3009	#FFFFFF	#D3D3D3	5
3010	#FFFFFF	#D3D3D3	5
3011	#FFFFFF	#D3D3D3	5
3012	#FFFFFF	#D3D3D3	1
3013	#FFFFFF	#D3D3D3	14
3014	#FFFFFF	#D3D3D3	82
3015	#FFFFFF	#D3D3D3	76
3016	#FFFFFF	#D3D3D3	82
3017	#FFFFFF	#D3D3D3	82
3018	#FFFFFF	#D3D3D3	82
3019	#FFFFFF	#D3D3D3	14
3020	#FFFFFF	#D3D3D3	14
3021	#FFFFFF	#D3D3D3	14
3022	#FFFFFF	#D3D3D3	47
3023	#FFFFFF	#D3D3D3	47
3024	#FFFFFF	#D3D3D3	47
3026	#FFFFFF	#D3D3D3	76
3027	#FFFFFF	#D3D3D3	76
3028	#FFFFFF	#D3D3D3	76
3029	#FFFFFF	#D3D3D3	76
3030	#FFFFFF	#D3D3D3	76
3031	#FFFFFF	#D3D3D3	15
3032	#FFFFFF	#D3D3D3	15
3033	#FFFFFF	#D3D3D3	15
3034	#FFFFFF	#D3D3D3	76
3035	#FFFFFF	#D3D3D3	15
3036	#FFFFFF	#D3D3D3	15
3037	#FFFFFF	#D3D3D3	15
3038	#FFFFFF	#D3D3D3	15
3039	#FFFFFF	#D3D3D3	1
3040	#FFFFFF	#D3D3D3	1
3041	#FFFFFF	#D3D3D3	1
3042	#FFFFFF	#D3D3D3	1
3043	#FFFFFF	#D3D3D3	1
3044	#FFFFFF	#D3D3D3	76
3045	#FFFFFF	#D3D3D3	1
3046	#FFFFFF	#D3D3D3	1
3047	#FFFFFF	#D3D3D3	5
3048	#FFFFFF	#D3D3D3	5
3049	#FFFFFF	#D3D3D3	5
3050	#FFFFFF	#D3D3D3	5
3051	#FFFFFF	#D3D3D3	5
3052	#FFFFFF	#D3D3D3	5
3053	#FFFFFF	#D3D3D3	5
3054	#FFFFFF	#D3D3D3	5
3055	#FFFFFF	#D3D3D3	76
3056	#FFFFFF	#D3D3D3	5
3057	#FFFFFF	#D3D3D3	5
3058	#FFFFFF	#D3D3D3	5
3059	#FFFFFF	#D3D3D3	5
3060	#FFFFFF	#D3D3D3	5
3061	#FFFFFF	#D3D3D3	5
3062	#FFFFFF	#D3D3D3	5
3063	#FFFFFF	#D3D3D3	1
3064	#FFFFFF	#D3D3D3	14
3065	#FFFFFF	#D3D3D3	82
3066	#FFFFFF	#D3D3D3	76
3067	#FFFFFF	#D3D3D3	82
3068	#FFFFFF	#D3D3D3	82
3069	#FFFFFF	#D3D3D3	82
3070	#FFFFFF	#D3D3D3	14
3071	#FFFFFF	#D3D3D3	14
3072	#FFFFFF	#D3D3D3	14
3073	#FFFFFF	#D3D3D3	47
3074	#FFFFFF	#D3D3D3	47
3075	#FFFFFF	#D3D3D3	47
3076	#FFFFFF	#D3D3D3	76
3077	#FFFFFF	#D3D3D3	76
3078	#FFFFFF	#D3D3D3	76
3079	#FFFFFF	#D3D3D3	76
3080	#FFFFFF	#D3D3D3	76
3082	#FFFFFF	#D3D3D3	15
3083	#FFFFFF	#D3D3D3	15
3084	#FFFFFF	#D3D3D3	76
3085	#FFFFFF	#D3D3D3	15
3086	#FFFFFF	#D3D3D3	15
3087	#FFFFFF	#D3D3D3	15
3088	#FFFFFF	#D3D3D3	15
3089	#FFFFFF	#D3D3D3	1
3090	#FFFFFF	#D3D3D3	1
3091	#FFFFFF	#D3D3D3	1
3092	#FFFFFF	#D3D3D3	1
3093	#FFFFFF	#D3D3D3	1
3094	#FFFFFF	#D3D3D3	15
3095	#FFFFFF	#D3D3D3	1
3096	#FFFFFF	#D3D3D3	1
3097	#FFFFFF	#D3D3D3	1
3098	#FFFFFF	#D3D3D3	5
3099	#FFFFFF	#D3D3D3	5
3100	#FFFFFF	#D3D3D3	5
3101	#FFFFFF	#D3D3D3	5
3102	#FFFFFF	#D3D3D3	5
3103	#FFFFFF	#D3D3D3	5
3104	#FFFFFF	#D3D3D3	5
3105	#FFFFFF	#D3D3D3	15
3106	#FFFFFF	#D3D3D3	5
3107	#FFFFFF	#D3D3D3	5
3108	#FFFFFF	#D3D3D3	5
3109	#FFFFFF	#D3D3D3	5
3110	#FFFFFF	#D3D3D3	116
3111	#FFFFFF	#D3D3D3	5
3112	#FFFFFF	#D3D3D3	5
3113	#FFFFFF	#D3D3D3	5
3114	#FFFFFF	#D3D3D3	1
3115	#FFFFFF	#D3D3D3	14
3116	#FFFFFF	#D3D3D3	76
3117	#FFFFFF	#D3D3D3	82
3118	#FFFFFF	#D3D3D3	82
3119	#FFFFFF	#D3D3D3	82
3120	#FFFFFF	#D3D3D3	82
3121	#FFFFFF	#D3D3D3	14
3122	#FFFFFF	#D3D3D3	14
3123	#FFFFFF	#D3D3D3	47
3124	#FFFFFF	#D3D3D3	14
3125	#FFFFFF	#D3D3D3	14
3127	#FFFFFF	#D3D3D3	76
3128	#FFFFFF	#D3D3D3	76
3129	#FFFFFF	#D3D3D3	76
3130	#FFFFFF	#D3D3D3	76
3131	#FFFFFF	#D3D3D3	76
3132	#FFFFFF	#D3D3D3	76
3133	#FFFFFF	#D3D3D3	15
3134	#FFFFFF	#D3D3D3	15
3135	#FFFFFF	#D3D3D3	15
3136	#FFFFFF	#D3D3D3	1
3137	#FFFFFF	#D3D3D3	1
3138	#FFFFFF	#D3D3D3	15
3139	#FFFFFF	#D3D3D3	1
3140	#FFFFFF	#D3D3D3	1
3141	#FFFFFF	#D3D3D3	1
3142	#FFFFFF	#D3D3D3	1
3143	#FFFFFF	#D3D3D3	1
3144	#FFFFFF	#D3D3D3	1
3145	#FFFFFF	#D3D3D3	15
3146	#FFFFFF	#D3D3D3	1
3147	#FFFFFF	#D3D3D3	1
3148	#FFFFFF	#D3D3D3	1
3149	#FFFFFF	#D3D3D3	5
3150	#FFFFFF	#D3D3D3	5
3151	#FFFFFF	#D3D3D3	5
3152	#FFFFFF	#D3D3D3	5
3153	#FFFFFF	#D3D3D3	5
3154	#FFFFFF	#D3D3D3	5
3155	#FFFFFF	#D3D3D3	5
3156	#FFFFFF	#D3D3D3	15
3157	#FFFFFF	#D3D3D3	5
3158	#FFFFFF	#D3D3D3	5
3159	#FFFFFF	#D3D3D3	5
3160	#FFFFFF	#D3D3D3	116
3161	#FFFFFF	#D3D3D3	116
3162	#FFFFFF	#D3D3D3	116
3163	#FFFFFF	#D3D3D3	5
3164	#FFFFFF	#D3D3D3	5
3165	#FFFFFF	#D3D3D3	1
3166	#FFFFFF	#D3D3D3	14
3167	#FFFFFF	#D3D3D3	15
3168	#FFFFFF	#D3D3D3	82
3169	#FFFFFF	#D3D3D3	82
3170	#FFFFFF	#D3D3D3	82
3171	#FFFFFF	#D3D3D3	82
3172	#FFFFFF	#D3D3D3	14
3173	#FFFFFF	#D3D3D3	14
3174	#FFFFFF	#D3D3D3	14
3175	#FFFFFF	#D3D3D3	14
3176	#FFFFFF	#D3D3D3	47
3177	#FFFFFF	#D3D3D3	76
3178	#FFFFFF	#D3D3D3	15
3179	#FFFFFF	#D3D3D3	76
3180	#FFFFFF	#D3D3D3	76
3181	#FFFFFF	#D3D3D3	15
3183	#FFFFFF	#D3D3D3	76
3184	#FFFFFF	#D3D3D3	15
3185	#FFFFFF	#D3D3D3	15
3186	#FFFFFF	#D3D3D3	1
3187	#FFFFFF	#D3D3D3	1
3188	#FFFFFF	#D3D3D3	1
3189	#FFFFFF	#D3D3D3	1
3190	#FFFFFF	#D3D3D3	1
3191	#FFFFFF	#D3D3D3	1
3192	#FFFFFF	#D3D3D3	1
3193	#FFFFFF	#D3D3D3	1
3194	#FFFFFF	#D3D3D3	1
3195	#FFFFFF	#D3D3D3	15
3196	#FFFFFF	#D3D3D3	1
3197	#FFFFFF	#D3D3D3	1
3198	#FFFFFF	#D3D3D3	1
3199	#FFFFFF	#D3D3D3	5
3200	#FFFFFF	#D3D3D3	5
3201	#FFFFFF	#D3D3D3	5
3202	#FFFFFF	#D3D3D3	5
3203	#FFFFFF	#D3D3D3	5
3204	#FFFFFF	#D3D3D3	5
3205	#FFFFFF	#D3D3D3	5
3206	#FFFFFF	#D3D3D3	15
3207	#FFFFFF	#D3D3D3	5
3208	#FFFFFF	#D3D3D3	5
3209	#FFFFFF	#D3D3D3	5
3210	#FFFFFF	#D3D3D3	116
3211	#FFFFFF	#D3D3D3	116
3212	#FFFFFF	#D3D3D3	116
3213	#FFFFFF	#D3D3D3	5
3214	#FFFFFF	#D3D3D3	5
3215	#FFFFFF	#D3D3D3	5
3216	#FFFFFF	#D3D3D3	1
3217	#FFFFFF	#D3D3D3	15
3218	#FFFFFF	#D3D3D3	14
3219	#FFFFFF	#D3D3D3	82
3220	#FFFFFF	#D3D3D3	82
3221	#FFFFFF	#D3D3D3	82
3222	#FFFFFF	#D3D3D3	82
3223	#FFFFFF	#D3D3D3	14
3224	#FFFFFF	#D3D3D3	14
3225	#FFFFFF	#D3D3D3	14
3226	#FFFFFF	#D3D3D3	47
3228	#FFFFFF	#D3D3D3	15
3229	#FFFFFF	#D3D3D3	76
3230	#FFFFFF	#D3D3D3	15
3231	#FFFFFF	#D3D3D3	76
3232	#FFFFFF	#D3D3D3	76
3233	#FFFFFF	#D3D3D3	76
3234	#FFFFFF	#D3D3D3	76
3235	#FFFFFF	#D3D3D3	15
3236	#FFFFFF	#D3D3D3	15
3237	#FFFFFF	#D3D3D3	1
3238	#FFFFFF	#D3D3D3	1
3239	#FFFFFF	#D3D3D3	1
3240	#FFFFFF	#D3D3D3	1
3241	#FFFFFF	#D3D3D3	1
3242	#FFFFFF	#D3D3D3	1
3243	#FFFFFF	#D3D3D3	1
3244	#FFFFFF	#D3D3D3	1
3245	#FFFFFF	#D3D3D3	1
3246	#FFFFFF	#D3D3D3	15
3247	#FFFFFF	#D3D3D3	1
3248	#FFFFFF	#D3D3D3	1
3249	#FFFFFF	#D3D3D3	1
3250	#FFFFFF	#D3D3D3	5
3251	#FFFFFF	#D3D3D3	5
3252	#FFFFFF	#D3D3D3	5
3253	#FFFFFF	#D3D3D3	5
3254	#FFFFFF	#D3D3D3	5
3255	#FFFFFF	#D3D3D3	5
3256	#FFFFFF	#D3D3D3	5
3257	#FFFFFF	#D3D3D3	15
3258	#FFFFFF	#D3D3D3	5
3259	#FFFFFF	#D3D3D3	5
3260	#FFFFFF	#D3D3D3	5
3261	#FFFFFF	#D3D3D3	116
3262	#FFFFFF	#D3D3D3	116
3263	#FFFFFF	#D3D3D3	116
3264	#FFFFFF	#D3D3D3	5
3265	#FFFFFF	#D3D3D3	5
3266	#FFFFFF	#D3D3D3	5
3267	#FFFFFF	#D3D3D3	1
3268	#FFFFFF	#D3D3D3	15
3269	#FFFFFF	#D3D3D3	14
3270	#FFFFFF	#D3D3D3	82
3271	#FFFFFF	#D3D3D3	82
3272	#FFFFFF	#D3D3D3	82
3273	#FFFFFF	#D3D3D3	82
3274	#FFFFFF	#D3D3D3	14
3275	#FFFFFF	#D3D3D3	14
3276	#FFFFFF	#D3D3D3	14
3277	#FFFFFF	#D3D3D3	47
3278	#FFFFFF	#D3D3D3	15
3279	#FFFFFF	#D3D3D3	15
3280	#FFFFFF	#D3D3D3	15
3281	#FFFFFF	#D3D3D3	15
3282	#FFFFFF	#D3D3D3	76
3284	#FFFFFF	#D3D3D3	76
3285	#FFFFFF	#D3D3D3	76
3286	#FFFFFF	#D3D3D3	15
3287	#FFFFFF	#D3D3D3	15
3288	#FFFFFF	#D3D3D3	1
3289	#FFFFFF	#D3D3D3	1
3290	#FFFFFF	#D3D3D3	1
3291	#FFFFFF	#D3D3D3	1
3292	#FFFFFF	#D3D3D3	1
3293	#FFFFFF	#D3D3D3	1
3294	#FFFFFF	#D3D3D3	1
3295	#FFFFFF	#D3D3D3	1
3296	#FFFFFF	#D3D3D3	15
3297	#FFFFFF	#D3D3D3	1
3298	#FFFFFF	#D3D3D3	1
3299	#FFFFFF	#D3D3D3	1
3300	#FFFFFF	#D3D3D3	1
3301	#FFFFFF	#D3D3D3	5
3302	#FFFFFF	#D3D3D3	5
3303	#FFFFFF	#D3D3D3	5
3304	#FFFFFF	#D3D3D3	5
3305	#FFFFFF	#D3D3D3	5
3306	#FFFFFF	#D3D3D3	5
3307	#FFFFFF	#D3D3D3	15
3308	#FFFFFF	#D3D3D3	5
3309	#FFFFFF	#D3D3D3	5
3310	#FFFFFF	#D3D3D3	5
3311	#FFFFFF	#D3D3D3	5
3312	#FFFFFF	#D3D3D3	116
3313	#FFFFFF	#D3D3D3	116
3314	#FFFFFF	#D3D3D3	116
3315	#FFFFFF	#D3D3D3	5
3316	#FFFFFF	#D3D3D3	5
3317	#FFFFFF	#D3D3D3	5
3318	#FFFFFF	#D3D3D3	15
3319	#FFFFFF	#D3D3D3	1
3320	#FFFFFF	#D3D3D3	14
3321	#FFFFFF	#D3D3D3	82
3322	#FFFFFF	#D3D3D3	82
3323	#FFFFFF	#D3D3D3	82
3324	#FFFFFF	#D3D3D3	82
3325	#FFFFFF	#D3D3D3	14
3326	#FFFFFF	#D3D3D3	14
3327	#FFFFFF	#D3D3D3	14
3329	#FFFFFF	#D3D3D3	15
3330	#FFFFFF	#D3D3D3	15
3331	#FFFFFF	#D3D3D3	15
3332	#FFFFFF	#D3D3D3	15
3333	#FFFFFF	#D3D3D3	15
3334	#FFFFFF	#D3D3D3	76
3335	#FFFFFF	#D3D3D3	76
3336	#FFFFFF	#D3D3D3	76
3337	#FFFFFF	#D3D3D3	15
3338	#FFFFFF	#D3D3D3	15
3339	#FFFFFF	#D3D3D3	1
3340	#FFFFFF	#D3D3D3	1
3341	#FFFFFF	#D3D3D3	1
3342	#FFFFFF	#D3D3D3	1
3343	#FFFFFF	#D3D3D3	1
3344	#FFFFFF	#D3D3D3	1
3345	#FFFFFF	#D3D3D3	1
3346	#FFFFFF	#D3D3D3	1
3347	#FFFFFF	#D3D3D3	15
3348	#FFFFFF	#D3D3D3	1
3349	#FFFFFF	#D3D3D3	1
3350	#FFFFFF	#D3D3D3	1
3351	#FFFFFF	#D3D3D3	1
3352	#FFFFFF	#D3D3D3	1
3353	#FFFFFF	#D3D3D3	5
3354	#FFFFFF	#D3D3D3	5
3355	#FFFFFF	#D3D3D3	5
3356	#FFFFFF	#D3D3D3	5
3357	#FFFFFF	#D3D3D3	5
3358	#FFFFFF	#D3D3D3	15
3359	#FFFFFF	#D3D3D3	5
3360	#FFFFFF	#D3D3D3	116
3361	#FFFFFF	#D3D3D3	5
3362	#FFFFFF	#D3D3D3	5
3363	#FFFFFF	#D3D3D3	116
3364	#FFFFFF	#D3D3D3	116
3365	#FFFFFF	#D3D3D3	116
3366	#FFFFFF	#D3D3D3	5
3367	#FFFFFF	#D3D3D3	5
3368	#FFFFFF	#D3D3D3	5
3369	#FFFFFF	#D3D3D3	15
3370	#FFFFFF	#D3D3D3	1
3371	#FFFFFF	#D3D3D3	14
3372	#FFFFFF	#D3D3D3	82
3373	#FFFFFF	#D3D3D3	82
3374	#FFFFFF	#D3D3D3	82
3375	#FFFFFF	#D3D3D3	14
3376	#FFFFFF	#D3D3D3	14
3377	#FFFFFF	#D3D3D3	14
3378	#FFFFFF	#D3D3D3	47
3379	#FFFFFF	#D3D3D3	15
3380	#FFFFFF	#D3D3D3	15
3381	#FFFFFF	#D3D3D3	15
3382	#FFFFFF	#D3D3D3	15
3383	#FFFFFF	#D3D3D3	15
3385	#FFFFFF	#D3D3D3	30
3386	#FFFFFF	#D3D3D3	1
3387	#FFFFFF	#D3D3D3	30
3388	#FFFFFF	#D3D3D3	30
3389	#FFFFFF	#D3D3D3	39
3390	#FFFFFF	#D3D3D3	30
3391	#FFFFFF	#D3D3D3	30
3392	#FFFFFF	#D3D3D3	30
3393	#FFFFFF	#D3D3D3	30
3394	#FFFFFF	#D3D3D3	30
3395	#FFFFFF	#D3D3D3	14
3396	#FFFFFF	#D3D3D3	14
3397	#FFFFFF	#D3D3D3	30
3398	#FFFFFF	#D3D3D3	14
3399	#FFFFFF	#D3D3D3	14
3400	#FFFFFF	#D3D3D3	14
3401	#FFFFFF	#D3D3D3	14
3402	#FFFFFF	#D3D3D3	14
3403	#FFFFFF	#D3D3D3	14
3404	#FFFFFF	#D3D3D3	30
3405	#FFFFFF	#D3D3D3	30
3406	#FFFFFF	#D3D3D3	30
3407	#FFFFFF	#D3D3D3	30
3408	#FFFFFF	#D3D3D3	30
3409	#FFFFFF	#D3D3D3	30
3410	#FFFFFF	#D3D3D3	30
3411	#FFFFFF	#D3D3D3	30
3412	#FFFFFF	#D3D3D3	30
3413	#FFFFFF	#D3D3D3	14
3414	#FFFFFF	#D3D3D3	14
3415	#FFFFFF	#D3D3D3	14
3416	#FFFFFF	#D3D3D3	14
3417	#FFFFFF	#D3D3D3	14
3418	#FFFFFF	#D3D3D3	14
3419	#FFFFFF	#D3D3D3	30
3420	#FFFFFF	#D3D3D3	14
3421	#FFFFFF	#D3D3D3	14
3422	#FFFFFF	#D3D3D3	121
3423	#FFFFFF	#D3D3D3	121
3424	#FFFFFF	#D3D3D3	121
3425	#FFFFFF	#D3D3D3	14
3426	#FFFFFF	#D3D3D3	14
3427	#FFFFFF	#D3D3D3	14
3428	#FFFFFF	#D3D3D3	14
3430	#FFFFFF	#D3D3D3	30
3431	#FFFFFF	#D3D3D3	30
3432	#FFFFFF	#D3D3D3	30
3433	#FFFFFF	#D3D3D3	30
3434	#FFFFFF	#D3D3D3	30
3435	#FFFFFF	#D3D3D3	30
3436	#FFFFFF	#D3D3D3	1
3437	#FFFFFF	#D3D3D3	1
3438	#FFFFFF	#D3D3D3	30
3439	#FFFFFF	#D3D3D3	39
3440	#FFFFFF	#D3D3D3	39
3441	#FFFFFF	#D3D3D3	30
3442	#FFFFFF	#D3D3D3	30
3443	#FFFFFF	#D3D3D3	30
3444	#FFFFFF	#D3D3D3	30
3445	#FFFFFF	#D3D3D3	14
3446	#FFFFFF	#D3D3D3	14
3447	#FFFFFF	#D3D3D3	14
3448	#FFFFFF	#D3D3D3	30
3449	#FFFFFF	#D3D3D3	14
3450	#FFFFFF	#D3D3D3	14
3451	#FFFFFF	#D3D3D3	14
3452	#FFFFFF	#D3D3D3	14
3453	#FFFFFF	#D3D3D3	14
3454	#FFFFFF	#D3D3D3	30
3455	#FFFFFF	#D3D3D3	30
3456	#FFFFFF	#D3D3D3	30
3457	#FFFFFF	#D3D3D3	30
3458	#FFFFFF	#D3D3D3	30
3459	#FFFFFF	#D3D3D3	30
3460	#FFFFFF	#D3D3D3	30
3461	#FFFFFF	#D3D3D3	30
3462	#FFFFFF	#D3D3D3	30
3463	#FFFFFF	#D3D3D3	30
3464	#FFFFFF	#D3D3D3	14
3465	#FFFFFF	#D3D3D3	14
3466	#FFFFFF	#D3D3D3	14
3467	#FFFFFF	#D3D3D3	14
3468	#FFFFFF	#D3D3D3	14
3469	#FFFFFF	#D3D3D3	14
3470	#FFFFFF	#D3D3D3	30
3471	#FFFFFF	#D3D3D3	14
3472	#FFFFFF	#D3D3D3	14
3473	#FFFFFF	#D3D3D3	121
3474	#FFFFFF	#D3D3D3	121
3475	#FFFFFF	#D3D3D3	14
3476	#FFFFFF	#D3D3D3	14
3477	#FFFFFF	#D3D3D3	14
3478	#FFFFFF	#D3D3D3	14
3479	#FFFFFF	#D3D3D3	14
3480	#FFFFFF	#D3D3D3	30
3481	#FFFFFF	#D3D3D3	30
3482	#FFFFFF	#D3D3D3	30
3483	#FFFFFF	#D3D3D3	30
3484	#FFFFFF	#D3D3D3	30
3486	#FFFFFF	#D3D3D3	76
3487	#FFFFFF	#D3D3D3	76
3488	#FFFFFF	#D3D3D3	15
3489	#FFFFFF	#D3D3D3	15
3490	#FFFFFF	#D3D3D3	15
3491	#FFFFFF	#D3D3D3	1
3492	#FFFFFF	#D3D3D3	1
3493	#FFFFFF	#D3D3D3	1
3494	#FFFFFF	#D3D3D3	1
3495	#FFFFFF	#D3D3D3	1
3496	#FFFFFF	#D3D3D3	1
3497	#FFFFFF	#D3D3D3	1
3498	#FFFFFF	#D3D3D3	76
3499	#FFFFFF	#D3D3D3	1
3500	#FFFFFF	#D3D3D3	1
3501	#FFFFFF	#D3D3D3	1
3502	#FFFFFF	#D3D3D3	1
3503	#FFFFFF	#D3D3D3	1
3504	#FFFFFF	#D3D3D3	5
3505	#FFFFFF	#D3D3D3	5
3506	#FFFFFF	#D3D3D3	5
3507	#FFFFFF	#D3D3D3	5
3508	#FFFFFF	#D3D3D3	5
3509	#FFFFFF	#D3D3D3	15
3510	#FFFFFF	#D3D3D3	5
3511	#FFFFFF	#D3D3D3	116
3512	#FFFFFF	#D3D3D3	116
3513	#FFFFFF	#D3D3D3	5
3514	#FFFFFF	#D3D3D3	5
3515	#FFFFFF	#D3D3D3	116
3516	#FFFFFF	#D3D3D3	116
3517	#FFFFFF	#D3D3D3	116
3518	#FFFFFF	#D3D3D3	5
3519	#FFFFFF	#D3D3D3	5
3520	#FFFFFF	#D3D3D3	15
3521	#FFFFFF	#D3D3D3	5
3522	#FFFFFF	#D3D3D3	1
3523	#FFFFFF	#D3D3D3	14
3524	#FFFFFF	#D3D3D3	82
3525	#FFFFFF	#D3D3D3	82
3526	#FFFFFF	#D3D3D3	82
3527	#FFFFFF	#D3D3D3	14
3528	#FFFFFF	#D3D3D3	14
3529	#FFFFFF	#D3D3D3	14
3531	#FFFFFF	#D3D3D3	15
3532	#FFFFFF	#D3D3D3	15
3533	#FFFFFF	#D3D3D3	15
3534	#FFFFFF	#D3D3D3	15
3535	#FFFFFF	#D3D3D3	15
3536	#FFFFFF	#D3D3D3	76
3537	#FFFFFF	#D3D3D3	76
3538	#FFFFFF	#D3D3D3	76
3539	#FFFFFF	#D3D3D3	15
3540	#FFFFFF	#D3D3D3	15
3541	#FFFFFF	#D3D3D3	1
3542	#FFFFFF	#D3D3D3	1
3543	#FFFFFF	#D3D3D3	1
3544	#FFFFFF	#D3D3D3	1
3545	#FFFFFF	#D3D3D3	1
3546	#FFFFFF	#D3D3D3	1
3547	#FFFFFF	#D3D3D3	1
3548	#FFFFFF	#D3D3D3	1
3549	#FFFFFF	#D3D3D3	76
3550	#FFFFFF	#D3D3D3	1
3551	#FFFFFF	#D3D3D3	1
3552	#FFFFFF	#D3D3D3	1
3553	#FFFFFF	#D3D3D3	1
3554	#FFFFFF	#D3D3D3	1
3555	#FFFFFF	#D3D3D3	1
3556	#FFFFFF	#D3D3D3	5
3557	#FFFFFF	#D3D3D3	5
3558	#FFFFFF	#D3D3D3	5
3559	#FFFFFF	#D3D3D3	5
3560	#FFFFFF	#D3D3D3	15
3561	#FFFFFF	#D3D3D3	116
3562	#FFFFFF	#D3D3D3	116
3563	#FFFFFF	#D3D3D3	116
3564	#FFFFFF	#D3D3D3	5
3565	#FFFFFF	#D3D3D3	5
3566	#FFFFFF	#D3D3D3	116
3567	#FFFFFF	#D3D3D3	116
3568	#FFFFFF	#D3D3D3	116
3569	#FFFFFF	#D3D3D3	5
3570	#FFFFFF	#D3D3D3	5
3571	#FFFFFF	#D3D3D3	15
3572	#FFFFFF	#D3D3D3	5
3573	#FFFFFF	#D3D3D3	1
3574	#FFFFFF	#D3D3D3	14
3575	#FFFFFF	#D3D3D3	82
3576	#FFFFFF	#D3D3D3	14
3577	#FFFFFF	#D3D3D3	14
3578	#FFFFFF	#D3D3D3	14
3579	#FFFFFF	#D3D3D3	14
3580	#FFFFFF	#D3D3D3	14
3581	#FFFFFF	#D3D3D3	15
3582	#FFFFFF	#D3D3D3	15
3583	#FFFFFF	#D3D3D3	15
3584	#FFFFFF	#D3D3D3	15
3585	#FFFFFF	#D3D3D3	15
3587	#FFFFFF	#D3D3D3	76
3588	#FFFFFF	#D3D3D3	76
3589	#FFFFFF	#D3D3D3	15
3590	#FFFFFF	#D3D3D3	15
3591	#FFFFFF	#D3D3D3	1
3592	#FFFFFF	#D3D3D3	1
3593	#FFFFFF	#D3D3D3	1
3594	#FFFFFF	#D3D3D3	1
3595	#FFFFFF	#D3D3D3	1
3596	#FFFFFF	#D3D3D3	1
3597	#FFFFFF	#D3D3D3	1
3598	#FFFFFF	#D3D3D3	1
3599	#FFFFFF	#D3D3D3	76
3600	#FFFFFF	#D3D3D3	1
3601	#FFFFFF	#D3D3D3	1
3602	#FFFFFF	#D3D3D3	1
3603	#FFFFFF	#D3D3D3	1
3604	#FFFFFF	#D3D3D3	1
3605	#FFFFFF	#D3D3D3	1
3606	#FFFFFF	#D3D3D3	1
3607	#FFFFFF	#D3D3D3	5
3608	#FFFFFF	#D3D3D3	5
3609	#FFFFFF	#D3D3D3	5
3610	#FFFFFF	#D3D3D3	76
3611	#FFFFFF	#D3D3D3	116
3612	#FFFFFF	#D3D3D3	116
3613	#FFFFFF	#D3D3D3	116
3614	#FFFFFF	#D3D3D3	116
3615	#FFFFFF	#D3D3D3	5
3616	#FFFFFF	#D3D3D3	5
3617	#FFFFFF	#D3D3D3	116
3618	#FFFFFF	#D3D3D3	116
3619	#FFFFFF	#D3D3D3	116
3620	#FFFFFF	#D3D3D3	5
3621	#FFFFFF	#D3D3D3	15
3622	#FFFFFF	#D3D3D3	5
3623	#FFFFFF	#D3D3D3	5
3624	#FFFFFF	#D3D3D3	1
3625	#FFFFFF	#D3D3D3	14
3626	#FFFFFF	#D3D3D3	14
3627	#FFFFFF	#D3D3D3	14
3628	#FFFFFF	#D3D3D3	14
3629	#FFFFFF	#D3D3D3	14
3630	#FFFFFF	#D3D3D3	14
3632	#FFFFFF	#D3D3D3	15
3633	#FFFFFF	#D3D3D3	15
3634	#FFFFFF	#D3D3D3	15
3635	#FFFFFF	#D3D3D3	15
3636	#FFFFFF	#D3D3D3	15
3637	#FFFFFF	#D3D3D3	76
3638	#FFFFFF	#D3D3D3	76
3639	#FFFFFF	#D3D3D3	76
3640	#FFFFFF	#D3D3D3	15
3641	#FFFFFF	#D3D3D3	15
3642	#FFFFFF	#D3D3D3	1
3643	#FFFFFF	#D3D3D3	1
3644	#FFFFFF	#D3D3D3	1
3645	#FFFFFF	#D3D3D3	1
3646	#FFFFFF	#D3D3D3	1
3647	#FFFFFF	#D3D3D3	1
3648	#FFFFFF	#D3D3D3	1
3649	#FFFFFF	#D3D3D3	1
3650	#FFFFFF	#D3D3D3	76
3651	#FFFFFF	#D3D3D3	1
3652	#FFFFFF	#D3D3D3	1
3653	#FFFFFF	#D3D3D3	1
3654	#FFFFFF	#D3D3D3	1
3655	#FFFFFF	#D3D3D3	1
3656	#FFFFFF	#D3D3D3	1
3657	#FFFFFF	#D3D3D3	1
3658	#FFFFFF	#D3D3D3	5
3659	#FFFFFF	#D3D3D3	5
3660	#FFFFFF	#D3D3D3	5
3661	#FFFFFF	#D3D3D3	15
3662	#FFFFFF	#D3D3D3	116
3663	#FFFFFF	#D3D3D3	116
3664	#FFFFFF	#D3D3D3	116
3665	#FFFFFF	#D3D3D3	116
3666	#FFFFFF	#D3D3D3	5
3667	#FFFFFF	#D3D3D3	116
3668	#FFFFFF	#D3D3D3	116
3669	#FFFFFF	#D3D3D3	116
3670	#FFFFFF	#D3D3D3	116
3671	#FFFFFF	#D3D3D3	5
3672	#FFFFFF	#D3D3D3	15
3673	#FFFFFF	#D3D3D3	5
3674	#FFFFFF	#D3D3D3	5
3675	#FFFFFF	#D3D3D3	1
3676	#FFFFFF	#D3D3D3	14
3677	#FFFFFF	#D3D3D3	14
3678	#FFFFFF	#D3D3D3	14
3679	#FFFFFF	#D3D3D3	14
3680	#FFFFFF	#D3D3D3	14
3681	#FFFFFF	#D3D3D3	14
3682	#FFFFFF	#D3D3D3	15
3683	#FFFFFF	#D3D3D3	15
3684	#FFFFFF	#D3D3D3	15
3685	#FFFFFF	#D3D3D3	15
3686	#FFFFFF	#D3D3D3	15
3688	#FFFFFF	#D3D3D3	76
3689	#FFFFFF	#D3D3D3	76
3690	#FFFFFF	#D3D3D3	15
3691	#FFFFFF	#D3D3D3	15
3692	#FFFFFF	#D3D3D3	1
3693	#FFFFFF	#D3D3D3	1
3694	#FFFFFF	#D3D3D3	1
3695	#FFFFFF	#D3D3D3	1
3696	#FFFFFF	#D3D3D3	1
3697	#FFFFFF	#D3D3D3	1
3698	#FFFFFF	#D3D3D3	1
3699	#FFFFFF	#D3D3D3	1
3700	#FFFFFF	#D3D3D3	76
3701	#FFFFFF	#D3D3D3	1
3702	#FFFFFF	#D3D3D3	1
3703	#FFFFFF	#D3D3D3	1
3704	#FFFFFF	#D3D3D3	1
3705	#FFFFFF	#D3D3D3	1
3706	#FFFFFF	#D3D3D3	1
3707	#FFFFFF	#D3D3D3	1
3708	#FFFFFF	#D3D3D3	1
3709	#FFFFFF	#D3D3D3	5
3710	#FFFFFF	#D3D3D3	5
3711	#FFFFFF	#D3D3D3	15
3712	#FFFFFF	#D3D3D3	116
3713	#FFFFFF	#D3D3D3	116
3714	#FFFFFF	#D3D3D3	116
3715	#FFFFFF	#D3D3D3	116
3716	#FFFFFF	#D3D3D3	116
3717	#FFFFFF	#D3D3D3	116
3718	#FFFFFF	#D3D3D3	116
3719	#FFFFFF	#D3D3D3	116
3720	#FFFFFF	#D3D3D3	116
3721	#FFFFFF	#D3D3D3	116
3722	#FFFFFF	#D3D3D3	15
3723	#FFFFFF	#D3D3D3	5
3724	#FFFFFF	#D3D3D3	5
3725	#FFFFFF	#D3D3D3	5
3726	#FFFFFF	#D3D3D3	1
3727	#FFFFFF	#D3D3D3	14
3728	#FFFFFF	#D3D3D3	14
3729	#FFFFFF	#D3D3D3	14
3730	#FFFFFF	#D3D3D3	14
3731	#FFFFFF	#D3D3D3	14
3733	#FFFFFF	#D3D3D3	15
3734	#FFFFFF	#D3D3D3	15
3735	#FFFFFF	#D3D3D3	15
3736	#FFFFFF	#D3D3D3	15
3737	#FFFFFF	#D3D3D3	15
3738	#FFFFFF	#D3D3D3	76
3739	#FFFFFF	#D3D3D3	76
3740	#FFFFFF	#D3D3D3	76
3741	#FFFFFF	#D3D3D3	15
3742	#FFFFFF	#D3D3D3	1
3743	#FFFFFF	#D3D3D3	1
3744	#FFFFFF	#D3D3D3	1
3745	#FFFFFF	#D3D3D3	1
3746	#FFFFFF	#D3D3D3	1
3747	#FFFFFF	#D3D3D3	1
3748	#FFFFFF	#D3D3D3	1
3749	#FFFFFF	#D3D3D3	1
3750	#FFFFFF	#D3D3D3	1
3751	#FFFFFF	#D3D3D3	76
3752	#FFFFFF	#D3D3D3	1
3753	#FFFFFF	#D3D3D3	1
3754	#FFFFFF	#D3D3D3	1
3755	#FFFFFF	#D3D3D3	1
3756	#FFFFFF	#D3D3D3	1
3757	#FFFFFF	#D3D3D3	1
3758	#FFFFFF	#D3D3D3	1
3759	#FFFFFF	#D3D3D3	1
3760	#FFFFFF	#D3D3D3	5
3761	#FFFFFF	#D3D3D3	5
3762	#FFFFFF	#D3D3D3	15
3763	#FFFFFF	#D3D3D3	116
3764	#FFFFFF	#D3D3D3	116
3765	#FFFFFF	#D3D3D3	116
3766	#FFFFFF	#D3D3D3	116
3767	#FFFFFF	#D3D3D3	116
3768	#FFFFFF	#D3D3D3	5
3769	#FFFFFF	#D3D3D3	5
3770	#FFFFFF	#D3D3D3	116
3771	#FFFFFF	#D3D3D3	116
3772	#FFFFFF	#D3D3D3	116
3773	#FFFFFF	#D3D3D3	15
3774	#FFFFFF	#D3D3D3	116
3775	#FFFFFF	#D3D3D3	5
3776	#FFFFFF	#D3D3D3	1
3777	#FFFFFF	#D3D3D3	1
3778	#FFFFFF	#D3D3D3	14
3779	#FFFFFF	#D3D3D3	14
3780	#FFFFFF	#D3D3D3	14
3781	#FFFFFF	#D3D3D3	14
3782	#FFFFFF	#D3D3D3	14
3783	#FFFFFF	#D3D3D3	15
3784	#FFFFFF	#D3D3D3	15
3785	#FFFFFF	#D3D3D3	15
3786	#FFFFFF	#D3D3D3	15
3787	#FFFFFF	#D3D3D3	15
3789	#FFFFFF	#D3D3D3	76
3790	#FFFFFF	#D3D3D3	76
3791	#FFFFFF	#D3D3D3	15
3792	#FFFFFF	#D3D3D3	15
3793	#FFFFFF	#D3D3D3	1
3794	#FFFFFF	#D3D3D3	1
3795	#FFFFFF	#D3D3D3	1
3796	#FFFFFF	#D3D3D3	1
3797	#FFFFFF	#D3D3D3	1
3798	#FFFFFF	#D3D3D3	1
3799	#FFFFFF	#D3D3D3	1
3800	#FFFFFF	#D3D3D3	1
3801	#FFFFFF	#D3D3D3	76
3802	#FFFFFF	#D3D3D3	1
3803	#FFFFFF	#D3D3D3	1
3804	#FFFFFF	#D3D3D3	1
3805	#FFFFFF	#D3D3D3	1
3806	#FFFFFF	#D3D3D3	1
3807	#FFFFFF	#D3D3D3	1
3808	#FFFFFF	#D3D3D3	1
3809	#FFFFFF	#D3D3D3	1
3810	#FFFFFF	#D3D3D3	1
3811	#FFFFFF	#D3D3D3	5
3812	#FFFFFF	#D3D3D3	76
3813	#FFFFFF	#D3D3D3	5
3814	#FFFFFF	#D3D3D3	116
3815	#FFFFFF	#D3D3D3	116
3816	#FFFFFF	#D3D3D3	116
3817	#FFFFFF	#D3D3D3	116
3818	#FFFFFF	#D3D3D3	116
3819	#FFFFFF	#D3D3D3	5
3820	#FFFFFF	#D3D3D3	5
3821	#FFFFFF	#D3D3D3	116
3822	#FFFFFF	#D3D3D3	116
3823	#FFFFFF	#D3D3D3	15
3824	#FFFFFF	#D3D3D3	116
3825	#FFFFFF	#D3D3D3	5
3826	#FFFFFF	#D3D3D3	1
3827	#FFFFFF	#D3D3D3	1
3828	#FFFFFF	#D3D3D3	1
3829	#FFFFFF	#D3D3D3	14
3830	#FFFFFF	#D3D3D3	14
3831	#FFFFFF	#D3D3D3	14
3832	#FFFFFF	#D3D3D3	14
3834	#FFFFFF	#D3D3D3	15
3835	#FFFFFF	#D3D3D3	15
3836	#FFFFFF	#D3D3D3	15
3837	#FFFFFF	#D3D3D3	15
3838	#FFFFFF	#D3D3D3	15
3839	#FFFFFF	#D3D3D3	76
3840	#FFFFFF	#D3D3D3	76
3841	#FFFFFF	#D3D3D3	76
3842	#FFFFFF	#D3D3D3	1
3843	#FFFFFF	#D3D3D3	1
3844	#FFFFFF	#D3D3D3	1
3845	#FFFFFF	#D3D3D3	1
3846	#FFFFFF	#D3D3D3	1
3847	#FFFFFF	#D3D3D3	1
3848	#FFFFFF	#D3D3D3	1
3849	#FFFFFF	#D3D3D3	1
3850	#FFFFFF	#D3D3D3	1
3851	#FFFFFF	#D3D3D3	1
3852	#FFFFFF	#D3D3D3	76
3853	#FFFFFF	#D3D3D3	1
3854	#FFFFFF	#D3D3D3	1
3855	#FFFFFF	#D3D3D3	1
3856	#FFFFFF	#D3D3D3	1
3857	#FFFFFF	#D3D3D3	1
3858	#FFFFFF	#D3D3D3	1
3859	#FFFFFF	#D3D3D3	1
3860	#FFFFFF	#D3D3D3	1
3861	#FFFFFF	#D3D3D3	1
3862	#FFFFFF	#D3D3D3	5
3863	#FFFFFF	#D3D3D3	76
3864	#FFFFFF	#D3D3D3	5
3865	#FFFFFF	#D3D3D3	116
3866	#FFFFFF	#D3D3D3	116
3867	#FFFFFF	#D3D3D3	116
3868	#FFFFFF	#D3D3D3	116
3869	#FFFFFF	#D3D3D3	116
3870	#FFFFFF	#D3D3D3	5
3871	#FFFFFF	#D3D3D3	116
3872	#FFFFFF	#D3D3D3	116
3873	#FFFFFF	#D3D3D3	116
3874	#FFFFFF	#D3D3D3	15
3875	#FFFFFF	#D3D3D3	116
3876	#FFFFFF	#D3D3D3	5
3877	#FFFFFF	#D3D3D3	5
3878	#FFFFFF	#D3D3D3	5
3879	#FFFFFF	#D3D3D3	1
3880	#FFFFFF	#D3D3D3	14
3881	#FFFFFF	#D3D3D3	14
3882	#FFFFFF	#D3D3D3	14
3883	#FFFFFF	#D3D3D3	14
3884	#FFFFFF	#D3D3D3	15
3885	#FFFFFF	#D3D3D3	15
3886	#FFFFFF	#D3D3D3	15
3887	#FFFFFF	#D3D3D3	15
3888	#FFFFFF	#D3D3D3	15
3890	#FFFFFF	#D3D3D3	76
3891	#FFFFFF	#D3D3D3	15
3892	#FFFFFF	#D3D3D3	1
3893	#FFFFFF	#D3D3D3	1
3894	#FFFFFF	#D3D3D3	1
3895	#FFFFFF	#D3D3D3	1
3896	#FFFFFF	#D3D3D3	1
3897	#FFFFFF	#D3D3D3	1
3898	#FFFFFF	#D3D3D3	1
3899	#FFFFFF	#D3D3D3	1
3900	#FFFFFF	#D3D3D3	1
3901	#FFFFFF	#D3D3D3	1
3902	#FFFFFF	#D3D3D3	15
3903	#FFFFFF	#D3D3D3	1
3904	#FFFFFF	#D3D3D3	1
3905	#FFFFFF	#D3D3D3	1
3906	#FFFFFF	#D3D3D3	16
3907	#FFFFFF	#D3D3D3	1
3908	#FFFFFF	#D3D3D3	16
3909	#FFFFFF	#D3D3D3	1
3910	#FFFFFF	#D3D3D3	16
3911	#FFFFFF	#D3D3D3	1
3912	#FFFFFF	#D3D3D3	1
3913	#FFFFFF	#D3D3D3	76
3914	#FFFFFF	#D3D3D3	5
3915	#FFFFFF	#D3D3D3	5
3916	#FFFFFF	#D3D3D3	116
3917	#FFFFFF	#D3D3D3	116
3918	#FFFFFF	#D3D3D3	116
3919	#FFFFFF	#D3D3D3	116
3920	#FFFFFF	#D3D3D3	116
3921	#FFFFFF	#D3D3D3	5
3922	#FFFFFF	#D3D3D3	5
3923	#FFFFFF	#D3D3D3	116
3924	#FFFFFF	#D3D3D3	15
3925	#FFFFFF	#D3D3D3	116
3926	#FFFFFF	#D3D3D3	5
3927	#FFFFFF	#D3D3D3	5
3928	#FFFFFF	#D3D3D3	5
3929	#FFFFFF	#D3D3D3	5
3930	#FFFFFF	#D3D3D3	1
3931	#FFFFFF	#D3D3D3	14
3932	#FFFFFF	#D3D3D3	14
3933	#FFFFFF	#D3D3D3	14
3935	#FFFFFF	#D3D3D3	15
3936	#FFFFFF	#D3D3D3	15
3937	#FFFFFF	#D3D3D3	15
3938	#FFFFFF	#D3D3D3	15
3939	#FFFFFF	#D3D3D3	15
3940	#FFFFFF	#D3D3D3	76
3941	#FFFFFF	#D3D3D3	15
3942	#FFFFFF	#D3D3D3	15
3943	#FFFFFF	#D3D3D3	1
3944	#FFFFFF	#D3D3D3	1
3945	#FFFFFF	#D3D3D3	1
3946	#FFFFFF	#D3D3D3	1
3947	#FFFFFF	#D3D3D3	1
3948	#FFFFFF	#D3D3D3	1
3949	#FFFFFF	#D3D3D3	1
3950	#FFFFFF	#D3D3D3	1
3951	#FFFFFF	#D3D3D3	1
3952	#FFFFFF	#D3D3D3	1
3953	#FFFFFF	#D3D3D3	15
3954	#FFFFFF	#D3D3D3	1
3955	#FFFFFF	#D3D3D3	1
3956	#FFFFFF	#D3D3D3	16
3957	#FFFFFF	#D3D3D3	16
3958	#FFFFFF	#D3D3D3	16
3959	#FFFFFF	#D3D3D3	16
3960	#FFFFFF	#D3D3D3	16
3961	#FFFFFF	#D3D3D3	16
3962	#FFFFFF	#D3D3D3	1
3963	#FFFFFF	#D3D3D3	1
3964	#FFFFFF	#D3D3D3	15
3965	#FFFFFF	#D3D3D3	5
3966	#FFFFFF	#D3D3D3	5
3967	#FFFFFF	#D3D3D3	116
3968	#FFFFFF	#D3D3D3	116
3969	#FFFFFF	#D3D3D3	116
3970	#FFFFFF	#D3D3D3	116
3971	#FFFFFF	#D3D3D3	116
3972	#FFFFFF	#D3D3D3	5
3973	#FFFFFF	#D3D3D3	5
3974	#FFFFFF	#D3D3D3	116
3975	#FFFFFF	#D3D3D3	15
3976	#FFFFFF	#D3D3D3	5
3977	#FFFFFF	#D3D3D3	5
3978	#FFFFFF	#D3D3D3	5
3979	#FFFFFF	#D3D3D3	5
3980	#FFFFFF	#D3D3D3	5
3981	#FFFFFF	#D3D3D3	1
3982	#FFFFFF	#D3D3D3	14
3983	#FFFFFF	#D3D3D3	14
3984	#FFFFFF	#D3D3D3	14
3985	#FFFFFF	#D3D3D3	15
3986	#FFFFFF	#D3D3D3	15
3987	#FFFFFF	#D3D3D3	15
3988	#FFFFFF	#D3D3D3	15
3989	#FFFFFF	#D3D3D3	1
4041	#FFFFFF	#D3D3D3	1
4042	#FFFFFF	#D3D3D3	1
4043	#FFFFFF	#D3D3D3	30
4044	#FFFFFF	#D3D3D3	39
4045	#FFFFFF	#D3D3D3	39
4046	#FFFFFF	#D3D3D3	39
4047	#FFFFFF	#D3D3D3	30
4048	#FFFFFF	#D3D3D3	30
4049	#FFFFFF	#D3D3D3	30
4050	#FFFFFF	#D3D3D3	14
4051	#FFFFFF	#D3D3D3	30
4052	#FFFFFF	#D3D3D3	14
4053	#FFFFFF	#D3D3D3	1
4054	#FFFFFF	#D3D3D3	14
4055	#FFFFFF	#D3D3D3	14
4056	#FFFFFF	#D3D3D3	14
4057	#FFFFFF	#D3D3D3	14
4058	#FFFFFF	#D3D3D3	14
4059	#FFFFFF	#D3D3D3	14
4060	#FFFFFF	#D3D3D3	14
4061	#FFFFFF	#D3D3D3	30
4062	#FFFFFF	#D3D3D3	30
4063	#FFFFFF	#D3D3D3	30
4064	#FFFFFF	#D3D3D3	30
4065	#FFFFFF	#D3D3D3	30
4066	#FFFFFF	#D3D3D3	30
4067	#FFFFFF	#D3D3D3	30
4068	#FFFFFF	#D3D3D3	30
4069	#FFFFFF	#D3D3D3	30
4070	#FFFFFF	#D3D3D3	14
4071	#FFFFFF	#D3D3D3	14
4072	#FFFFFF	#D3D3D3	30
4073	#FFFFFF	#D3D3D3	14
4074	#FFFFFF	#D3D3D3	14
4075	#FFFFFF	#D3D3D3	30
4076	#FFFFFF	#D3D3D3	14
4077	#FFFFFF	#D3D3D3	14
4078	#FFFFFF	#D3D3D3	14
4079	#FFFFFF	#D3D3D3	121
4080	#FFFFFF	#D3D3D3	14
4081	#FFFFFF	#D3D3D3	14
4082	#FFFFFF	#D3D3D3	14
4083	#FFFFFF	#D3D3D3	14
4084	#FFFFFF	#D3D3D3	114
4086	#FFFFFF	#D3D3D3	30
4087	#FFFFFF	#D3D3D3	30
4088	#FFFFFF	#D3D3D3	30
4089	#FFFFFF	#D3D3D3	30
4090	#FFFFFF	#D3D3D3	30
4091	#FFFFFF	#D3D3D3	30
4092	#FFFFFF	#D3D3D3	1
4093	#FFFFFF	#D3D3D3	1
4094	#FFFFFF	#D3D3D3	39
4095	#FFFFFF	#D3D3D3	39
4096	#FFFFFF	#D3D3D3	39
4097	#FFFFFF	#D3D3D3	39
4098	#FFFFFF	#D3D3D3	30
4099	#FFFFFF	#D3D3D3	30
4100	#FFFFFF	#D3D3D3	30
4101	#FFFFFF	#D3D3D3	30
4102	#FFFFFF	#D3D3D3	30
4103	#FFFFFF	#D3D3D3	14
4104	#FFFFFF	#D3D3D3	1
4105	#FFFFFF	#D3D3D3	14
4106	#FFFFFF	#D3D3D3	14
4107	#FFFFFF	#D3D3D3	14
4108	#FFFFFF	#D3D3D3	14
4109	#FFFFFF	#D3D3D3	14
4110	#FFFFFF	#D3D3D3	14
4111	#FFFFFF	#D3D3D3	14
4112	#FFFFFF	#D3D3D3	14
4113	#FFFFFF	#D3D3D3	30
4114	#FFFFFF	#D3D3D3	30
4115	#FFFFFF	#D3D3D3	30
4116	#FFFFFF	#D3D3D3	30
4117	#FFFFFF	#D3D3D3	30
4118	#FFFFFF	#D3D3D3	30
4119	#FFFFFF	#D3D3D3	30
4120	#FFFFFF	#D3D3D3	14
4121	#FFFFFF	#D3D3D3	14
4122	#FFFFFF	#D3D3D3	30
4123	#FFFFFF	#D3D3D3	14
4124	#FFFFFF	#D3D3D3	14
4125	#FFFFFF	#D3D3D3	14
4126	#FFFFFF	#D3D3D3	30
4127	#FFFFFF	#D3D3D3	14
4128	#FFFFFF	#D3D3D3	14
4129	#FFFFFF	#D3D3D3	14
4130	#FFFFFF	#D3D3D3	14
4131	#FFFFFF	#D3D3D3	14
4132	#FFFFFF	#D3D3D3	14
4133	#FFFFFF	#D3D3D3	14
4134	#FFFFFF	#D3D3D3	114
4135	#FFFFFF	#D3D3D3	93
4136	#FFFFFF	#D3D3D3	30
4137	#FFFFFF	#D3D3D3	30
4138	#FFFFFF	#D3D3D3	30
4139	#FFFFFF	#D3D3D3	30
4140	#FFFFFF	#D3D3D3	30
4142	#FFFFFF	#D3D3D3	30
4143	#FFFFFF	#D3D3D3	1
4144	#FFFFFF	#D3D3D3	39
4145	#FFFFFF	#D3D3D3	39
4146	#FFFFFF	#D3D3D3	39
4147	#FFFFFF	#D3D3D3	39
4148	#FFFFFF	#D3D3D3	39
4149	#FFFFFF	#D3D3D3	30
4150	#FFFFFF	#D3D3D3	30
4151	#FFFFFF	#D3D3D3	30
4152	#FFFFFF	#D3D3D3	30
4153	#FFFFFF	#D3D3D3	30
4154	#FFFFFF	#D3D3D3	1
4155	#FFFFFF	#D3D3D3	14
4156	#FFFFFF	#D3D3D3	14
4157	#FFFFFF	#D3D3D3	14
4158	#FFFFFF	#D3D3D3	14
4159	#FFFFFF	#D3D3D3	14
4160	#FFFFFF	#D3D3D3	14
4161	#FFFFFF	#D3D3D3	14
4162	#FFFFFF	#D3D3D3	14
4163	#FFFFFF	#D3D3D3	30
4164	#FFFFFF	#D3D3D3	30
4165	#FFFFFF	#D3D3D3	1
4166	#FFFFFF	#D3D3D3	30
4167	#FFFFFF	#D3D3D3	30
4168	#FFFFFF	#D3D3D3	30
4169	#FFFFFF	#D3D3D3	30
4170	#FFFFFF	#D3D3D3	30
4171	#FFFFFF	#D3D3D3	30
4172	#FFFFFF	#D3D3D3	30
4173	#FFFFFF	#D3D3D3	14
4174	#FFFFFF	#D3D3D3	14
4175	#FFFFFF	#D3D3D3	14
4176	#FFFFFF	#D3D3D3	30
4177	#FFFFFF	#D3D3D3	14
4178	#FFFFFF	#D3D3D3	14
4179	#FFFFFF	#D3D3D3	14
4180	#FFFFFF	#D3D3D3	14
4181	#FFFFFF	#D3D3D3	14
4182	#FFFFFF	#D3D3D3	14
4183	#FFFFFF	#D3D3D3	14
4184	#FFFFFF	#D3D3D3	114
4185	#FFFFFF	#D3D3D3	114
4187	#FFFFFF	#D3D3D3	30
4188	#FFFFFF	#D3D3D3	30
4189	#FFFFFF	#D3D3D3	30
4190	#FFFFFF	#D3D3D3	30
4191	#FFFFFF	#D3D3D3	30
4192	#FFFFFF	#D3D3D3	30
4193	#FFFFFF	#D3D3D3	30
4194	#FFFFFF	#D3D3D3	1
4195	#FFFFFF	#D3D3D3	39
4196	#FFFFFF	#D3D3D3	39
4197	#FFFFFF	#D3D3D3	39
4198	#FFFFFF	#D3D3D3	39
4199	#FFFFFF	#D3D3D3	39
4200	#FFFFFF	#D3D3D3	30
4201	#FFFFFF	#D3D3D3	30
4202	#FFFFFF	#D3D3D3	30
4203	#FFFFFF	#D3D3D3	30
4204	#FFFFFF	#D3D3D3	30
4205	#FFFFFF	#D3D3D3	30
4206	#FFFFFF	#D3D3D3	14
4207	#FFFFFF	#D3D3D3	14
4208	#FFFFFF	#D3D3D3	14
4209	#FFFFFF	#D3D3D3	14
4210	#FFFFFF	#D3D3D3	14
4211	#FFFFFF	#D3D3D3	14
4212	#FFFFFF	#D3D3D3	14
4213	#FFFFFF	#D3D3D3	14
4214	#FFFFFF	#D3D3D3	30
4215	#FFFFFF	#D3D3D3	30
4216	#FFFFFF	#D3D3D3	1
4217	#FFFFFF	#D3D3D3	30
4218	#FFFFFF	#D3D3D3	30
4219	#FFFFFF	#D3D3D3	30
4220	#FFFFFF	#D3D3D3	30
4221	#FFFFFF	#D3D3D3	30
4222	#FFFFFF	#D3D3D3	30
4223	#FFFFFF	#D3D3D3	14
4224	#FFFFFF	#D3D3D3	14
4225	#FFFFFF	#D3D3D3	14
4226	#FFFFFF	#D3D3D3	14
4227	#FFFFFF	#D3D3D3	30
4228	#FFFFFF	#D3D3D3	14
4229	#FFFFFF	#D3D3D3	14
4230	#FFFFFF	#D3D3D3	14
4231	#FFFFFF	#D3D3D3	14
4232	#FFFFFF	#D3D3D3	14
4233	#FFFFFF	#D3D3D3	114
4234	#FFFFFF	#D3D3D3	114
4235	#FFFFFF	#D3D3D3	114
4236	#FFFFFF	#D3D3D3	93
4237	#FFFFFF	#D3D3D3	30
4238	#FFFFFF	#D3D3D3	30
4239	#FFFFFF	#D3D3D3	30
4240	#FFFFFF	#D3D3D3	30
4241	#FFFFFF	#D3D3D3	39
4243	#FFFFFF	#D3D3D3	30
4244	#FFFFFF	#D3D3D3	30
4245	#FFFFFF	#D3D3D3	39
4246	#FFFFFF	#D3D3D3	39
4247	#FFFFFF	#D3D3D3	39
4248	#FFFFFF	#D3D3D3	39
4249	#FFFFFF	#D3D3D3	39
4250	#FFFFFF	#D3D3D3	39
4251	#FFFFFF	#D3D3D3	30
4252	#FFFFFF	#D3D3D3	30
4253	#FFFFFF	#D3D3D3	30
4254	#FFFFFF	#D3D3D3	30
4255	#FFFFFF	#D3D3D3	30
4256	#FFFFFF	#D3D3D3	30
4257	#FFFFFF	#D3D3D3	14
4258	#FFFFFF	#D3D3D3	14
4259	#FFFFFF	#D3D3D3	14
4260	#FFFFFF	#D3D3D3	14
4261	#FFFFFF	#D3D3D3	14
4262	#FFFFFF	#D3D3D3	14
4263	#FFFFFF	#D3D3D3	14
4264	#FFFFFF	#D3D3D3	14
4265	#FFFFFF	#D3D3D3	30
4266	#FFFFFF	#D3D3D3	1
4267	#FFFFFF	#D3D3D3	30
4268	#FFFFFF	#D3D3D3	30
4269	#FFFFFF	#D3D3D3	30
4270	#FFFFFF	#D3D3D3	30
4271	#FFFFFF	#D3D3D3	30
4272	#FFFFFF	#D3D3D3	30
4273	#FFFFFF	#D3D3D3	30
4274	#FFFFFF	#D3D3D3	14
4275	#FFFFFF	#D3D3D3	14
4276	#FFFFFF	#D3D3D3	14
4277	#FFFFFF	#D3D3D3	1
4278	#FFFFFF	#D3D3D3	14
4279	#FFFFFF	#D3D3D3	14
4280	#FFFFFF	#D3D3D3	14
4281	#FFFFFF	#D3D3D3	14
4282	#FFFFFF	#D3D3D3	14
4283	#FFFFFF	#D3D3D3	14
4284	#FFFFFF	#D3D3D3	114
4285	#FFFFFF	#D3D3D3	93
4286	#FFFFFF	#D3D3D3	93
4288	#FFFFFF	#D3D3D3	30
4289	#FFFFFF	#D3D3D3	30
4290	#FFFFFF	#D3D3D3	30
4291	#FFFFFF	#D3D3D3	30
4292	#FFFFFF	#D3D3D3	30
4293	#FFFFFF	#D3D3D3	30
4294	#FFFFFF	#D3D3D3	30
4295	#FFFFFF	#D3D3D3	30
4296	#FFFFFF	#D3D3D3	39
4297	#FFFFFF	#D3D3D3	39
4298	#FFFFFF	#D3D3D3	39
4299	#FFFFFF	#D3D3D3	39
4300	#FFFFFF	#D3D3D3	39
4301	#FFFFFF	#D3D3D3	39
4302	#FFFFFF	#D3D3D3	30
4303	#FFFFFF	#D3D3D3	30
4304	#FFFFFF	#D3D3D3	30
4305	#FFFFFF	#D3D3D3	30
4306	#FFFFFF	#D3D3D3	1
4307	#FFFFFF	#D3D3D3	30
4308	#FFFFFF	#D3D3D3	14
4309	#FFFFFF	#D3D3D3	14
4310	#FFFFFF	#D3D3D3	14
4311	#FFFFFF	#D3D3D3	30
4312	#FFFFFF	#D3D3D3	14
4313	#FFFFFF	#D3D3D3	14
4314	#FFFFFF	#D3D3D3	14
4315	#FFFFFF	#D3D3D3	14
4316	#FFFFFF	#D3D3D3	30
4317	#FFFFFF	#D3D3D3	1
4318	#FFFFFF	#D3D3D3	30
4319	#FFFFFF	#D3D3D3	30
4320	#FFFFFF	#D3D3D3	30
4321	#FFFFFF	#D3D3D3	30
4322	#FFFFFF	#D3D3D3	30
4323	#FFFFFF	#D3D3D3	30
4324	#FFFFFF	#D3D3D3	30
4325	#FFFFFF	#D3D3D3	14
4326	#FFFFFF	#D3D3D3	14
4327	#FFFFFF	#D3D3D3	14
4328	#FFFFFF	#D3D3D3	1
4329	#FFFFFF	#D3D3D3	14
4330	#FFFFFF	#D3D3D3	14
4331	#FFFFFF	#D3D3D3	14
4332	#FFFFFF	#D3D3D3	14
4333	#FFFFFF	#D3D3D3	14
4334	#FFFFFF	#D3D3D3	114
4335	#FFFFFF	#D3D3D3	93
4336	#FFFFFF	#D3D3D3	93
4337	#FFFFFF	#D3D3D3	93
4338	#FFFFFF	#D3D3D3	30
4339	#FFFFFF	#D3D3D3	30
4340	#FFFFFF	#D3D3D3	30
4341	#FFFFFF	#D3D3D3	30
4342	#FFFFFF	#D3D3D3	30
4344	#FFFFFF	#D3D3D3	30
4345	#FFFFFF	#D3D3D3	30
4346	#FFFFFF	#D3D3D3	30
4347	#FFFFFF	#D3D3D3	39
4348	#FFFFFF	#D3D3D3	39
4349	#FFFFFF	#D3D3D3	39
4350	#FFFFFF	#D3D3D3	39
4351	#FFFFFF	#D3D3D3	39
4352	#FFFFFF	#D3D3D3	39
4353	#FFFFFF	#D3D3D3	30
4354	#FFFFFF	#D3D3D3	30
4355	#FFFFFF	#D3D3D3	30
4356	#FFFFFF	#D3D3D3	30
4357	#FFFFFF	#D3D3D3	30
4358	#FFFFFF	#D3D3D3	14
4359	#FFFFFF	#D3D3D3	14
4360	#FFFFFF	#D3D3D3	14
4361	#FFFFFF	#D3D3D3	30
4362	#FFFFFF	#D3D3D3	30
4363	#FFFFFF	#D3D3D3	14
4364	#FFFFFF	#D3D3D3	14
4365	#FFFFFF	#D3D3D3	14
4366	#FFFFFF	#D3D3D3	14
4367	#FFFFFF	#D3D3D3	1
4368	#FFFFFF	#D3D3D3	30
4369	#FFFFFF	#D3D3D3	30
4370	#FFFFFF	#D3D3D3	30
4371	#FFFFFF	#D3D3D3	30
4372	#FFFFFF	#D3D3D3	30
4373	#FFFFFF	#D3D3D3	30
4374	#FFFFFF	#D3D3D3	30
4375	#FFFFFF	#D3D3D3	14
4376	#FFFFFF	#D3D3D3	14
4377	#FFFFFF	#D3D3D3	14
4378	#FFFFFF	#D3D3D3	1
4379	#FFFFFF	#D3D3D3	14
4380	#FFFFFF	#D3D3D3	14
4381	#FFFFFF	#D3D3D3	14
4382	#FFFFFF	#D3D3D3	14
4383	#FFFFFF	#D3D3D3	14
4384	#FFFFFF	#D3D3D3	14
4385	#FFFFFF	#D3D3D3	114
4386	#FFFFFF	#D3D3D3	93
4387	#FFFFFF	#D3D3D3	93
4389	#FFFFFF	#D3D3D3	1
4390	#FFFFFF	#D3D3D3	30
4391	#FFFFFF	#D3D3D3	30
4392	#FFFFFF	#D3D3D3	30
4393	#FFFFFF	#D3D3D3	30
4394	#FFFFFF	#D3D3D3	30
4395	#FFFFFF	#D3D3D3	30
4396	#FFFFFF	#D3D3D3	30
4397	#FFFFFF	#D3D3D3	39
4398	#FFFFFF	#D3D3D3	39
4399	#FFFFFF	#D3D3D3	39
4400	#FFFFFF	#D3D3D3	39
4401	#FFFFFF	#D3D3D3	39
4402	#FFFFFF	#D3D3D3	39
4403	#FFFFFF	#D3D3D3	39
4404	#FFFFFF	#D3D3D3	30
4405	#FFFFFF	#D3D3D3	30
4406	#FFFFFF	#D3D3D3	30
4407	#FFFFFF	#D3D3D3	30
4408	#FFFFFF	#D3D3D3	14
4409	#FFFFFF	#D3D3D3	14
4410	#FFFFFF	#D3D3D3	14
4411	#FFFFFF	#D3D3D3	14
4412	#FFFFFF	#D3D3D3	30
4413	#FFFFFF	#D3D3D3	30
4414	#FFFFFF	#D3D3D3	14
4415	#FFFFFF	#D3D3D3	14
4416	#FFFFFF	#D3D3D3	30
4417	#FFFFFF	#D3D3D3	14
4418	#FFFFFF	#D3D3D3	1
4419	#FFFFFF	#D3D3D3	30
4420	#FFFFFF	#D3D3D3	30
4421	#FFFFFF	#D3D3D3	30
4422	#FFFFFF	#D3D3D3	30
4423	#FFFFFF	#D3D3D3	30
4424	#FFFFFF	#D3D3D3	30
4425	#FFFFFF	#D3D3D3	14
4426	#FFFFFF	#D3D3D3	14
4427	#FFFFFF	#D3D3D3	14
4428	#FFFFFF	#D3D3D3	14
4429	#FFFFFF	#D3D3D3	1
4430	#FFFFFF	#D3D3D3	14
4431	#FFFFFF	#D3D3D3	14
4432	#FFFFFF	#D3D3D3	14
4433	#FFFFFF	#D3D3D3	14
4434	#FFFFFF	#D3D3D3	14
4435	#FFFFFF	#D3D3D3	114
4436	#FFFFFF	#D3D3D3	93
4437	#FFFFFF	#D3D3D3	93
4438	#FFFFFF	#D3D3D3	93
4439	#FFFFFF	#D3D3D3	1
4440	#FFFFFF	#D3D3D3	30
4441	#FFFFFF	#D3D3D3	1
4442	#FFFFFF	#D3D3D3	30
4443	#FFFFFF	#D3D3D3	30
4445	#FFFFFF	#D3D3D3	30
4446	#FFFFFF	#D3D3D3	1
4447	#FFFFFF	#D3D3D3	30
4448	#FFFFFF	#D3D3D3	39
4449	#FFFFFF	#D3D3D3	39
4450	#FFFFFF	#D3D3D3	39
4451	#FFFFFF	#D3D3D3	39
4452	#FFFFFF	#D3D3D3	39
4453	#FFFFFF	#D3D3D3	39
4454	#FFFFFF	#D3D3D3	39
4455	#FFFFFF	#D3D3D3	30
4456	#FFFFFF	#D3D3D3	30
4457	#FFFFFF	#D3D3D3	30
4458	#FFFFFF	#D3D3D3	14
4459	#FFFFFF	#D3D3D3	14
4460	#FFFFFF	#D3D3D3	14
4461	#FFFFFF	#D3D3D3	14
4462	#FFFFFF	#D3D3D3	14
4463	#FFFFFF	#D3D3D3	30
4464	#FFFFFF	#D3D3D3	30
4465	#FFFFFF	#D3D3D3	14
4466	#FFFFFF	#D3D3D3	30
4467	#FFFFFF	#D3D3D3	30
4468	#FFFFFF	#D3D3D3	30
4469	#FFFFFF	#D3D3D3	30
4470	#FFFFFF	#D3D3D3	30
4471	#FFFFFF	#D3D3D3	30
4472	#FFFFFF	#D3D3D3	30
4473	#FFFFFF	#D3D3D3	30
4474	#FFFFFF	#D3D3D3	14
4475	#FFFFFF	#D3D3D3	14
4476	#FFFFFF	#D3D3D3	14
4477	#FFFFFF	#D3D3D3	14
4478	#FFFFFF	#D3D3D3	14
4479	#FFFFFF	#D3D3D3	1
4480	#FFFFFF	#D3D3D3	14
4481	#FFFFFF	#D3D3D3	14
4482	#FFFFFF	#D3D3D3	14
4483	#FFFFFF	#D3D3D3	14
4484	#FFFFFF	#D3D3D3	14
4485	#FFFFFF	#D3D3D3	14
4486	#FFFFFF	#D3D3D3	114
4487	#FFFFFF	#D3D3D3	93
4488	#FFFFFF	#D3D3D3	93
4490	#FFFFFF	#D3D3D3	1
4491	#FFFFFF	#D3D3D3	1
4492	#FFFFFF	#D3D3D3	1
4493	#FFFFFF	#D3D3D3	1
4494	#FFFFFF	#D3D3D3	30
4495	#FFFFFF	#D3D3D3	30
4496	#FFFFFF	#D3D3D3	1
4497	#FFFFFF	#D3D3D3	30
4498	#FFFFFF	#D3D3D3	30
4499	#FFFFFF	#D3D3D3	39
4500	#FFFFFF	#D3D3D3	39
4501	#FFFFFF	#D3D3D3	39
4502	#FFFFFF	#D3D3D3	39
4503	#FFFFFF	#D3D3D3	39
4504	#FFFFFF	#D3D3D3	39
4505	#FFFFFF	#D3D3D3	39
4506	#FFFFFF	#D3D3D3	14
4507	#FFFFFF	#D3D3D3	14
4508	#FFFFFF	#D3D3D3	30
4509	#FFFFFF	#D3D3D3	14
4510	#FFFFFF	#D3D3D3	14
4511	#FFFFFF	#D3D3D3	14
4512	#FFFFFF	#D3D3D3	14
4513	#FFFFFF	#D3D3D3	14
4514	#FFFFFF	#D3D3D3	30
4515	#FFFFFF	#D3D3D3	30
4516	#FFFFFF	#D3D3D3	30
4517	#FFFFFF	#D3D3D3	30
4518	#FFFFFF	#D3D3D3	30
4519	#FFFFFF	#D3D3D3	1
4520	#FFFFFF	#D3D3D3	30
4521	#FFFFFF	#D3D3D3	14
4522	#FFFFFF	#D3D3D3	30
4523	#FFFFFF	#D3D3D3	30
4524	#FFFFFF	#D3D3D3	14
4525	#FFFFFF	#D3D3D3	14
4526	#FFFFFF	#D3D3D3	14
4527	#FFFFFF	#D3D3D3	14
4528	#FFFFFF	#D3D3D3	14
4529	#FFFFFF	#D3D3D3	14
4530	#FFFFFF	#D3D3D3	1
4531	#FFFFFF	#D3D3D3	14
4532	#FFFFFF	#D3D3D3	14
4533	#FFFFFF	#D3D3D3	14
4534	#FFFFFF	#D3D3D3	14
4535	#FFFFFF	#D3D3D3	14
4536	#FFFFFF	#D3D3D3	14
4537	#FFFFFF	#D3D3D3	114
4538	#FFFFFF	#D3D3D3	93
4539	#FFFFFF	#D3D3D3	93
4540	#FFFFFF	#D3D3D3	1
4541	#FFFFFF	#D3D3D3	1
4542	#FFFFFF	#D3D3D3	1
4543	#FFFFFF	#D3D3D3	1
4544	#FFFFFF	#D3D3D3	30
4546	#FFFFFF	#D3D3D3	30
4547	#FFFFFF	#D3D3D3	30
4548	#FFFFFF	#D3D3D3	30
4549	#FFFFFF	#D3D3D3	30
4550	#FFFFFF	#D3D3D3	30
4551	#FFFFFF	#D3D3D3	30
4552	#FFFFFF	#D3D3D3	30
4553	#FFFFFF	#D3D3D3	30
4554	#FFFFFF	#D3D3D3	30
4555	#FFFFFF	#D3D3D3	14
4556	#FFFFFF	#D3D3D3	14
4557	#FFFFFF	#D3D3D3	14
4558	#FFFFFF	#D3D3D3	29
4559	#FFFFFF	#D3D3D3	14
4560	#FFFFFF	#D3D3D3	14
4561	#FFFFFF	#D3D3D3	14
4562	#FFFFFF	#D3D3D3	30
4563	#FFFFFF	#D3D3D3	30
4564	#FFFFFF	#D3D3D3	30
4565	#FFFFFF	#D3D3D3	30
4566	#FFFFFF	#D3D3D3	123
4567	#FFFFFF	#D3D3D3	123
4568	#FFFFFF	#D3D3D3	123
4569	#FFFFFF	#D3D3D3	29
4570	#FFFFFF	#D3D3D3	123
4571	#FFFFFF	#D3D3D3	123
4572	#FFFFFF	#D3D3D3	30
4573	#FFFFFF	#D3D3D3	30
4574	#FFFFFF	#D3D3D3	30
4575	#FFFFFF	#D3D3D3	30
4576	#FFFFFF	#D3D3D3	30
4577	#FFFFFF	#D3D3D3	14
4578	#FFFFFF	#D3D3D3	14
4579	#FFFFFF	#D3D3D3	14
4580	#FFFFFF	#D3D3D3	29
4581	#FFFFFF	#D3D3D3	14
4582	#FFFFFF	#D3D3D3	14
4583	#FFFFFF	#D3D3D3	14
4584	#FFFFFF	#D3D3D3	14
4585	#FFFFFF	#D3D3D3	14
4586	#FFFFFF	#D3D3D3	14
4587	#FFFFFF	#D3D3D3	14
4588	#FFFFFF	#D3D3D3	14
4589	#FFFFFF	#D3D3D3	14
4591	#FFFFFF	#D3D3D3	30
4592	#FFFFFF	#D3D3D3	30
4593	#FFFFFF	#D3D3D3	30
4594	#FFFFFF	#D3D3D3	30
4595	#FFFFFF	#D3D3D3	30
4596	#FFFFFF	#D3D3D3	30
4597	#FFFFFF	#D3D3D3	30
4598	#FFFFFF	#D3D3D3	29
4599	#FFFFFF	#D3D3D3	30
4600	#FFFFFF	#D3D3D3	30
4601	#FFFFFF	#D3D3D3	30
4602	#FFFFFF	#D3D3D3	30
4603	#FFFFFF	#D3D3D3	30
4604	#FFFFFF	#D3D3D3	30
4605	#FFFFFF	#D3D3D3	30
4606	#FFFFFF	#D3D3D3	14
4607	#FFFFFF	#D3D3D3	14
4608	#FFFFFF	#D3D3D3	14
4609	#FFFFFF	#D3D3D3	29
4610	#FFFFFF	#D3D3D3	30
4611	#FFFFFF	#D3D3D3	30
4612	#FFFFFF	#D3D3D3	30
4613	#FFFFFF	#D3D3D3	30
4614	#FFFFFF	#D3D3D3	30
4615	#FFFFFF	#D3D3D3	30
4616	#FFFFFF	#D3D3D3	123
4617	#FFFFFF	#D3D3D3	123
4618	#FFFFFF	#D3D3D3	123
4619	#FFFFFF	#D3D3D3	123
4620	#FFFFFF	#D3D3D3	29
4621	#FFFFFF	#D3D3D3	123
4622	#FFFFFF	#D3D3D3	123
4623	#FFFFFF	#D3D3D3	30
4624	#FFFFFF	#D3D3D3	30
4625	#FFFFFF	#D3D3D3	30
4626	#FFFFFF	#D3D3D3	30
4627	#FFFFFF	#D3D3D3	14
4628	#FFFFFF	#D3D3D3	14
4629	#FFFFFF	#D3D3D3	14
4630	#FFFFFF	#D3D3D3	14
4631	#FFFFFF	#D3D3D3	29
4632	#FFFFFF	#D3D3D3	14
4633	#FFFFFF	#D3D3D3	14
4634	#FFFFFF	#D3D3D3	14
4635	#FFFFFF	#D3D3D3	14
4636	#FFFFFF	#D3D3D3	14
4637	#FFFFFF	#D3D3D3	14
4638	#FFFFFF	#D3D3D3	14
4639	#FFFFFF	#D3D3D3	14
4640	#FFFFFF	#D3D3D3	14
4641	#FFFFFF	#D3D3D3	30
4642	#FFFFFF	#D3D3D3	30
4643	#FFFFFF	#D3D3D3	30
4644	#FFFFFF	#D3D3D3	30
4645	#FFFFFF	#D3D3D3	30
4647	#FFFFFF	#D3D3D3	30
4648	#FFFFFF	#D3D3D3	29
4649	#FFFFFF	#D3D3D3	30
4650	#FFFFFF	#D3D3D3	30
4651	#FFFFFF	#D3D3D3	30
4652	#FFFFFF	#D3D3D3	30
4653	#FFFFFF	#D3D3D3	30
4654	#FFFFFF	#D3D3D3	30
4655	#FFFFFF	#D3D3D3	30
4656	#FFFFFF	#D3D3D3	30
4657	#FFFFFF	#D3D3D3	14
4658	#FFFFFF	#D3D3D3	14
4659	#FFFFFF	#D3D3D3	29
4660	#FFFFFF	#D3D3D3	30
4661	#FFFFFF	#D3D3D3	30
4662	#FFFFFF	#D3D3D3	30
4663	#FFFFFF	#D3D3D3	30
4664	#FFFFFF	#D3D3D3	30
4665	#FFFFFF	#D3D3D3	30
4666	#FFFFFF	#D3D3D3	123
4667	#FFFFFF	#D3D3D3	123
4668	#FFFFFF	#D3D3D3	123
4669	#FFFFFF	#D3D3D3	123
4670	#FFFFFF	#D3D3D3	29
4671	#FFFFFF	#D3D3D3	123
4672	#FFFFFF	#D3D3D3	123
4673	#FFFFFF	#D3D3D3	123
4674	#FFFFFF	#D3D3D3	30
4675	#FFFFFF	#D3D3D3	30
4676	#FFFFFF	#D3D3D3	30
4677	#FFFFFF	#D3D3D3	14
4678	#FFFFFF	#D3D3D3	14
4679	#FFFFFF	#D3D3D3	14
4680	#FFFFFF	#D3D3D3	14
4681	#FFFFFF	#D3D3D3	29
4682	#FFFFFF	#D3D3D3	14
4683	#FFFFFF	#D3D3D3	14
4684	#FFFFFF	#D3D3D3	14
4685	#FFFFFF	#D3D3D3	14
4686	#FFFFFF	#D3D3D3	14
4687	#FFFFFF	#D3D3D3	14
4688	#FFFFFF	#D3D3D3	14
4689	#FFFFFF	#D3D3D3	14
4690	#FFFFFF	#D3D3D3	14
4692	#FFFFFF	#D3D3D3	29
4693	#FFFFFF	#D3D3D3	30
4694	#FFFFFF	#D3D3D3	30
4695	#FFFFFF	#D3D3D3	30
4696	#FFFFFF	#D3D3D3	30
4697	#FFFFFF	#D3D3D3	30
4698	#FFFFFF	#D3D3D3	29
4699	#FFFFFF	#D3D3D3	29
4700	#FFFFFF	#D3D3D3	30
4701	#FFFFFF	#D3D3D3	30
4702	#FFFFFF	#D3D3D3	30
4703	#FFFFFF	#D3D3D3	30
4704	#FFFFFF	#D3D3D3	30
4705	#FFFFFF	#D3D3D3	30
4706	#FFFFFF	#D3D3D3	30
4707	#FFFFFF	#D3D3D3	30
4708	#FFFFFF	#D3D3D3	14
4709	#FFFFFF	#D3D3D3	30
4710	#FFFFFF	#D3D3D3	29
4711	#FFFFFF	#D3D3D3	30
4712	#FFFFFF	#D3D3D3	123
4713	#FFFFFF	#D3D3D3	30
4714	#FFFFFF	#D3D3D3	30
4715	#FFFFFF	#D3D3D3	30
4716	#FFFFFF	#D3D3D3	123
4717	#FFFFFF	#D3D3D3	30
4718	#FFFFFF	#D3D3D3	123
4719	#FFFFFF	#D3D3D3	123
4720	#FFFFFF	#D3D3D3	123
4721	#FFFFFF	#D3D3D3	29
4722	#FFFFFF	#D3D3D3	30
4723	#FFFFFF	#D3D3D3	123
4724	#FFFFFF	#D3D3D3	30
4725	#FFFFFF	#D3D3D3	30
4726	#FFFFFF	#D3D3D3	30
4727	#FFFFFF	#D3D3D3	14
4728	#FFFFFF	#D3D3D3	14
4729	#FFFFFF	#D3D3D3	14
4730	#FFFFFF	#D3D3D3	14
4731	#FFFFFF	#D3D3D3	14
4732	#FFFFFF	#D3D3D3	29
4733	#FFFFFF	#D3D3D3	14
4734	#FFFFFF	#D3D3D3	14
4735	#FFFFFF	#D3D3D3	14
4736	#FFFFFF	#D3D3D3	14
4737	#FFFFFF	#D3D3D3	14
4738	#FFFFFF	#D3D3D3	14
4739	#FFFFFF	#D3D3D3	14
4740	#FFFFFF	#D3D3D3	14
4742	#FFFFFF	#D3D3D3	29
4743	#FFFFFF	#D3D3D3	30
4744	#FFFFFF	#D3D3D3	30
4745	#FFFFFF	#D3D3D3	30
4746	#FFFFFF	#D3D3D3	30
4748	#FFFFFF	#D3D3D3	29
4749	#FFFFFF	#D3D3D3	29
4750	#FFFFFF	#D3D3D3	30
4751	#FFFFFF	#D3D3D3	30
4752	#FFFFFF	#D3D3D3	30
4753	#FFFFFF	#D3D3D3	30
4754	#FFFFFF	#D3D3D3	30
4755	#FFFFFF	#D3D3D3	30
4756	#FFFFFF	#D3D3D3	30
4757	#FFFFFF	#D3D3D3	30
4758	#FFFFFF	#D3D3D3	30
4759	#FFFFFF	#D3D3D3	30
4760	#FFFFFF	#D3D3D3	29
4761	#FFFFFF	#D3D3D3	123
4762	#FFFFFF	#D3D3D3	123
4763	#FFFFFF	#D3D3D3	123
4764	#FFFFFF	#D3D3D3	30
4765	#FFFFFF	#D3D3D3	30
4766	#FFFFFF	#D3D3D3	30
4767	#FFFFFF	#D3D3D3	30
4768	#FFFFFF	#D3D3D3	123
4769	#FFFFFF	#D3D3D3	123
4770	#FFFFFF	#D3D3D3	123
4771	#FFFFFF	#D3D3D3	29
4772	#FFFFFF	#D3D3D3	123
4773	#FFFFFF	#D3D3D3	30
4774	#FFFFFF	#D3D3D3	30
4775	#FFFFFF	#D3D3D3	30
4776	#FFFFFF	#D3D3D3	30
4777	#FFFFFF	#D3D3D3	14
4778	#FFFFFF	#D3D3D3	14
4779	#FFFFFF	#D3D3D3	14
4780	#FFFFFF	#D3D3D3	14
4781	#FFFFFF	#D3D3D3	14
4782	#FFFFFF	#D3D3D3	29
4783	#FFFFFF	#D3D3D3	14
4784	#FFFFFF	#D3D3D3	14
4785	#FFFFFF	#D3D3D3	14
4786	#FFFFFF	#D3D3D3	14
4787	#FFFFFF	#D3D3D3	14
4788	#FFFFFF	#D3D3D3	14
4789	#FFFFFF	#D3D3D3	14
4790	#FFFFFF	#D3D3D3	14
4793	#FFFFFF	#D3D3D3	29
4794	#FFFFFF	#D3D3D3	30
4795	#FFFFFF	#D3D3D3	30
4796	#FFFFFF	#D3D3D3	30
4797	#FFFFFF	#D3D3D3	30
4798	#FFFFFF	#D3D3D3	29
4799	#FFFFFF	#D3D3D3	29
4800	#FFFFFF	#D3D3D3	29
4801	#FFFFFF	#D3D3D3	30
4802	#FFFFFF	#D3D3D3	30
4803	#FFFFFF	#D3D3D3	30
4804	#FFFFFF	#D3D3D3	30
4805	#FFFFFF	#D3D3D3	30
4806	#FFFFFF	#D3D3D3	30
4807	#FFFFFF	#D3D3D3	30
4808	#FFFFFF	#D3D3D3	30
4809	#FFFFFF	#D3D3D3	30
4810	#FFFFFF	#D3D3D3	30
4811	#FFFFFF	#D3D3D3	29
4812	#FFFFFF	#D3D3D3	123
4813	#FFFFFF	#D3D3D3	123
4814	#FFFFFF	#D3D3D3	123
4815	#FFFFFF	#D3D3D3	30
4816	#FFFFFF	#D3D3D3	30
4817	#FFFFFF	#D3D3D3	30
4818	#FFFFFF	#D3D3D3	123
4819	#FFFFFF	#D3D3D3	123
4820	#FFFFFF	#D3D3D3	123
4821	#FFFFFF	#D3D3D3	123
4822	#FFFFFF	#D3D3D3	29
4823	#FFFFFF	#D3D3D3	30
4824	#FFFFFF	#D3D3D3	30
4825	#FFFFFF	#D3D3D3	30
4826	#FFFFFF	#D3D3D3	30
4827	#FFFFFF	#D3D3D3	14
4828	#FFFFFF	#D3D3D3	14
4829	#FFFFFF	#D3D3D3	14
4830	#FFFFFF	#D3D3D3	14
4831	#FFFFFF	#D3D3D3	14
4832	#FFFFFF	#D3D3D3	14
4833	#FFFFFF	#D3D3D3	29
4834	#FFFFFF	#D3D3D3	14
4835	#FFFFFF	#D3D3D3	14
4836	#FFFFFF	#D3D3D3	14
4837	#FFFFFF	#D3D3D3	14
4838	#FFFFFF	#D3D3D3	14
4839	#FFFFFF	#D3D3D3	14
4840	#FFFFFF	#D3D3D3	14
4843	#FFFFFF	#D3D3D3	30
4844	#FFFFFF	#D3D3D3	30
4845	#FFFFFF	#D3D3D3	30
4846	#FFFFFF	#D3D3D3	30
4847	#FFFFFF	#D3D3D3	30
4849	#FFFFFF	#D3D3D3	29
4850	#FFFFFF	#D3D3D3	29
4851	#FFFFFF	#D3D3D3	99
4852	#FFFFFF	#D3D3D3	30
4853	#FFFFFF	#D3D3D3	30
4854	#FFFFFF	#D3D3D3	30
4855	#FFFFFF	#D3D3D3	30
4856	#FFFFFF	#D3D3D3	30
4857	#FFFFFF	#D3D3D3	30
4858	#FFFFFF	#D3D3D3	30
4859	#FFFFFF	#D3D3D3	30
4860	#FFFFFF	#D3D3D3	30
4861	#FFFFFF	#D3D3D3	29
4862	#FFFFFF	#D3D3D3	123
4863	#FFFFFF	#D3D3D3	123
4864	#FFFFFF	#D3D3D3	123
4865	#FFFFFF	#D3D3D3	123
4866	#FFFFFF	#D3D3D3	123
4867	#FFFFFF	#D3D3D3	30
4868	#FFFFFF	#D3D3D3	123
4869	#FFFFFF	#D3D3D3	123
4870	#FFFFFF	#D3D3D3	123
4871	#FFFFFF	#D3D3D3	123
4872	#FFFFFF	#D3D3D3	29
4873	#FFFFFF	#D3D3D3	123
4874	#FFFFFF	#D3D3D3	30
4875	#FFFFFF	#D3D3D3	30
4876	#FFFFFF	#D3D3D3	30
4877	#FFFFFF	#D3D3D3	30
4878	#FFFFFF	#D3D3D3	14
4879	#FFFFFF	#D3D3D3	14
4880	#FFFFFF	#D3D3D3	14
4881	#FFFFFF	#D3D3D3	14
4882	#FFFFFF	#D3D3D3	14
4883	#FFFFFF	#D3D3D3	29
4884	#FFFFFF	#D3D3D3	14
4885	#FFFFFF	#D3D3D3	14
4886	#FFFFFF	#D3D3D3	14
4887	#FFFFFF	#D3D3D3	14
4888	#FFFFFF	#D3D3D3	14
4889	#FFFFFF	#D3D3D3	14
4890	#FFFFFF	#D3D3D3	14
4894	#FFFFFF	#D3D3D3	30
4895	#FFFFFF	#D3D3D3	30
4896	#FFFFFF	#D3D3D3	30
4897	#FFFFFF	#D3D3D3	30
4898	#FFFFFF	#D3D3D3	99
4899	#FFFFFF	#D3D3D3	29
4900	#FFFFFF	#D3D3D3	29
4901	#FFFFFF	#D3D3D3	29
4902	#FFFFFF	#D3D3D3	30
4903	#FFFFFF	#D3D3D3	30
4904	#FFFFFF	#D3D3D3	30
4905	#FFFFFF	#D3D3D3	30
4906	#FFFFFF	#D3D3D3	30
4907	#FFFFFF	#D3D3D3	30
4908	#FFFFFF	#D3D3D3	30
4909	#FFFFFF	#D3D3D3	30
4910	#FFFFFF	#D3D3D3	30
4911	#FFFFFF	#D3D3D3	123
4912	#FFFFFF	#D3D3D3	29
4913	#FFFFFF	#D3D3D3	123
4914	#FFFFFF	#D3D3D3	123
4915	#FFFFFF	#D3D3D3	123
4916	#FFFFFF	#D3D3D3	123
4917	#FFFFFF	#D3D3D3	123
4918	#FFFFFF	#D3D3D3	123
4919	#FFFFFF	#D3D3D3	123
4920	#FFFFFF	#D3D3D3	123
4921	#FFFFFF	#D3D3D3	123
4922	#FFFFFF	#D3D3D3	123
4923	#FFFFFF	#D3D3D3	29
4924	#FFFFFF	#D3D3D3	30
4925	#FFFFFF	#D3D3D3	30
4926	#FFFFFF	#D3D3D3	30
4927	#FFFFFF	#D3D3D3	30
4928	#FFFFFF	#D3D3D3	14
4929	#FFFFFF	#D3D3D3	14
4930	#FFFFFF	#D3D3D3	14
4931	#FFFFFF	#D3D3D3	14
4932	#FFFFFF	#D3D3D3	14
4933	#FFFFFF	#D3D3D3	14
4934	#FFFFFF	#D3D3D3	30
4935	#FFFFFF	#D3D3D3	14
4936	#FFFFFF	#D3D3D3	14
4937	#FFFFFF	#D3D3D3	14
4938	#FFFFFF	#D3D3D3	14
4939	#FFFFFF	#D3D3D3	14
4940	#FFFFFF	#D3D3D3	14
4944	#FFFFFF	#D3D3D3	30
4945	#FFFFFF	#D3D3D3	30
4946	#FFFFFF	#D3D3D3	30
4947	#FFFFFF	#D3D3D3	99
4948	#FFFFFF	#D3D3D3	99
4950	#FFFFFF	#D3D3D3	29
4951	#FFFFFF	#D3D3D3	29
4952	#FFFFFF	#D3D3D3	30
4953	#FFFFFF	#D3D3D3	30
4954	#FFFFFF	#D3D3D3	30
4955	#FFFFFF	#D3D3D3	30
4956	#FFFFFF	#D3D3D3	30
4957	#FFFFFF	#D3D3D3	30
4958	#FFFFFF	#D3D3D3	30
4959	#FFFFFF	#D3D3D3	30
4960	#FFFFFF	#D3D3D3	30
4961	#FFFFFF	#D3D3D3	30
4962	#FFFFFF	#D3D3D3	29
4963	#FFFFFF	#D3D3D3	123
4964	#FFFFFF	#D3D3D3	123
4965	#FFFFFF	#D3D3D3	123
4966	#FFFFFF	#D3D3D3	123
4967	#FFFFFF	#D3D3D3	123
4968	#FFFFFF	#D3D3D3	123
4969	#FFFFFF	#D3D3D3	123
4970	#FFFFFF	#D3D3D3	123
4971	#FFFFFF	#D3D3D3	123
4972	#FFFFFF	#D3D3D3	123
4973	#FFFFFF	#D3D3D3	29
4974	#FFFFFF	#D3D3D3	30
4975	#FFFFFF	#D3D3D3	30
4976	#FFFFFF	#D3D3D3	30
4977	#FFFFFF	#D3D3D3	14
4978	#FFFFFF	#D3D3D3	14
4979	#FFFFFF	#D3D3D3	14
4980	#FFFFFF	#D3D3D3	14
4981	#FFFFFF	#D3D3D3	14
4982	#FFFFFF	#D3D3D3	14
4983	#FFFFFF	#D3D3D3	14
4984	#FFFFFF	#D3D3D3	30
4985	#FFFFFF	#D3D3D3	14
4986	#FFFFFF	#D3D3D3	14
4987	#FFFFFF	#D3D3D3	14
4988	#FFFFFF	#D3D3D3	14
4989	#FFFFFF	#D3D3D3	14
4990	#FFFFFF	#D3D3D3	14
4995	#FFFFFF	#D3D3D3	30
4996	#FFFFFF	#D3D3D3	30
4997	#FFFFFF	#D3D3D3	30
4998	#FFFFFF	#D3D3D3	30
4999	#FFFFFF	#D3D3D3	99
5000	#FFFFFF	#D3D3D3	29
5001	#FFFFFF	#D3D3D3	29
5002	#FFFFFF	#D3D3D3	29
5003	#FFFFFF	#D3D3D3	30
5004	#FFFFFF	#D3D3D3	30
5005	#FFFFFF	#D3D3D3	30
5006	#FFFFFF	#D3D3D3	30
5007	#FFFFFF	#D3D3D3	30
5008	#FFFFFF	#D3D3D3	30
5009	#FFFFFF	#D3D3D3	30
5010	#FFFFFF	#D3D3D3	30
5011	#FFFFFF	#D3D3D3	30
5012	#FFFFFF	#D3D3D3	123
5013	#FFFFFF	#D3D3D3	29
5014	#FFFFFF	#D3D3D3	123
5015	#FFFFFF	#D3D3D3	123
5016	#FFFFFF	#D3D3D3	123
5017	#FFFFFF	#D3D3D3	123
5018	#FFFFFF	#D3D3D3	123
5019	#FFFFFF	#D3D3D3	123
5020	#FFFFFF	#D3D3D3	30
5021	#FFFFFF	#D3D3D3	30
5022	#FFFFFF	#D3D3D3	123
5023	#FFFFFF	#D3D3D3	14
5024	#FFFFFF	#D3D3D3	30
5025	#FFFFFF	#D3D3D3	30
5026	#FFFFFF	#D3D3D3	30
5027	#FFFFFF	#D3D3D3	30
5028	#FFFFFF	#D3D3D3	14
5029	#FFFFFF	#D3D3D3	14
5030	#FFFFFF	#D3D3D3	14
5031	#FFFFFF	#D3D3D3	14
5032	#FFFFFF	#D3D3D3	14
5033	#FFFFFF	#D3D3D3	14
5034	#FFFFFF	#D3D3D3	14
5035	#FFFFFF	#D3D3D3	30
5036	#FFFFFF	#D3D3D3	14
5037	#FFFFFF	#D3D3D3	14
5038	#FFFFFF	#D3D3D3	14
5039	#FFFFFF	#D3D3D3	14
5040	#FFFFFF	#D3D3D3	14
5045	#FFFFFF	#D3D3D3	30
5046	#FFFFFF	#D3D3D3	30
5047	#FFFFFF	#D3D3D3	30
5048	#FFFFFF	#D3D3D3	30
5049	#FFFFFF	#D3D3D3	99
