group	x	y	clickSelects	showSelected1
85	0.75	-0.25	27	0,0
85	0.75	0.25	27	0,0
85	1.25	0.75	27	0,0
85	2.25	0.75	27	0,0
85	2.75	1.25	27	0,0
85	3.75	1.25	27	0,0
85	4.75	2.25	27	0,0
85	5.25	2.25	27	0,0
85	5.25	-0.25	27	0,0
85	0.75	-0.25	27	0,0
85	-44.75	2.25	27	50,0
85	-44.75	2.75	27	50,0
85	-44.25	2.75	27	50,0
85	-42.75	1.25	27	50,0
85	-42.75	0.75	27	50,0
85	-43.75	-0.25	27	50,0
85	-44.25	-0.25	27	50,0
85	-44.75	0.25	27	50,0
85	-44.75	2.25	27	50,0
188	1.75	0.75	86	0,0
188	1.75	1.25	86	0,0
188	4.75	4.25	86	0,0
188	5.25	4.25	86	0,0
188	5.25	3.75	86	0,0
188	2.25	0.75	86	0,0
188	1.75	0.75	86	0,0
188	-44.75	4.25	86	50,0
188	-44.75	4.75	86	50,0
188	-26.25	23.25	86	50,0
188	-25.75	23.25	86	50,0
188	-25.75	22.75	86	50,0
188	-31.25	17.25	86	50,0
188	-31.25	16.25	86	50,0
188	-32.25	16.25	86	50,0
188	-41.25	7.25	86	50,0
188	-41.25	6.25	86	50,0
188	-41.75	5.75	86	50,0
188	-42.75	5.75	86	50,0
188	-44.25	4.25	86	50,0
188	-44.75	4.25	86	50,0
32	-25.75	23.25	113	50,0
32	-25.75	23.75	113	50,0
32	-0.25	49.25	113	50,0
32	0.25	49.25	113	50,0
32	0.75	48.75	113	50,0
32	0.75	48.25	113	50,0
32	-0.25	48.25	113	50,0
32	-6.75	41.75	113	50,0
32	-6.75	41.25	113	50,0
32	-6.25	40.75	113	50,0
32	-6.25	40.25	113	50,0
32	-8.25	38.25	113	50,0
32	-10.25	38.25	113	50,0
32	-10.25	36.25	113	50,0
32	-11.75	34.75	113	50,0
32	-13.75	34.75	113	50,0
32	-13.75	34.25	113	50,0
32	-13.25	33.75	113	50,0
32	-13.25	33.25	113	50,0
32	-13.75	33.25	113	50,0
32	-14.25	33.75	113	50,0
32	-14.75	33.75	113	50,0
32	-19.75	28.75	113	50,0
32	-19.75	27.75	113	50,0
32	-20.75	27.75	113	50,0
32	-23.75	24.75	113	50,0
32	-23.75	23.75	113	50,0
32	-24.75	23.75	113	50,0
32	-25.25	23.25	113	50,0
32	-25.75	23.25	113	50,0
32	0.25	-0.75	113	50,50
32	0.25	-0.25	113	50,50
32	4.25	3.75	113	50,50
32	4.75	3.75	113	50,50
32	4.75	1.25	113	50,50
32	3.25	-0.25	113	50,50
32	2.75	-0.25	113	50,50
32	2.25	0.25	113	50,50
32	1.75	0.25	113	50,50
32	0.75	-0.75	113	50,50
32	0.25	-0.75	113	50,50
32	-45.25	3.75	113	100,50
32	-45.25	4.25	113	100,50
32	-39.75	9.75	113	100,50
32	-39.25	9.75	113	100,50
32	-39.25	8.25	113	100,50
32	-40.25	8.25	113	100,50
32	-44.75	3.75	113	100,50
32	-44.75	3.25	113	100,50
32	-44.25	2.75	113	100,50
32	-44.25	2.25	113	100,50
32	-44.75	1.75	113	100,50
32	-45.25	1.75	113	100,50
32	-45.25	3.75	113	100,50
113	-39.25	9.75	45	100,50
113	-39.25	10.25	45	100,50
113	-38.75	10.75	45	100,50
113	-38.25	10.75	45	100,50
113	-38.25	10.25	45	100,50
113	-38.75	9.75	45	100,50
113	-39.25	9.75	45	100,50
114	-37.25	11.75	45	100,50
114	-37.25	12.25	45	100,50
114	-36.75	12.75	45	100,50
114	-36.25	12.75	45	100,50
114	-34.75	11.25	45	100,50
114	-34.75	10.75	45	100,50
114	-35.25	10.25	45	100,50
114	-35.75	10.25	45	100,50
114	-36.25	10.75	45	100,50
114	-36.25	11.75	45	100,50
114	-37.25	11.75	45	100,50
115	-27.75	21.25	45	100,50
115	-27.75	21.75	45	100,50
115	-24.75	24.75	45	100,50
115	-24.25	24.75	45	100,50
115	-24.25	24.25	45	100,50
115	-26.25	22.25	45	100,50
115	-26.25	21.75	45	100,50
115	-17.25	12.75	45	100,50
115	-17.25	11.25	45	100,50
115	-17.75	11.25	45	100,50
115	-24.75	18.25	45	100,50
115	-24.75	19.25	45	100,50
115	-25.75	20.25	45	100,50
115	-26.75	20.25	45	100,50
115	-27.75	21.25	45	100,50
116	-33.75	9.25	45	100,50
116	-33.75	9.75	45	100,50
116	-33.25	9.75	45	100,50
116	-26.25	2.75	45	100,50
116	-26.25	2.25	45	100,50
116	-26.75	2.25	45	100,50
116	-27.25	2.75	45	100,50
116	-28.25	2.75	45	100,50
116	-30.25	4.75	45	100,50
116	-30.25	5.75	45	100,50
116	-33.75	9.25	45	100,50
123	-24.25	24.75	5	100,50
123	-24.25	25.25	5	100,50
123	-6.25	43.25	5	100,50
123	-5.75	43.25	5	100,50
123	-4.25	41.75	5	100,50
123	-3.75	41.75	5	100,50
123	1.25	46.75	5	100,50
123	1.25	47.75	5	100,50
123	1.75	48.25	5	100,50
123	2.25	48.25	5	100,50
123	2.25	47.25	5	100,50
123	2.75	46.75	5	100,50
123	3.75	46.75	5	100,50
123	5.25	45.25	5	100,50
123	5.25	37.75	5	100,50
123	4.75	37.75	5	100,50
123	4.25	38.25	5	100,50
123	3.75	38.25	5	100,50
123	1.75	36.25	5	100,50
123	1.75	35.75	5	100,50
123	2.75	34.75	5	100,50
123	3.75	34.75	5	100,50
123	3.75	33.75	5	100,50
123	4.75	32.75	5	100,50
123	4.75	31.75	5	100,50
123	5.25	31.25	5	100,50
123	5.25	30.75	5	100,50
123	4.75	30.75	5	100,50
123	-0.25	35.75	5	100,50
123	-0.25	36.75	5	100,50
123	-1.25	36.75	5	100,50
123	-3.75	39.25	5	100,50
123	-4.75	39.25	5	100,50
123	-5.25	39.75	5	100,50
123	-5.25	40.75	5	100,50
123	-6.25	41.75	5	100,50
123	-6.75	41.75	5	100,50
123	-7.75	40.75	5	100,50
123	-7.75	40.25	5	100,50
123	-6.75	40.25	5	100,50
123	-6.75	39.75	5	100,50
123	-8.25	38.25	5	100,50
123	-8.25	37.25	5	100,50
123	-10.25	35.25	5	100,50
123	-11.25	35.25	5	100,50
123	-12.25	34.25	5	100,50
123	-12.25	33.25	5	100,50
123	-12.75	33.25	5	100,50
123	-13.25	33.75	5	100,50
123	-14.75	33.75	5	100,50
123	-15.25	33.25	5	100,50
123	-15.25	32.75	5	100,50
123	-14.75	32.25	5	100,50
123	-14.75	31.75	5	100,50
123	-16.75	29.75	5	100,50
123	-17.25	29.75	5	100,50
123	-17.75	30.25	5	100,50
123	-18.25	30.25	5	100,50
123	-22.25	26.25	5	100,50
123	-22.25	25.25	5	100,50
123	-23.25	25.25	5	100,50
123	-23.75	24.75	5	100,50
123	-24.25	24.75	5	100,50
123	-44.75	44.25	5	150,50
123	-44.75	44.75	5	150,50
123	-44.25	44.75	5	150,50
123	-43.25	43.75	5	150,50
123	-43.25	41.75	5	150,50
123	-42.75	41.75	5	150,50
123	-42.25	42.25	5	150,50
123	-41.75	42.25	5	150,50
123	-32.75	33.25	5	150,50
123	-32.75	32.25	5	150,50
123	-31.75	32.25	5	150,50
123	-30.75	31.25	5	150,50
123	-30.75	30.25	5	150,50
123	-29.75	30.25	5	150,50
123	-26.75	27.25	5	150,50
123	-26.75	26.75	5	150,50
123	-27.75	26.75	5	150,50
123	-27.75	25.25	5	150,50
123	-27.25	24.75	5	150,50
123	-27.25	24.25	5	150,50
123	-28.25	23.25	5	150,50
123	-29.25	23.25	5	150,50
123	-29.25	22.25	5	150,50
123	-32.25	19.25	5	150,50
123	-32.75	19.25	5	150,50
123	-34.25	20.75	5	150,50
123	-35.25	20.75	5	150,50
123	-37.25	22.75	5	150,50
123	-38.25	22.75	5	150,50
123	-39.25	23.75	5	150,50
123	-39.25	24.75	5	150,50
123	-40.25	24.75	5	150,50
123	-40.25	25.75	5	150,50
123	-44.75	30.25	5	150,50
123	-44.75	31.75	5	150,50
123	-44.25	31.75	5	150,50
123	-42.25	29.75	5	150,50
123	-40.75	29.75	5	150,50
123	-39.25	31.25	5	150,50
123	-39.25	31.75	5	150,50
123	-41.75	34.25	5	150,50
123	-41.75	34.75	5	150,50
123	-41.25	35.25	5	150,50
123	-40.75	35.25	5	150,50
123	-38.25	32.75	5	150,50
123	-37.75	32.75	5	150,50
123	-36.75	33.75	5	150,50
123	-36.75	34.25	5	150,50
123	-37.25	34.75	5	150,50
123	-37.25	35.75	5	150,50
123	-38.25	35.75	5	150,50
123	-42.25	39.75	5	150,50
123	-42.25	40.75	5	150,50
123	-43.75	40.75	5	150,50
123	-44.25	40.25	5	150,50
123	-44.75	40.25	5	150,50
123	-44.75	44.25	5	150,50
86	-5.75	43.25	28	100,50
86	-5.75	43.75	28	100,50
86	-0.75	48.75	28	100,50
86	1.75	48.75	28	100,50
86	1.75	48.25	28	100,50
86	1.25	47.75	28	100,50
86	1.25	46.75	28	100,50
86	-3.75	41.75	28	100,50
86	-4.25	41.75	28	100,50
86	-5.75	43.25	28	100,50
86	-0.25	-1.25	28	100,100
86	-0.25	-0.75	28	100,100
86	4.75	4.25	28	100,100
86	5.25	4.25	28	100,100
86	5.25	3.75	28	100,100
86	1.75	0.25	28	100,100
86	1.75	-0.25	28	100,100
86	2.25	-0.75	28	100,100
86	2.25	-1.25	28	100,100
86	-0.25	-1.25	28	100,100
86	-44.75	4.25	28	150,100
86	-44.75	4.75	28	150,100
86	-38.25	11.25	28	150,100
86	-37.75	11.25	28	150,100
86	-37.75	10.75	28	150,100
86	-38.75	9.75	28	150,100
86	-38.75	9.25	28	150,100
86	-37.75	9.25	28	150,100
86	-37.75	8.75	28	150,100
86	-38.25	8.25	28	150,100
86	-38.25	7.25	28	150,100
86	-40.75	4.75	28	150,100
86	-41.25	4.75	28	150,100
86	-42.25	5.75	28	150,100
86	-42.75	5.75	28	150,100
86	-44.25	4.25	28	150,100
86	-44.75	4.25	28	150,100
79	-37.75	11.25	23	150,100
79	-37.75	11.75	23	150,100
79	-31.25	18.25	23	150,100
79	-30.75	18.25	23	150,100
79	-30.25	17.75	23	150,100
79	-28.75	17.75	23	150,100
79	-26.75	19.75	23	150,100
79	-26.75	20.25	23	150,100
79	-27.25	20.75	23	150,100
79	-27.25	21.25	23	150,100
79	-25.25	23.25	23	150,100
79	-25.25	24.25	23	150,100
79	-24.75	24.25	23	150,100
79	-8.75	8.25	23	150,100
79	-8.75	7.75	23	150,100
79	-9.25	7.25	23	150,100
79	-9.75	7.25	23	150,100
79	-10.75	8.25	23	150,100
79	-12.25	8.25	23	150,100
79	-12.25	7.75	23	150,100
79	-11.75	7.25	23	150,100
79	-10.75	7.25	23	150,100
79	-10.25	6.75	23	150,100
79	-10.25	6.25	23	150,100
79	-11.25	6.25	23	150,100
79	-11.25	4.25	23	150,100
79	-11.75	3.75	23	150,100
79	-12.75	3.75	23	150,100
79	-12.75	2.75	23	150,100
79	-13.25	2.25	23	150,100
79	-14.75	2.25	23	150,100
79	-16.25	3.75	23	150,100
79	-16.25	4.25	23	150,100
79	-13.75	6.75	23	150,100
79	-13.75	7.25	23	150,100
79	-18.25	11.75	23	150,100
79	-18.75	11.75	23	150,100
79	-20.25	10.25	23	150,100
79	-20.75	10.25	23	150,100
79	-20.75	10.75	23	150,100
79	-20.25	11.25	23	150,100
79	-20.25	12.25	23	150,100
79	-19.75	12.75	23	150,100
79	-19.75	13.25	23	150,100
79	-20.75	14.25	23	150,100
79	-21.25	14.25	23	150,100
79	-23.75	11.75	23	150,100
79	-24.25	11.75	23	150,100
79	-27.75	15.25	23	150,100
79	-27.75	15.75	23	150,100
79	-25.25	18.25	23	150,100
79	-25.25	18.75	23	150,100
79	-25.75	19.25	23	150,100
79	-26.25	19.25	23	150,100
79	-28.75	16.75	23	150,100
79	-30.25	16.75	23	150,100
79	-30.75	17.25	23	150,100
79	-31.25	17.25	23	150,100
79	-31.75	16.75	23	150,100
79	-31.75	16.25	23	150,100
79	-30.75	15.25	23	150,100
79	-30.75	14.75	23	150,100
79	-32.25	14.75	23	150,100
79	-32.75	15.25	23	150,100
79	-33.25	15.25	23	150,100
79	-36.25	12.25	23	150,100
79	-36.25	11.75	23	150,100
79	-35.75	11.25	23	150,100
79	-35.75	10.75	23	150,100
79	-36.25	10.25	23	150,100
79	-36.25	9.25	23	150,100
79	-37.75	7.75	23	150,100
79	-38.25	7.75	23	150,100
79	-38.25	8.25	23	150,100
79	-37.75	8.75	23	150,100
79	-37.75	9.25	23	150,100
79	-38.75	9.25	23	150,100
79	-38.75	9.75	23	150,100
79	-37.75	10.75	23	150,100
79	-37.75	11.25	23	150,100
50	-30.75	18.25	126	150,100
50	-30.75	18.75	126	150,100
50	-25.75	23.75	126	150,100
50	-25.25	23.75	126	150,100
50	-25.25	23.25	126	150,100
50	-27.25	21.25	126	150,100
50	-27.25	20.75	126	150,100
50	-26.75	20.25	126	150,100
50	-26.75	19.75	126	150,100
50	-28.75	17.75	126	150,100
50	-30.25	17.75	126	150,100
50	-30.75	18.25	126	150,100
54	3.25	1.25	13	0,0
54	3.25	1.75	13	0,0
54	4.75	3.25	13	0,0
54	5.25	3.25	13	0,0
54	5.25	2.75	13	0,0
54	3.75	1.25	13	0,0
54	3.25	1.25	13	0,0
54	-44.75	3.25	13	50,0
54	-44.75	3.75	13	50,0
54	-42.75	5.75	13	50,0
54	-41.75	5.75	13	50,0
54	-41.25	6.25	13	50,0
54	-41.25	7.25	13	50,0
54	-39.25	9.25	13	50,0
54	-37.75	9.25	13	50,0
54	-36.25	7.75	13	50,0
54	-35.75	7.75	13	50,0
54	-35.75	8.25	13	50,0
54	-37.25	9.75	13	50,0
54	-37.25	10.25	13	50,0
54	-36.75	10.25	13	50,0
54	-35.25	8.75	13	50,0
54	-32.75	8.75	13	50,0
54	-31.75	9.75	13	50,0
54	-31.75	10.25	13	50,0
54	-32.25	10.75	13	50,0
54	-32.25	11.75	13	50,0
54	-33.25	12.75	13	50,0
54	-33.25	13.25	13	50,0
54	-32.75	13.75	13	50,0
54	-32.25	13.75	13	50,0
54	-31.25	12.75	13	50,0
54	-30.75	12.75	13	50,0
54	-30.25	13.25	13	50,0
54	-30.25	13.75	13	50,0
54	-31.25	14.75	13	50,0
54	-31.25	15.25	13	50,0
54	-28.75	17.75	13	50,0
54	-28.25	17.75	13	50,0
54	-27.25	16.75	13	50,0
54	-26.75	16.75	13	50,0
54	-26.25	17.25	13	50,0
54	-26.25	17.75	13	50,0
54	-27.25	18.75	13	50,0
54	-27.25	19.25	13	50,0
54	-26.75	19.75	13	50,0
54	-26.75	20.25	13	50,0
54	-27.25	20.75	13	50,0
54	-27.25	21.25	13	50,0
54	-25.75	22.75	13	50,0
54	-24.25	22.75	13	50,0
54	-23.75	22.25	13	50,0
54	-23.25	22.25	13	50,0
54	-22.25	23.25	13	50,0
54	-21.75	23.25	13	50,0
54	-21.25	22.75	13	50,0
54	-21.25	22.25	13	50,0
54	-22.25	21.25	13	50,0
54	-22.25	20.75	13	50,0
54	-21.75	20.25	13	50,0
54	-21.75	19.25	13	50,0
54	-20.25	17.75	13	50,0
54	-20.25	17.25	13	50,0
54	-23.25	14.25	13	50,0
54	-23.25	12.75	13	50,0
54	-22.75	12.25	13	50,0
54	-22.25	12.25	13	50,0
54	-21.75	12.75	13	50,0
54	-21.75	13.75	13	50,0
54	-20.75	13.75	13	50,0
54	-19.25	15.25	13	50,0
54	-19.25	16.25	13	50,0
54	-17.25	18.25	13	50,0
54	-16.75	18.25	13	50,0
54	-16.75	17.75	13	50,0
54	-18.25	16.25	13	50,0
54	-18.25	13.75	13	50,0
54	-14.25	9.75	13	50,0
54	-13.25	9.75	13	50,0
54	-12.75	9.25	13	50,0
54	-10.75	9.25	13	50,0
54	-10.25	8.75	13	50,0
54	-10.25	7.75	13	50,0
54	-9.75	7.25	13	50,0
54	-9.25	7.25	13	50,0
54	-7.75	8.75	13	50,0
54	-7.75	9.25	13	50,0
54	-8.25	9.75	13	50,0
54	-8.25	10.25	13	50,0
54	-7.75	10.75	13	50,0
54	-7.75	11.25	13	50,0
54	-8.25	11.75	13	50,0
54	-8.25	12.25	13	50,0
54	-7.75	12.25	13	50,0
54	-6.75	11.25	13	50,0
54	-5.25	11.25	13	50,0
54	-3.75	12.75	13	50,0
54	-3.25	12.75	13	50,0
54	-2.75	12.25	13	50,0
54	-2.75	11.75	13	50,0
54	-4.25	10.25	13	50,0
54	-4.25	9.75	13	50,0
54	0.75	4.75	13	50,0
54	1.25	4.75	13	50,0
54	2.25	5.75	13	50,0
54	2.25	6.25	13	50,0
54	1.75	6.75	13	50,0
54	1.75	7.25	13	50,0
54	2.25	7.75	13	50,0
54	2.75	7.75	13	50,0
54	3.25	7.25	13	50,0
54	3.75	7.25	13	50,0
54	4.25	7.75	13	50,0
54	4.75	7.75	13	50,0
54	4.75	4.25	13	50,0
54	3.75	4.25	13	50,0
54	3.75	3.25	13	50,0
54	1.25	0.75	13	50,0
54	0.75	0.75	13	50,0
54	0.25	1.25	13	50,0
54	-0.25	1.25	13	50,0
54	-0.75	0.75	13	50,0
54	-2.25	0.75	13	50,0
54	-3.25	1.75	13	50,0
54	-4.25	1.75	13	50,0
54	-5.25	2.75	13	50,0
54	-6.25	2.75	13	50,0
54	-6.75	3.25	13	50,0
54	-7.75	3.25	13	50,0
54	-8.25	3.75	13	50,0
54	-8.75	3.75	13	50,0
54	-9.75	2.75	13	50,0
54	-11.75	2.75	13	50,0
54	-12.25	2.25	13	50,0
54	-12.75	2.25	13	50,0
54	-13.25	2.75	13	50,0
54	-14.25	2.75	13	50,0
54	-14.75	3.25	13	50,0
54	-14.75	4.25	13	50,0
54	-15.25	4.75	13	50,0
54	-15.75	4.75	13	50,0
54	-16.75	3.75	13	50,0
54	-17.75	3.75	13	50,0
54	-17.75	2.75	13	50,0
54	-19.25	2.75	13	50,0
54	-19.75	3.25	13	50,0
54	-20.25	3.25	13	50,0
54	-20.75	2.75	13	50,0
54	-20.75	2.25	13	50,0
54	-20.25	1.75	13	50,0
54	-20.25	1.25	13	50,0
54	-20.75	0.75	13	50,0
54	-21.25	0.75	13	50,0
54	-23.25	2.75	13	50,0
54	-23.75	2.75	13	50,0
54	-24.25	2.25	13	50,0
54	-24.75	2.25	13	50,0
54	-26.25	3.75	13	50,0
54	-26.75	3.75	13	50,0
54	-27.25	3.25	13	50,0
54	-27.75	3.25	13	50,0
54	-28.25	3.75	13	50,0
54	-29.75	3.75	13	50,0
54	-30.75	2.75	13	50,0
54	-31.75	2.75	13	50,0
54	-32.25	2.25	13	50,0
54	-32.75	2.25	13	50,0
54	-33.25	2.75	13	50,0
54	-34.25	2.75	13	50,0
54	-34.25	3.75	13	50,0
54	-34.75	3.75	13	50,0
54	-35.25	3.25	13	50,0
54	-36.25	3.25	13	50,0
54	-36.75	2.75	13	50,0
54	-36.75	1.75	13	50,0
54	-37.25	1.25	13	50,0
54	-37.75	1.25	13	50,0
54	-38.75	2.25	13	50,0
54	-38.75	2.75	13	50,0
54	-38.25	3.25	13	50,0
54	-38.25	3.75	13	50,0
54	-38.75	3.75	13	50,0
54	-39.25	3.25	13	50,0
54	-39.75	3.25	13	50,0
54	-39.75	3.75	13	50,0
54	-39.25	4.25	13	50,0
54	-39.25	4.75	13	50,0
54	-39.75	5.25	13	50,0
54	-40.25	5.25	13	50,0
54	-40.75	4.75	13	50,0
54	-42.75	4.75	13	50,0
54	-42.75	4.25	13	50,0
54	-41.25	2.75	13	50,0
54	-41.25	2.25	13	50,0
54	-42.25	1.25	13	50,0
54	-42.75	1.25	13	50,0
54	-44.75	3.25	13	50,0
54	-45.25	7.75	13	100,0
54	-45.25	8.25	13	100,0
54	-42.75	10.75	13	100,0
54	-41.75	10.75	13	100,0
54	-36.75	15.75	13	100,0
54	-36.25	15.75	13	100,0
54	-35.75	15.25	13	100,0
54	-35.25	15.25	13	100,0
54	-34.75	15.75	13	100,0
54	-34.25	15.75	13	100,0
54	-34.25	15.25	13	100,0
54	-44.75	4.75	13	100,0
54	-45.25	4.75	13	100,0
54	-45.25	7.75	13	100,0
181	-38.75	9.25	81	50,0
181	-38.75	9.75	81	50,0
181	-32.25	16.25	81	50,0
181	-31.25	16.25	81	50,0
181	-31.25	17.25	81	50,0
181	-27.75	20.75	81	50,0
181	-27.25	20.75	81	50,0
181	-26.75	20.25	81	50,0
181	-26.75	19.75	81	50,0
181	-27.25	19.25	81	50,0
181	-27.25	18.75	81	50,0
181	-26.25	17.75	81	50,0
181	-26.25	17.25	81	50,0
181	-26.75	16.75	81	50,0
181	-27.25	16.75	81	50,0
181	-28.25	17.75	81	50,0
181	-28.75	17.75	81	50,0
181	-31.25	15.25	81	50,0
181	-31.25	14.75	81	50,0
181	-30.25	13.75	81	50,0
181	-30.25	13.25	81	50,0
181	-30.75	12.75	81	50,0
181	-31.25	12.75	81	50,0
181	-32.25	13.75	81	50,0
181	-32.75	13.75	81	50,0
181	-33.25	13.25	81	50,0
181	-33.25	12.75	81	50,0
181	-32.25	11.75	81	50,0
181	-32.25	10.75	81	50,0
181	-31.75	10.25	81	50,0
181	-31.75	9.75	81	50,0
181	-32.75	8.75	81	50,0
181	-35.25	8.75	81	50,0
181	-36.75	10.25	81	50,0
181	-37.25	10.25	81	50,0
181	-37.25	9.75	81	50,0
181	-35.75	8.25	81	50,0
181	-35.75	7.75	81	50,0
181	-36.25	7.75	81	50,0
181	-37.75	9.25	81	50,0
181	-38.75	9.25	81	50,0
165	-25.25	22.75	72	50,0
165	-25.25	23.25	72	50,0
165	-24.75	23.75	72	50,0
165	-23.75	23.75	72	50,0
165	-23.75	24.75	72	50,0
165	-21.75	26.75	72	50,0
165	-21.25	26.75	72	50,0
165	-20.75	26.25	72	50,0
165	-20.25	26.25	72	50,0
165	-13.75	32.75	72	50,0
165	-12.75	32.75	72	50,0
165	-7.25	38.25	72	50,0
165	-6.75	38.25	72	50,0
165	-6.75	36.75	72	50,0
165	-7.25	36.25	72	50,0
165	-7.25	35.25	72	50,0
165	-8.25	35.25	72	50,0
165	-12.25	31.25	72	50,0
165	-12.25	30.25	72	50,0
165	-13.25	30.25	72	50,0
165	-13.75	29.75	72	50,0
165	-13.75	29.25	72	50,0
165	-13.25	28.75	72	50,0
165	-13.25	28.25	72	50,0
165	-14.25	27.25	72	50,0
165	-14.25	26.25	72	50,0
165	-15.25	26.25	72	50,0
165	-15.25	25.25	72	50,0
165	-16.25	25.25	72	50,0
165	-17.25	24.25	72	50,0
165	-17.25	22.75	72	50,0
165	-16.25	21.75	72	50,0
165	-15.75	21.75	72	50,0
165	-15.25	22.25	72	50,0
165	-14.25	22.25	72	50,0
165	-14.25	23.25	72	50,0
165	-13.75	23.75	72	50,0
165	-12.75	23.75	72	50,0
165	-12.75	24.25	72	50,0
165	-13.75	25.25	72	50,0
165	-13.75	25.75	72	50,0
165	-11.75	25.75	72	50,0
165	-11.25	26.25	72	50,0
165	-9.25	26.25	72	50,0
165	-4.25	31.25	72	50,0
165	-3.75	31.25	72	50,0
165	-3.75	30.75	72	50,0
165	-7.75	26.75	72	50,0
165	-7.75	25.75	72	50,0
165	-10.25	23.25	72	50,0
165	-10.25	22.75	72	50,0
165	-9.75	22.75	72	50,0
165	-9.25	23.25	72	50,0
165	-8.75	23.25	72	50,0
165	-8.25	22.75	72	50,0
165	-8.25	21.75	72	50,0
165	-7.75	21.25	72	50,0
165	-7.75	19.75	72	50,0
165	-8.25	19.75	72	50,0
165	-9.25	20.75	72	50,0
165	-9.75	20.75	72	50,0
165	-9.75	20.25	72	50,0
165	-9.25	19.75	72	50,0
165	-9.25	19.25	72	50,0
165	-9.75	18.75	72	50,0
165	-10.25	18.75	72	50,0
165	-10.75	19.25	72	50,0
165	-11.25	19.25	72	50,0
165	-11.75	18.75	72	50,0
165	-11.75	18.25	72	50,0
165	-11.25	17.75	72	50,0
165	-11.25	16.75	72	50,0
165	-7.75	13.25	72	50,0
165	-7.25	13.25	72	50,0
165	-6.25	14.25	72	50,0
165	-5.75	14.25	72	50,0
165	-5.25	13.75	72	50,0
165	-5.25	13.25	72	50,0
165	-6.25	12.25	72	50,0
165	-6.25	11.25	72	50,0
165	-6.75	11.25	72	50,0
165	-7.75	12.25	72	50,0
165	-8.25	12.25	72	50,0
165	-8.25	11.75	72	50,0
165	-7.75	11.25	72	50,0
165	-7.75	10.75	72	50,0
165	-8.25	10.25	72	50,0
165	-8.25	9.75	72	50,0
165	-7.75	9.25	72	50,0
165	-7.75	8.75	72	50,0
165	-9.25	7.25	72	50,0
165	-9.75	7.25	72	50,0
165	-10.25	7.75	72	50,0
165	-10.25	8.75	72	50,0
165	-10.75	9.25	72	50,0
165	-10.75	9.75	72	50,0
165	-9.75	10.75	72	50,0
165	-9.75	11.25	72	50,0
165	-14.25	15.75	72	50,0
165	-14.75	15.75	72	50,0
165	-16.25	14.25	72	50,0
165	-16.25	13.75	72	50,0
165	-12.25	9.75	72	50,0
165	-12.25	9.25	72	50,0
165	-12.75	9.25	72	50,0
165	-13.25	9.75	72	50,0
165	-14.25	9.75	72	50,0
165	-18.25	13.75	72	50,0
165	-18.25	16.25	72	50,0
165	-16.75	17.75	72	50,0
165	-16.75	18.25	72	50,0
165	-17.25	18.25	72	50,0
165	-19.25	16.25	72	50,0
165	-19.25	15.25	72	50,0
165	-20.75	13.75	72	50,0
165	-21.75	13.75	72	50,0
165	-21.75	12.75	72	50,0
165	-22.25	12.25	72	50,0
165	-22.75	12.25	72	50,0
165	-23.25	12.75	72	50,0
165	-23.25	14.25	72	50,0
165	-20.25	17.25	72	50,0
165	-20.25	17.75	72	50,0
165	-21.75	19.25	72	50,0
165	-21.75	20.25	72	50,0
165	-22.25	20.75	72	50,0
165	-22.25	21.25	72	50,0
165	-21.25	22.25	72	50,0
165	-21.25	22.75	72	50,0
165	-21.75	23.25	72	50,0
165	-22.25	23.25	72	50,0
165	-23.25	22.25	72	50,0
165	-23.75	22.25	72	50,0
165	-24.25	22.75	72	50,0
165	-25.25	22.75	72	50,0
166	-21.25	26.75	73	50,0
166	-21.25	27.25	73	50,0
166	-20.75	27.75	73	50,0
166	-19.75	27.75	73	50,0
166	-19.75	28.75	73	50,0
166	-14.75	33.75	73	50,0
166	-14.25	33.75	73	50,0
166	-13.75	33.25	73	50,0
166	-13.75	32.75	73	50,0
166	-20.25	26.25	73	50,0
166	-20.75	26.25	73	50,0
166	-21.25	26.75	73	50,0
28	-13.75	34.25	110	50,0
28	-13.75	34.75	110	50,0
28	-11.75	34.75	110	50,0
28	-10.25	36.25	110	50,0
28	-10.25	38.25	110	50,0
28	-8.25	38.25	110	50,0
28	-6.25	40.25	110	50,0
28	-6.25	40.75	110	50,0
28	-6.75	41.25	110	50,0
28	-6.75	41.75	110	50,0
28	-0.25	48.25	110	50,0
28	0.75	48.25	110	50,0
28	0.75	49.25	110	50,0
28	2.25	49.25	110	50,0
28	2.25	47.75	110	50,0
28	0.25	45.75	110	50,0
28	-0.75	45.75	110	50,0
28	-1.25	45.25	110	50,0
28	-1.25	44.25	110	50,0
28	-12.75	32.75	110	50,0
28	-13.25	32.75	110	50,0
28	-13.25	33.75	110	50,0
28	-13.75	34.25	110	50,0
28	1.25	-0.75	110	50,50
28	1.25	-0.25	110	50,50
28	1.75	0.25	110	50,50
28	2.25	0.25	110	50,50
28	2.75	-0.25	110	50,50
28	2.75	-0.75	110	50,50
28	1.25	-0.75	110	50,50
28	-45.25	0.75	110	100,50
28	-45.25	1.25	110	100,50
28	-44.75	1.75	110	100,50
28	-44.25	1.75	110	100,50
28	-44.25	1.25	110	100,50
28	-44.75	0.75	110	100,50
28	-45.25	0.75	110	100,50
29	2.75	49.25	110	50,0
29	2.75	48.75	110	50,0
29	3.25	48.75	110	50,0
29	3.25	49.25	110	50,0
29	2.75	49.25	110	50,0
29	3.25	-0.25	110	50,50
29	3.25	-0.75	110	50,50
29	3.75	-0.75	110	50,50
29	4.75	0.25	110	50,50
29	4.75	0.75	110	50,50
29	4.25	0.75	110	50,50
29	3.25	-0.25	110	50,50
38	-44.75	3.25	118	100,50
38	-44.75	3.75	118	100,50
38	-44.25	3.75	118	100,50
38	-43.25	2.75	118	100,50
38	-42.25	2.75	118	100,50
38	-41.75	2.25	118	100,50
38	-41.75	0.75	118	100,50
38	-42.75	0.75	118	100,50
38	-44.25	-0.75	118	100,50
38	-44.75	-0.75	118	100,50
38	-45.25	-0.25	118	100,50
38	-45.25	0.25	118	100,50
38	-44.25	1.25	118	100,50
38	-44.25	2.75	118	100,50
38	-44.75	3.25	118	100,50
38	-1.25	44.75	118	50,0
38	-1.25	45.25	118	50,0
38	-0.75	45.75	118	50,0
38	0.25	45.75	118	50,0
38	2.25	47.75	118	50,0
38	2.25	48.75	118	50,0
38	3.25	48.75	118	50,0
38	3.75	49.25	118	50,0
38	4.25	49.25	118	50,0
38	4.75	48.75	118	50,0
38	4.75	48.25	118	50,0
38	4.25	47.75	118	50,0
38	4.25	46.75	118	50,0
38	3.25	46.75	118	50,0
38	1.25	44.75	118	50,0
38	1.25	44.25	118	50,0
38	4.75	40.75	118	50,0
38	4.75	38.25	118	50,0
38	4.25	37.75	118	50,0
38	3.25	37.75	118	50,0
38	3.25	36.75	118	50,0
38	2.25	36.75	118	50,0
38	1.25	35.75	118	50,0
38	1.25	34.75	118	50,0
38	0.75	34.25	118	50,0
38	-0.25	34.25	118	50,0
38	-2.75	31.75	118	50,0
38	-2.75	30.75	118	50,0
38	-3.25	30.75	118	50,0
38	-3.75	31.25	118	50,0
38	-4.25	31.25	118	50,0
38	-9.25	26.25	118	50,0
38	-11.25	26.25	118	50,0
38	-11.75	25.75	118	50,0
38	-13.75	25.75	118	50,0
38	-13.75	25.25	118	50,0
38	-12.75	24.25	118	50,0
38	-12.75	23.75	118	50,0
38	-13.75	23.75	118	50,0
38	-14.25	23.25	118	50,0
38	-14.25	22.25	118	50,0
38	-15.25	22.25	118	50,0
38	-15.75	21.75	118	50,0
38	-16.25	21.75	118	50,0
38	-17.25	22.75	118	50,0
38	-17.25	24.25	118	50,0
38	-16.25	25.25	118	50,0
38	-15.25	25.25	118	50,0
38	-15.25	26.25	118	50,0
38	-14.25	26.25	118	50,0
38	-14.25	27.25	118	50,0
38	-13.25	28.25	118	50,0
38	-13.25	28.75	118	50,0
38	-13.75	29.25	118	50,0
38	-13.75	29.75	118	50,0
38	-13.25	30.25	118	50,0
38	-12.25	30.25	118	50,0
38	-12.25	31.25	118	50,0
38	-10.75	32.75	118	50,0
38	-10.25	32.75	118	50,0
38	-9.75	32.25	118	50,0
38	-9.75	30.75	118	50,0
38	-10.75	30.75	118	50,0
38	-11.25	30.25	118	50,0
38	-11.25	29.75	118	50,0
38	-9.75	28.25	118	50,0
38	-8.25	28.25	118	50,0
38	-8.25	29.25	118	50,0
38	-7.25	29.25	118	50,0
38	-4.75	31.75	118	50,0
38	-4.75	32.75	118	50,0
38	-4.25	32.75	118	50,0
38	-3.75	32.25	118	50,0
38	-3.25	32.25	118	50,0
38	-0.75	34.75	118	50,0
38	-0.75	35.25	118	50,0
38	-1.25	35.75	118	50,0
38	-1.25	36.25	118	50,0
38	0.75	38.25	118	50,0
38	0.75	38.75	118	50,0
38	-0.25	39.75	118	50,0
38	-0.75	39.75	118	50,0
38	-2.25	38.25	118	50,0
38	-2.25	37.75	118	50,0
38	-1.75	37.25	118	50,0
38	-1.75	36.75	118	50,0
38	-2.25	36.75	118	50,0
38	-4.25	38.75	118	50,0
38	-4.75	38.75	118	50,0
38	-6.25	37.25	118	50,0
38	-6.75	37.25	118	50,0
38	-6.75	38.75	118	50,0
38	-1.25	44.25	118	50,0
38	-1.25	44.75	118	50,0
38	4.25	-0.75	118	50,50
38	4.25	-0.25	118	50,50
38	4.75	-0.25	118	50,50
38	4.75	-0.75	118	50,50
38	4.25	-0.75	118	50,50
38	-45.25	48.75	118	100,0
38	-45.25	49.25	118	100,0
38	-44.75	49.25	118	100,0
38	-44.75	48.75	118	100,0
38	-45.25	48.75	118	100,0
31	-44.25	3.75	112	100,50
31	-44.25	4.25	112	100,50
31	-42.25	4.25	112	100,50
31	-41.75	4.75	112	100,50
31	-41.25	4.75	112	100,50
31	-40.75	4.25	112	100,50
31	-40.25	4.25	112	100,50
31	-40.25	5.25	112	100,50
31	-39.75	5.75	112	100,50
31	-39.25	5.75	112	100,50
31	-38.75	5.25	112	100,50
31	-38.75	4.25	112	100,50
31	-37.75	4.25	112	100,50
31	-37.75	3.75	112	100,50
31	-38.25	3.25	112	100,50
31	-38.25	2.25	112	100,50
31	-39.25	1.25	112	100,50
31	-39.25	0.75	112	100,50
31	-38.75	0.25	112	100,50
31	-38.25	0.25	112	100,50
31	-37.75	0.75	112	100,50
31	-37.25	0.75	112	100,50
31	-36.25	-0.25	112	100,50
31	-36.25	-0.75	112	100,50
31	-39.75	-0.75	112	100,50
31	-41.75	1.25	112	100,50
31	-41.75	2.25	112	100,50
31	-42.25	2.75	112	100,50
31	-43.25	2.75	112	100,50
31	-44.25	3.75	112	100,50
31	-39.25	48.75	112	100,0
31	-39.25	49.25	112	100,0
31	-35.75	49.25	112	100,0
31	-35.25	48.75	112	100,0
31	-35.25	47.75	112	100,0
31	-34.25	47.75	112	100,0
31	-33.25	46.75	112	100,0
31	-33.25	45.25	112	100,0
31	-33.75	44.75	112	100,0
31	-33.75	44.25	112	100,0
31	-32.75	44.25	112	100,0
31	-31.75	43.25	112	100,0
31	-31.75	42.25	112	100,0
31	-30.25	40.75	112	100,0
31	-29.75	40.75	112	100,0
31	-28.75	41.75	112	100,0
31	-28.25	41.75	112	100,0
31	-27.25	40.75	112	100,0
31	-25.75	40.75	112	100,0
31	-25.25	41.25	112	100,0
31	-24.75	41.25	112	100,0
31	-24.25	40.75	112	100,0
31	-24.25	39.25	112	100,0
31	-24.75	38.75	112	100,0
31	-24.75	38.25	112	100,0
31	-24.25	37.75	112	100,0
31	-23.75	37.75	112	100,0
31	-23.75	38.75	112	100,0
31	-23.25	39.25	112	100,0
31	-22.75	39.25	112	100,0
31	-22.25	38.75	112	100,0
31	-22.25	38.25	112	100,0
31	-22.75	37.75	112	100,0
31	-22.75	37.25	112	100,0
31	-22.25	36.75	112	100,0
31	-21.75	36.75	112	100,0
31	-20.75	37.75	112	100,0
31	-20.25	37.75	112	100,0
31	-20.25	37.25	112	100,0
31	-20.75	36.75	112	100,0
31	-20.75	35.25	112	100,0
31	-19.75	35.25	112	100,0
31	-19.25	34.75	112	100,0
31	-18.75	34.75	112	100,0
31	-16.75	36.75	112	100,0
31	-16.25	36.75	112	100,0
31	-16.25	35.25	112	100,0
31	-17.25	35.25	112	100,0
31	-18.75	33.75	112	100,0
31	-18.75	33.25	112	100,0
31	-18.25	32.75	112	100,0
31	-17.25	32.75	112	100,0
31	-17.25	32.25	112	100,0
31	-20.25	29.25	112	100,0
31	-20.75	29.25	112	100,0
31	-21.25	29.75	112	100,0
31	-21.75	29.75	112	100,0
31	-27.75	23.75	112	100,0
31	-28.25	23.75	112	100,0
31	-28.75	24.25	112	100,0
31	-28.75	24.75	112	100,0
31	-26.25	27.25	112	100,0
31	-25.25	27.25	112	100,0
31	-22.75	29.75	112	100,0
31	-22.75	30.75	112	100,0
31	-22.25	31.25	112	100,0
31	-22.25	31.75	112	100,0
31	-26.75	36.25	112	100,0
31	-27.75	36.25	112	100,0
31	-27.75	36.75	112	100,0
31	-27.25	37.25	112	100,0
31	-27.25	37.75	112	100,0
31	-28.25	37.75	112	100,0
31	-37.25	46.75	112	100,0
31	-37.25	47.75	112	100,0
31	-37.75	48.25	112	100,0
31	-38.75	48.25	112	100,0
31	-39.25	48.75	112	100,0
77	-43.75	4.25	21	100,50
77	-43.75	4.75	21	100,50
77	-41.75	6.75	21	100,50
77	-41.25	6.75	21	100,50
77	-40.75	6.25	21	100,50
77	-40.25	6.25	21	100,50
77	-39.25	7.25	21	100,50
77	-38.25	7.25	21	100,50
77	-37.75	7.75	21	100,50
77	-37.25	7.75	21	100,50
77	-29.25	-0.25	21	100,50
77	-29.25	-0.75	21	100,50
77	-29.75	-0.75	21	100,50
77	-30.25	-0.25	21	100,50
77	-30.75	-0.25	21	100,50
77	-31.25	-0.75	21	100,50
77	-35.75	-0.75	21	100,50
77	-37.25	0.75	21	100,50
77	-37.75	0.75	21	100,50
77	-38.25	0.25	21	100,50
77	-38.75	0.25	21	100,50
77	-39.25	0.75	21	100,50
77	-39.25	1.25	21	100,50
77	-38.25	2.25	21	100,50
77	-38.25	3.25	21	100,50
77	-37.75	3.75	21	100,50
77	-37.75	4.25	21	100,50
77	-38.75	4.25	21	100,50
77	-38.75	5.25	21	100,50
77	-39.25	5.75	21	100,50
77	-39.75	5.75	21	100,50
77	-40.25	5.25	21	100,50
77	-40.25	4.25	21	100,50
77	-40.75	4.25	21	100,50
77	-41.25	4.75	21	100,50
77	-41.75	4.75	21	100,50
77	-42.25	4.25	21	100,50
77	-43.75	4.25	21	100,50
77	-35.25	48.75	21	100,0
77	-35.25	49.25	21	100,0
77	-30.75	49.25	21	100,0
77	-26.25	44.75	21	100,0
77	-25.75	44.75	21	100,0
77	-25.75	45.25	21	100,0
77	-29.25	48.75	21	100,0
77	-29.25	49.25	21	100,0
77	-28.75	49.25	21	100,0
77	-16.75	37.25	21	100,0
77	-16.75	36.75	21	100,0
77	-18.75	34.75	21	100,0
77	-19.25	34.75	21	100,0
77	-19.75	35.25	21	100,0
77	-20.75	35.25	21	100,0
77	-20.75	36.75	21	100,0
77	-20.25	37.25	21	100,0
77	-20.25	37.75	21	100,0
77	-20.75	37.75	21	100,0
77	-21.75	36.75	21	100,0
77	-22.25	36.75	21	100,0
77	-22.75	37.25	21	100,0
77	-22.75	37.75	21	100,0
77	-22.25	38.25	21	100,0
77	-22.25	38.75	21	100,0
77	-22.75	39.25	21	100,0
77	-23.25	39.25	21	100,0
77	-23.75	38.75	21	100,0
77	-23.75	37.75	21	100,0
77	-24.25	37.75	21	100,0
77	-24.75	38.25	21	100,0
77	-24.75	38.75	21	100,0
77	-24.25	39.25	21	100,0
77	-24.25	40.75	21	100,0
77	-24.75	41.25	21	100,0
77	-25.25	41.25	21	100,0
77	-25.75	40.75	21	100,0
77	-27.25	40.75	21	100,0
77	-28.25	41.75	21	100,0
77	-28.75	41.75	21	100,0
77	-29.75	40.75	21	100,0
77	-30.25	40.75	21	100,0
77	-31.75	42.25	21	100,0
77	-31.75	43.25	21	100,0
77	-32.75	44.25	21	100,0
77	-33.75	44.25	21	100,0
77	-33.75	44.75	21	100,0
77	-33.25	45.25	21	100,0
77	-33.25	46.75	21	100,0
77	-34.25	47.75	21	100,0
77	-35.25	47.75	21	100,0
77	-35.25	48.75	21	100,0
189	-41.25	6.75	87	100,50
189	-41.25	7.25	87	100,50
189	-40.25	8.25	87	100,50
189	-39.25	8.25	87	100,50
189	-39.25	9.25	87	100,50
189	-38.25	10.25	87	100,50
189	-37.75	10.25	87	100,50
189	-27.25	-0.25	87	100,50
189	-27.25	-0.75	87	100,50
189	-28.75	-0.75	87	100,50
189	-37.25	7.75	87	100,50
189	-37.75	7.75	87	100,50
189	-38.25	7.25	87	100,50
189	-39.25	7.25	87	100,50
189	-40.25	6.25	87	100,50
189	-40.75	6.25	87	100,50
189	-41.25	6.75	87	100,50
189	-28.25	48.75	87	100,0
189	-28.25	49.25	87	100,0
189	-26.75	49.25	87	100,0
189	-15.75	38.25	87	100,0
189	-15.75	37.75	87	100,0
189	-16.25	37.25	87	100,0
189	-16.75	37.25	87	100,0
189	-28.25	48.75	87	100,0
190	-26.25	19.75	87	100,50
190	-26.25	20.25	87	100,50
190	-25.75	20.25	87	100,50
190	-24.75	19.25	87	100,50
190	-24.75	18.75	87	100,50
190	-25.25	18.75	87	100,50
190	-26.25	19.75	87	100,50
191	-35.25	9.75	87	100,50
191	-35.25	10.25	87	100,50
191	-34.75	10.75	87	100,50
191	-34.25	10.75	87	100,50
191	-33.75	10.25	87	100,50
191	-33.75	9.75	87	100,50
191	-34.25	9.25	87	100,50
191	-34.75	9.25	87	100,50
191	-35.25	9.75	87	100,50
178	-26.25	21.75	8	100,50
178	-26.25	22.25	8	100,50
178	-24.25	24.25	8	100,50
178	-23.75	24.25	8	100,50
178	-22.75	23.25	8	100,50
178	-22.25	23.25	8	100,50
178	-21.75	23.75	8	100,50
178	-21.25	23.75	8	100,50
178	-20.75	23.25	8	100,50
178	-20.75	22.75	8	100,50
178	-21.25	22.25	8	100,50
178	-21.25	21.75	8	100,50
178	-18.25	18.75	8	100,50
178	-17.75	18.75	8	100,50
178	-17.25	19.25	8	100,50
178	-16.75	19.25	8	100,50
178	-16.25	18.75	8	100,50
178	-16.25	18.25	8	100,50
178	-16.75	17.75	8	100,50
178	-16.75	17.25	8	100,50
178	-7.75	8.25	8	100,50
178	-7.25	8.25	8	100,50
178	-6.75	8.75	8	100,50
178	-6.25	8.75	8	100,50
178	-6.25	8.25	8	100,50
178	-6.75	7.75	8	100,50
178	-6.75	7.25	8	100,50
178	-1.25	1.75	8	100,50
178	-0.75	1.75	8	100,50
178	-0.25	2.25	8	100,50
178	0.25	2.25	8	100,50
178	1.75	0.75	8	100,50
178	1.75	0.25	8	100,50
178	0.75	-0.75	8	100,50
178	-0.75	-0.75	8	100,50
178	-24.25	22.75	8	100,50
178	-24.75	22.75	8	100,50
178	-24.75	22.25	8	100,50
178	-2.25	-0.25	8	100,50
178	-2.25	-0.75	8	100,50
178	-3.75	-0.75	8	100,50
178	-26.25	21.75	8	100,50
178	-3.25	48.75	8	100,0
178	-3.25	49.25	8	100,0
178	-1.75	49.25	8	100,0
178	5.25	42.25	8	100,0
178	5.25	40.75	8	100,0
178	4.75	40.75	8	100,0
178	-3.25	48.75	8	100,0
178	-44.75	44.25	8	150,0
178	-44.75	44.75	8	150,0
178	-43.75	45.75	8	150,0
178	-43.25	45.75	8	150,0
178	-43.25	45.25	8	150,0
178	-43.75	44.75	8	150,0
178	-43.75	44.25	8	150,0
178	-40.75	41.25	8	150,0
178	-38.75	41.25	8	150,0
178	-35.25	37.75	8	150,0
178	-35.25	37.25	8	150,0
178	-35.75	36.75	8	150,0
178	-35.75	36.25	8	150,0
178	-35.25	36.25	8	150,0
178	-34.75	36.75	8	150,0
178	-34.25	36.75	8	150,0
178	-31.75	34.25	8	150,0
178	-31.75	33.25	8	150,0
178	-30.75	33.25	8	150,0
178	-29.25	31.75	8	150,0
178	-29.25	31.25	8	150,0
178	-29.75	30.75	8	150,0
178	-29.75	30.25	8	150,0
178	-29.25	30.25	8	150,0
178	-28.75	30.75	8	150,0
178	-28.25	30.75	8	150,0
178	-28.25	28.75	8	150,0
178	-27.25	27.75	8	150,0
178	-26.75	27.75	8	150,0
178	-26.25	28.25	8	150,0
178	-25.75	28.25	8	150,0
178	-23.75	26.25	8	150,0
178	-23.75	25.75	8	150,0
178	-24.25	25.25	8	150,0
178	-24.25	24.75	8	150,0
178	-23.75	24.75	8	150,0
178	-23.25	25.25	8	150,0
178	-22.75	25.25	8	150,0
178	-20.25	22.75	8	150,0
178	-20.25	22.25	8	150,0
178	-21.75	20.75	8	150,0
178	-22.25	20.75	8	150,0
178	-44.75	43.25	8	150,0
178	-44.75	44.25	8	150,0
64	-23.75	24.25	15	100,50
64	-23.75	24.75	15	100,50
64	-23.25	25.25	15	100,50
64	-22.25	25.25	15	100,50
64	-22.25	26.25	15	100,50
64	-20.75	27.75	15	100,50
64	-20.25	27.75	15	100,50
64	-19.75	27.25	15	100,50
64	-18.25	27.25	15	100,50
64	-17.75	27.75	15	100,50
64	-17.25	27.75	15	100,50
64	-16.75	27.25	15	100,50
64	-16.75	26.75	15	100,50
64	-17.75	26.75	15	100,50
64	-17.75	26.25	15	100,50
64	-16.75	25.25	15	100,50
64	-16.75	24.25	15	100,50
64	-14.75	22.25	15	100,50
64	-14.75	21.75	15	100,50
64	-15.75	20.75	15	100,50
64	-15.75	20.25	15	100,50
64	-14.25	20.25	15	100,50
64	-13.75	20.75	15	100,50
64	-13.25	20.75	15	100,50
64	-12.75	20.25	15	100,50
64	-11.75	20.25	15	100,50
64	-11.25	19.75	15	100,50
64	-11.25	18.75	15	100,50
64	-6.75	14.25	15	100,50
64	-5.75	14.25	15	100,50
64	-4.75	13.25	15	100,50
64	-4.75	12.25	15	100,50
64	-3.75	12.25	15	100,50
64	-3.25	11.75	15	100,50
64	-3.25	10.75	15	100,50
64	-2.75	10.25	15	100,50
64	-2.75	9.75	15	100,50
64	-3.75	8.75	15	100,50
64	-3.75	8.25	15	100,50
64	-3.25	7.75	15	100,50
64	-2.75	7.75	15	100,50
64	-1.75	8.75	15	100,50
64	-1.25	8.75	15	100,50
64	-0.75	8.25	15	100,50
64	0.25	8.25	15	100,50
64	0.25	7.25	15	100,50
64	1.75	5.75	15	100,50
64	3.25	5.75	15	100,50
64	3.25	7.25	15	100,50
64	2.75	7.75	15	100,50
64	2.75	8.25	15	100,50
64	3.25	8.75	15	100,50
64	3.75	8.75	15	100,50
64	4.25	8.25	15	100,50
64	5.25	8.25	15	100,50
64	5.25	-0.25	15	100,50
64	4.75	-0.75	15	100,50
64	4.25	-0.75	15	100,50
64	2.75	0.75	15	100,50
64	1.75	0.75	15	100,50
64	0.25	2.25	15	100,50
64	-0.25	2.25	15	100,50
64	-0.75	1.75	15	100,50
64	-1.25	1.75	15	100,50
64	-6.75	7.25	15	100,50
64	-6.75	7.75	15	100,50
64	-6.25	8.25	15	100,50
64	-6.25	8.75	15	100,50
64	-6.75	8.75	15	100,50
64	-7.25	8.25	15	100,50
64	-7.75	8.25	15	100,50
64	-16.75	17.25	15	100,50
64	-16.75	17.75	15	100,50
64	-16.25	18.25	15	100,50
64	-16.25	18.75	15	100,50
64	-16.75	19.25	15	100,50
64	-17.25	19.25	15	100,50
64	-17.75	18.75	15	100,50
64	-18.25	18.75	15	100,50
64	-21.25	21.75	15	100,50
64	-21.25	22.25	15	100,50
64	-20.75	22.75	15	100,50
64	-20.75	23.25	15	100,50
64	-21.25	23.75	15	100,50
64	-21.75	23.75	15	100,50
64	-22.25	23.25	15	100,50
64	-22.75	23.25	15	100,50
64	-23.75	24.25	15	100,50
64	-43.25	10.75	15	150,50
64	-43.25	11.25	15	150,50
64	-42.25	11.25	15	150,50
64	-41.75	11.75	15	150,50
64	-40.75	11.75	15	150,50
64	-40.25	12.25	15	150,50
64	-39.75	12.25	15	150,50
64	-38.25	10.75	15	150,50
64	-37.75	10.75	15	150,50
64	-37.25	11.25	15	150,50
64	-37.25	12.75	15	150,50
64	-37.75	13.25	15	150,50
64	-37.75	13.75	15	150,50
64	-36.25	15.25	15	150,50
64	-35.75	15.25	15	150,50
64	-35.25	14.75	15	150,50
64	-34.75	14.75	15	150,50
64	-34.25	15.25	15	150,50
64	-34.25	15.75	15	150,50
64	-35.25	16.75	15	150,50
64	-35.25	17.25	15	150,50
64	-33.75	17.25	15	150,50
64	-33.75	16.25	15	150,50
64	-33.25	16.25	15	150,50
64	-32.25	17.25	15	150,50
64	-31.75	17.25	15	150,50
64	-28.75	14.25	15	150,50
64	-28.75	13.75	15	150,50
64	-29.25	13.25	15	150,50
64	-29.25	12.75	15	150,50
64	-27.25	12.75	15	150,50
64	-27.25	12.25	15	150,50
64	-28.25	11.25	15	150,50
64	-28.75	11.25	15	150,50
64	-29.25	11.75	15	150,50
64	-30.75	11.75	15	150,50
64	-31.75	10.75	15	150,50
64	-31.75	9.75	15	150,50
64	-32.25	9.25	15	150,50
64	-33.75	9.25	15	150,50
64	-34.25	9.75	15	150,50
64	-34.25	10.25	15	150,50
64	-32.25	12.25	15	150,50
64	-32.25	13.25	15	150,50
64	-31.25	13.25	15	150,50
64	-31.25	13.75	15	150,50
64	-32.75	15.25	15	150,50
64	-33.25	15.25	15	150,50
64	-33.25	14.25	15	150,50
64	-34.25	13.25	15	150,50
64	-35.25	13.25	15	150,50
64	-35.75	12.75	15	150,50
64	-35.75	11.75	15	150,50
64	-37.25	10.25	15	150,50
64	-37.25	9.25	15	150,50
64	-37.75	9.25	15	150,50
64	-38.25	9.75	15	150,50
64	-38.75	9.75	15	150,50
64	-38.75	9.25	15	150,50
64	-38.25	8.75	15	150,50
64	-38.25	7.75	15	150,50
64	-37.25	6.75	15	150,50
64	-37.25	6.25	15	150,50
64	-38.25	6.25	15	150,50
64	-38.25	5.75	15	150,50
64	-37.25	4.75	15	150,50
64	-37.25	3.75	15	150,50
64	-36.75	3.25	15	150,50
64	-36.75	2.25	15	150,50
64	-35.25	2.25	15	150,50
64	-34.75	2.75	15	150,50
64	-34.75	3.75	15	150,50
64	-34.25	4.25	15	150,50
64	-33.75	4.25	15	150,50
64	-33.25	3.75	15	150,50
64	-33.25	3.25	15	150,50
64	-34.25	2.25	15	150,50
64	-34.25	1.25	15	150,50
64	-36.25	-0.75	15	150,50
64	-36.75	-0.75	15	150,50
64	-40.75	3.25	15	150,50
64	-41.25	3.25	15	150,50
64	-41.75	2.75	15	150,50
64	-42.25	2.75	15	150,50
64	-43.25	3.75	15	150,50
64	-43.75	3.75	15	150,50
64	-44.25	3.25	15	150,50
64	-44.25	2.75	15	150,50
64	-43.75	2.25	15	150,50
64	-43.75	0.75	15	150,50
64	-44.25	0.25	15	150,50
64	-44.75	0.25	15	150,50
64	-44.75	8.75	15	150,50
64	-43.25	10.25	15	150,50
64	-43.25	10.75	15	150,50
64	-36.25	48.75	15	150,0
64	-36.25	49.25	15	150,0
64	-35.75	49.25	15	150,0
64	-35.75	48.75	15	150,0
64	-36.25	48.75	15	150,0
65	-20.25	27.75	16	100,50
65	-20.25	28.25	16	100,50
65	-18.25	30.25	16	100,50
65	-17.75	30.25	16	100,50
65	-17.25	29.75	16	100,50
65	-16.75	29.75	16	100,50
65	-14.75	31.75	16	100,50
65	-14.75	32.25	16	100,50
65	-15.25	32.75	16	100,50
65	-15.25	33.25	16	100,50
65	-14.75	33.75	16	100,50
65	-13.25	33.75	16	100,50
65	-12.75	33.25	16	100,50
65	-12.25	33.25	16	100,50
65	-12.25	34.25	16	100,50
65	-11.25	35.25	16	100,50
65	-10.25	35.25	16	100,50
65	-8.25	37.25	16	100,50
65	-8.25	38.25	16	100,50
65	-6.75	39.75	16	100,50
65	-6.75	40.25	16	100,50
65	-7.75	40.25	16	100,50
65	-7.75	40.75	16	100,50
65	-6.75	41.75	16	100,50
65	-6.25	41.75	16	100,50
65	-5.25	40.75	16	100,50
65	-5.25	39.75	16	100,50
65	-4.75	39.25	16	100,50
65	-3.75	39.25	16	100,50
65	-1.25	36.75	16	100,50
65	-0.25	36.75	16	100,50
65	-0.25	35.75	16	100,50
65	4.25	31.25	16	100,50
65	4.25	30.75	16	100,50
65	3.75	30.75	16	100,50
65	2.25	32.25	16	100,50
65	1.75	32.25	16	100,50
65	1.75	31.75	16	100,50
65	3.25	30.25	16	100,50
65	3.25	29.25	16	100,50
65	3.75	28.75	16	100,50
65	4.75	28.75	16	100,50
65	5.25	28.25	16	100,50
65	5.25	21.75	16	100,50
65	4.75	21.25	16	100,50
65	4.75	20.75	16	100,50
65	5.25	20.25	16	100,50
65	5.25	19.75	16	100,50
65	4.75	19.25	16	100,50
65	4.25	19.25	16	100,50
65	3.75	19.75	16	100,50
65	3.25	19.75	16	100,50
65	2.75	19.25	16	100,50
65	2.75	18.25	16	100,50
65	2.25	18.25	16	100,50
65	1.75	18.75	16	100,50
65	0.25	18.75	16	100,50
65	-0.25	18.25	16	100,50
65	-0.25	17.75	16	100,50
65	0.25	17.25	16	100,50
65	0.25	16.75	16	100,50
65	-1.25	15.25	16	100,50
65	-1.75	15.25	16	100,50
65	-10.25	23.75	16	100,50
65	-10.25	24.75	16	100,50
65	-10.75	24.75	16	100,50
65	-11.25	24.25	16	100,50
65	-11.25	23.25	16	100,50
65	-11.75	22.75	16	100,50
65	-12.25	22.75	16	100,50
65	-12.75	23.25	16	100,50
65	-12.75	25.25	16	100,50
65	-13.75	26.25	16	100,50
65	-13.75	27.25	16	100,50
65	-14.75	28.25	16	100,50
65	-14.75	28.75	16	100,50
65	-14.25	29.25	16	100,50
65	-14.25	29.75	16	100,50
65	-14.75	29.75	16	100,50
65	-15.25	29.25	16	100,50
65	-16.25	29.25	16	100,50
65	-16.25	28.75	16	100,50
65	-15.75	28.25	16	100,50
65	-15.75	27.75	16	100,50
65	-17.75	27.75	16	100,50
65	-18.25	27.25	16	100,50
65	-19.75	27.25	16	100,50
65	-20.25	27.75	16	100,50
65	-44.75	27.25	16	150,50
65	-44.75	27.75	16	150,50
65	-44.25	27.75	16	150,50
65	-43.75	27.25	16	150,50
65	-43.75	26.75	16	150,50
65	-44.25	26.25	16	150,50
65	-44.25	25.75	16	150,50
65	-43.75	25.25	16	150,50
65	-43.75	24.75	16	150,50
65	-44.25	24.25	16	150,50
65	-44.25	23.75	16	150,50
65	-43.75	23.25	16	150,50
65	-43.75	22.75	16	150,50
65	-44.25	22.25	16	150,50
65	-44.75	22.25	16	150,50
65	-44.75	27.25	16	150,50
60	1.75	-0.25	14	100,100
60	1.75	0.25	14	100,100
60	4.75	3.25	14	100,100
60	5.25	3.25	14	100,100
60	5.25	-1.25	14	100,100
60	2.75	-1.25	14	100,100
60	1.75	-0.25	14	100,100
60	-44.75	2.25	14	150,100
60	-44.75	2.75	14	150,100
60	-42.75	2.75	14	150,100
60	-42.25	3.25	14	150,100
60	-41.75	3.25	14	150,100
60	-41.25	2.75	14	150,100
60	-41.25	2.25	14	150,100
60	-42.25	1.25	14	150,100
60	-42.25	0.75	14	150,100
60	-41.75	0.75	14	150,100
60	-41.25	1.25	14	150,100
60	-40.75	1.25	14	150,100
60	-40.75	-1.25	14	150,100
60	-44.25	-1.25	14	150,100
60	-44.75	-0.75	14	150,100
60	-44.75	2.25	14	150,100
60	3.25	48.25	14	100,50
60	3.25	48.75	14	100,50
60	4.75	48.75	14	100,50
60	5.25	48.25	14	100,50
60	5.25	46.75	14	100,50
60	4.75	46.75	14	100,50
60	3.25	48.25	14	100,50
60	-44.75	48.25	14	150,50
60	-44.75	48.75	14	150,50
60	-40.25	48.75	14	150,50
60	-39.75	48.25	14	150,50
60	-38.75	48.25	14	150,50
60	-38.25	47.75	14	150,50
60	-37.75	47.75	14	150,50
60	-37.25	48.25	14	150,50
60	-36.75	48.25	14	150,50
60	-36.75	46.75	14	150,50
60	-37.25	46.25	14	150,50
60	-37.25	45.75	14	150,50
60	-36.25	45.75	14	150,50
60	-34.75	44.25	14	150,50
60	-34.75	43.25	14	150,50
60	-33.75	43.25	14	150,50
60	-33.75	42.25	14	150,50
60	-31.25	39.75	14	150,50
60	-30.75	39.75	14	150,50
60	-30.25	40.25	14	150,50
60	-29.75	40.25	14	150,50
60	-29.25	39.75	14	150,50
60	-29.25	37.75	14	150,50
60	-28.75	37.75	14	150,50
60	-28.25	38.25	14	150,50
60	-26.75	38.25	14	150,50
60	-26.75	37.75	14	150,50
60	-27.75	36.75	14	150,50
60	-27.75	36.25	14	150,50
60	-26.75	36.25	14	150,50
60	-25.75	35.25	14	150,50
60	-25.75	34.25	14	150,50
60	-22.75	31.25	14	150,50
60	-22.25	31.25	14	150,50
60	-21.25	32.25	14	150,50
60	-21.25	34.25	14	150,50
60	-20.75	34.25	14	150,50
60	-20.25	33.75	14	150,50
60	-19.75	33.75	14	150,50
60	-19.25	34.25	14	150,50
60	-18.75	34.25	14	150,50
60	-18.25	33.75	14	150,50
60	-17.75	33.75	14	150,50
60	-15.75	35.75	14	150,50
60	-15.75	37.75	14	150,50
60	-14.75	38.75	14	150,50
60	-14.75	39.25	14	150,50
60	-15.25	39.75	14	150,50
60	-15.25	40.75	14	150,50
60	-17.25	40.75	14	150,50
60	-17.25	41.75	14	150,50
60	-17.75	42.25	14	150,50
60	-18.75	42.25	14	150,50
60	-19.75	43.25	14	150,50
60	-21.75	43.25	14	150,50
60	-21.75	46.25	14	150,50
60	-22.75	47.25	14	150,50
60	-22.75	48.75	14	150,50
60	-16.25	48.75	14	150,50
60	-13.25	45.75	14	150,50
60	-12.25	45.75	14	150,50
60	-12.25	44.75	14	150,50
60	-11.75	44.25	14	150,50
60	-10.75	44.25	14	150,50
60	-10.25	43.75	14	150,50
60	-9.75	43.75	14	150,50
60	-9.75	44.25	14	150,50
60	-12.75	47.25	14	150,50
60	-12.75	47.75	14	150,50
60	-12.25	48.25	14	150,50
60	-11.75	48.25	14	150,50
60	-8.75	45.25	14	150,50
60	-6.25	45.25	14	150,50
60	-6.25	46.25	14	150,50
60	-4.75	47.75	14	150,50
60	-4.75	48.75	14	150,50
60	0.75	48.75	14	150,50
60	4.75	44.75	14	150,50
60	4.75	33.25	14	150,50
60	4.25	32.75	14	150,50
60	3.75	32.75	14	150,50
60	3.75	33.75	14	150,50
60	3.25	34.25	14	150,50
60	2.25	34.25	14	150,50
60	0.25	36.25	14	150,50
60	-0.25	36.25	14	150,50
60	-0.75	35.75	14	150,50
60	-0.75	34.75	14	150,50
60	-1.25	34.75	14	150,50
60	-1.75	35.25	14	150,50
60	-2.25	35.25	14	150,50
60	-2.25	34.25	14	150,50
60	-2.75	33.75	14	150,50
60	-2.75	32.75	14	150,50
60	-3.25	32.75	14	150,50
60	-4.75	34.25	14	150,50
60	-5.75	34.25	14	150,50
60	-5.75	35.75	14	150,50
60	-4.75	36.75	14	150,50
60	-4.75	37.25	14	150,50
60	-5.25	37.25	14	150,50
60	-6.25	36.25	14	150,50
60	-6.75	36.25	14	150,50
60	-7.25	36.75	14	150,50
60	-7.75	36.75	14	150,50
60	-8.75	35.75	14	150,50
60	-8.75	34.75	14	150,50
60	-9.75	33.75	14	150,50
60	-9.75	32.25	14	150,50
60	-9.25	31.75	14	150,50
60	-9.25	31.25	14	150,50
60	-9.75	30.75	14	150,50
60	-10.75	30.75	14	150,50
60	-12.75	28.75	14	150,50
60	-12.75	28.25	14	150,50
60	-8.25	23.75	14	150,50
60	-7.75	23.75	14	150,50
60	-7.25	24.25	14	150,50
60	-7.25	24.75	14	150,50
60	-9.25	26.75	14	150,50
60	-9.25	27.25	14	150,50
60	-8.25	28.25	14	150,50
60	-8.25	28.75	14	150,50
60	-8.75	29.25	14	150,50
60	-8.75	29.75	14	150,50
60	-8.25	29.75	14	150,50
60	-6.25	27.75	14	150,50
60	-5.25	27.75	14	150,50
60	-5.25	26.75	14	150,50
60	-4.75	26.25	14	150,50
60	-4.75	25.25	14	150,50
60	-4.25	25.25	14	150,50
60	-3.75	25.75	14	150,50
60	-3.25	25.75	14	150,50
60	-3.25	23.75	14	150,50
60	-2.25	22.75	14	150,50
60	-1.75	22.75	14	150,50
60	-1.25	23.25	14	150,50
60	-0.75	23.25	14	150,50
60	0.25	22.25	14	150,50
60	0.25	20.25	14	150,50
60	1.75	18.75	14	150,50
60	1.75	18.25	14	150,50
60	-0.25	16.25	14	150,50
60	-0.75	16.25	14	150,50
60	-2.25	17.75	14	150,50
60	-2.75	17.75	14	150,50
60	-3.25	17.25	14	150,50
60	-4.25	17.25	14	150,50
60	-4.75	16.75	14	150,50
60	-5.25	16.75	14	150,50
60	-5.25	17.25	14	150,50
60	-4.75	17.75	14	150,50
60	-4.75	18.25	14	150,50
60	-7.25	20.75	14	150,50
60	-7.75	20.75	14	150,50
60	-9.25	19.25	14	150,50
60	-9.25	18.25	14	150,50
60	-9.75	18.25	14	150,50
60	-11.25	19.75	14	150,50
60	-11.75	19.75	14	150,50
60	-14.75	16.75	14	150,50
60	-14.75	14.75	14	150,50
60	-15.25	14.75	14	150,50
60	-15.75	15.25	14	150,50
60	-16.25	15.25	14	150,50
60	-16.75	14.75	14	150,50
60	-17.25	14.75	14	150,50
60	-18.25	15.75	14	150,50
60	-18.25	16.25	14	150,50
60	-17.25	17.25	14	150,50
60	-17.25	17.75	14	150,50
60	-18.75	19.25	14	150,50
60	-18.75	19.75	14	150,50
60	-15.25	23.25	14	150,50
60	-15.25	23.75	14	150,50
60	-15.75	23.75	14	150,50
60	-19.25	20.25	14	150,50
60	-19.75	20.25	14	150,50
60	-20.25	20.75	14	150,50
60	-20.25	21.25	14	150,50
60	-16.75	24.75	14	150,50
60	-16.75	25.25	14	150,50
60	-17.75	26.25	14	150,50
60	-17.75	26.75	14	150,50
60	-16.75	27.75	14	150,50
60	-16.75	28.25	14	150,50
60	-18.25	29.75	14	150,50
60	-18.75	29.75	14	150,50
60	-19.75	28.75	14	150,50
60	-20.25	28.75	14	150,50
60	-21.25	29.75	14	150,50
60	-21.75	29.75	14	150,50
60	-22.75	28.75	14	150,50
60	-23.25	28.75	14	150,50
60	-23.25	29.75	14	150,50
60	-28.75	35.25	14	150,50
60	-29.75	35.25	14	150,50
60	-29.75	36.25	14	150,50
60	-38.75	45.25	14	150,50
60	-40.25	45.25	14	150,50
60	-40.25	44.25	14	150,50
60	-40.75	43.75	14	150,50
60	-40.75	43.25	14	150,50
60	-32.25	34.75	14	150,50
60	-31.75	34.75	14	150,50
60	-31.25	35.25	14	150,50
60	-30.75	35.25	14	150,50
60	-30.25	34.75	14	150,50
60	-30.25	34.25	14	150,50
60	-30.75	33.75	14	150,50
60	-30.75	33.25	14	150,50
60	-27.25	29.75	14	150,50
60	-27.25	29.25	14	150,50
60	-27.75	29.25	14	150,50
60	-44.75	46.25	14	150,50
60	-44.75	48.25	14	150,50
60	-45.25	43.75	14	200,50
60	-45.25	44.25	14	200,50
60	-44.75	44.25	14	200,50
60	-15.25	14.75	14	200,50
60	-15.25	14.25	14	200,50
60	-15.75	14.25	14	200,50
60	-16.75	15.25	14	200,50
60	-17.75	15.25	14	200,50
60	-18.25	15.75	14	200,50
60	-18.25	16.75	14	200,50
60	-19.25	16.75	14	200,50
60	-20.25	17.75	14	200,50
60	-20.75	17.75	14	200,50
60	-20.75	17.25	14	200,50
60	-19.25	15.75	14	200,50
60	-19.25	14.25	14	200,50
60	-19.75	13.75	14	200,50
60	-19.75	13.25	14	200,50
60	-19.25	12.75	14	200,50
60	-19.25	12.25	14	200,50
60	-19.75	12.25	14	200,50
60	-20.75	13.25	14	200,50
60	-21.25	13.25	14	200,50
60	-22.25	12.25	14	200,50
60	-22.25	11.75	14	200,50
60	-21.75	11.75	14	200,50
60	-21.25	12.25	14	200,50
60	-20.75	12.25	14	200,50
60	-20.75	11.75	14	200,50
60	-21.25	11.25	14	200,50
60	-21.25	10.25	14	200,50
60	-21.75	9.75	14	200,50
60	-22.25	9.75	14	200,50
60	-22.75	10.25	14	200,50
60	-22.75	11.25	14	200,50
60	-23.75	11.25	14	200,50
60	-26.75	14.25	14	200,50
60	-26.75	14.75	14	200,50
60	-24.75	16.75	14	200,50
60	-24.75	18.25	14	200,50
60	-25.25	18.25	14	200,50
60	-25.75	17.75	14	200,50
60	-26.25	17.75	14	200,50
60	-26.75	18.25	14	200,50
60	-27.25	18.25	14	200,50
60	-28.75	16.75	14	200,50
60	-29.25	16.75	14	200,50
60	-30.25	17.75	14	200,50
60	-30.25	18.25	14	200,50
60	-28.75	19.75	14	200,50
60	-28.75	20.25	14	200,50
60	-29.25	20.25	14	200,50
60	-30.75	18.75	14	200,50
60	-31.25	18.75	14	200,50
60	-33.25	20.75	14	200,50
60	-33.75	20.75	14	200,50
60	-34.75	19.75	14	200,50
60	-34.75	18.75	14	200,50
60	-35.75	18.75	14	200,50
60	-37.25	17.25	14	200,50
60	-37.75	17.25	14	200,50
60	-37.75	19.75	14	200,50
60	-35.75	19.75	14	200,50
60	-35.75	20.25	14	200,50
60	-36.75	21.25	14	200,50
60	-36.75	21.75	14	200,50
60	-36.25	22.25	14	200,50
60	-36.25	22.75	14	200,50
60	-36.75	22.75	14	200,50
60	-37.25	22.25	14	200,50
60	-37.75	22.25	14	200,50
60	-37.75	22.75	14	200,50
60	-37.25	23.25	14	200,50
60	-37.25	24.25	14	200,50
60	-36.75	24.75	14	200,50
60	-36.25	24.75	14	200,50
60	-36.25	23.75	14	200,50
60	-35.75	23.75	14	200,50
60	-33.25	26.25	14	200,50
60	-33.25	26.75	14	200,50
60	-33.75	26.75	14	200,50
60	-35.25	25.25	14	200,50
60	-35.75	25.25	14	200,50
60	-35.75	27.25	14	200,50
60	-36.75	28.25	14	200,50
60	-38.25	28.25	14	200,50
60	-39.25	27.25	14	200,50
60	-39.75	27.25	14	200,50
60	-41.25	28.75	14	200,50
60	-42.75	28.75	14	200,50
60	-43.25	28.25	14	200,50
60	-44.25	28.25	14	200,50
60	-44.75	27.75	14	200,50
60	-45.25	27.75	14	200,50
60	-45.25	29.25	14	200,50
60	-43.25	29.25	14	200,50
60	-43.25	30.75	14	200,50
60	-45.25	32.75	14	200,50
60	-45.25	43.75	14	200,50
118	-44.75	3.25	47	150,100
118	-44.75	3.75	47	150,100
118	-42.75	5.75	47	150,100
118	-42.25	5.75	47	150,100
118	-41.25	4.75	47	150,100
118	-40.75	4.75	47	150,100
118	-36.25	9.25	47	150,100
118	-36.25	10.25	47	150,100
118	-35.75	10.75	47	150,100
118	-35.75	11.25	47	150,100
118	-36.25	11.75	47	150,100
118	-36.25	12.25	47	150,100
118	-33.25	15.25	47	150,100
118	-32.75	15.25	47	150,100
118	-32.25	14.75	47	150,100
118	-31.25	14.75	47	150,100
118	-31.25	14.25	47	150,100
118	-32.25	13.25	47	150,100
118	-32.25	12.25	47	150,100
118	-32.75	11.75	47	150,100
118	-33.75	11.75	47	150,100
118	-33.75	11.25	47	150,100
118	-33.25	10.75	47	150,100
118	-33.25	9.75	47	150,100
118	-32.75	9.25	47	150,100
118	-32.75	8.25	47	150,100
118	-31.75	7.25	47	150,100
118	-30.75	7.25	47	150,100
118	-30.25	6.75	47	150,100
118	-29.25	6.75	47	150,100
118	-29.25	6.25	47	150,100
118	-30.25	5.25	47	150,100
118	-30.25	4.75	47	150,100
118	-29.25	4.75	47	150,100
118	-28.25	3.75	47	150,100
118	-28.25	2.75	47	150,100
118	-27.25	1.75	47	150,100
118	-26.25	1.75	47	150,100
118	-23.75	-0.75	47	150,100
118	-23.75	-1.25	47	150,100
118	-28.25	-1.25	47	150,100
118	-31.75	2.25	47	150,100
118	-32.25	2.25	47	150,100
118	-35.75	-1.25	47	150,100
118	-40.25	-1.25	47	150,100
118	-40.75	-0.75	47	150,100
118	-40.75	1.25	47	150,100
118	-41.25	1.25	47	150,100
118	-41.75	0.75	47	150,100
118	-42.25	0.75	47	150,100
118	-42.25	1.25	47	150,100
118	-41.25	2.25	47	150,100
118	-41.25	2.75	47	150,100
118	-41.75	3.25	47	150,100
118	-42.25	3.25	47	150,100
118	-42.75	2.75	47	150,100
118	-44.25	2.75	47	150,100
118	-44.75	3.25	47	150,100
118	-39.75	48.25	47	150,50
118	-39.75	48.75	47	150,50
118	-39.25	48.75	47	150,50
118	-39.25	48.25	47	150,50
118	-39.75	48.25	47	150,50
119	-39.75	3.25	47	150,100
119	-39.75	3.75	47	150,100
119	-36.75	6.75	47	150,100
119	-36.25	6.75	47	150,100
119	-34.75	5.25	47	150,100
119	-33.75	5.25	47	150,100
119	-33.75	4.25	47	150,100
119	-32.75	3.25	47	150,100
119	-32.75	2.75	47	150,100
119	-34.75	0.75	47	150,100
119	-35.75	0.75	47	150,100
119	-36.25	0.25	47	150,100
119	-36.75	0.25	47	150,100
119	-39.75	3.25	47	150,100
119	-38.75	48.75	47	150,50
119	-38.75	48.25	47	150,50
119	-38.25	47.75	47	150,50
119	-37.75	47.75	47	150,50
119	-37.25	48.25	47	150,50
119	-37.25	48.75	47	150,50
119	-38.75	48.75	47	150,50
33	-31.75	16.25	114	150,100
33	-31.75	16.75	114	150,100
33	-31.25	17.25	114	150,100
33	-30.75	17.25	114	150,100
33	-30.25	16.75	114	150,100
33	-28.75	16.75	114	150,100
33	-26.25	19.25	114	150,100
33	-25.75	19.25	114	150,100
33	-25.25	18.75	114	150,100
33	-25.25	18.25	114	150,100
33	-27.75	15.75	114	150,100
33	-27.75	15.25	114	150,100
33	-24.25	11.75	114	150,100
33	-23.75	11.75	114	150,100
33	-21.25	14.25	114	150,100
33	-20.75	14.25	114	150,100
33	-20.75	13.75	114	150,100
33	-23.25	11.25	114	150,100
33	-23.25	10.75	114	150,100
33	-22.25	9.75	114	150,100
33	-21.25	9.75	114	150,100
33	-21.25	8.75	114	150,100
33	-14.75	2.25	114	150,100
33	-13.25	2.25	114	150,100
33	-12.75	2.75	114	150,100
33	-12.75	3.75	114	150,100
33	-11.75	3.75	114	150,100
33	-11.25	4.25	114	150,100
33	-11.25	6.25	114	150,100
33	-10.25	6.25	114	150,100
33	-10.25	6.75	114	150,100
33	-10.75	7.25	114	150,100
33	-11.75	7.25	114	150,100
33	-12.25	7.75	114	150,100
33	-12.25	8.25	114	150,100
33	-10.75	8.25	114	150,100
33	-9.75	7.25	114	150,100
33	-9.25	7.25	114	150,100
33	-8.75	7.75	114	150,100
33	-8.25	7.75	114	150,100
33	-1.75	1.25	114	150,100
33	-1.75	0.75	114	150,100
33	-3.75	0.75	114	150,100
33	-3.75	-0.25	114	150,100
33	-4.75	-0.25	114	150,100
33	-4.75	-1.25	114	150,100
33	-5.25	-1.25	114	150,100
33	-5.75	-0.75	114	150,100
33	-5.75	0.25	114	150,100
33	-6.75	0.25	114	150,100
33	-8.25	1.75	114	150,100
33	-8.75	1.75	114	150,100
33	-10.25	0.25	114	150,100
33	-10.75	0.25	114	150,100
33	-11.75	1.25	114	150,100
33	-11.75	1.75	114	150,100
33	-10.75	2.75	114	150,100
33	-9.75	2.75	114	150,100
33	-9.75	3.25	114	150,100
33	-10.25	3.75	114	150,100
33	-10.75	3.75	114	150,100
33	-13.25	1.25	114	150,100
33	-13.25	0.75	114	150,100
33	-11.75	-0.75	114	150,100
33	-11.75	-1.25	114	150,100
33	-13.25	-1.25	114	150,100
33	-13.25	-0.25	114	150,100
33	-13.75	0.25	114	150,100
33	-14.75	0.25	114	150,100
33	-14.75	1.25	114	150,100
33	-15.75	2.25	114	150,100
33	-16.75	2.25	114	150,100
33	-17.25	2.75	114	150,100
33	-17.25	3.75	114	150,100
33	-21.75	8.25	114	150,100
33	-22.75	8.25	114	150,100
33	-23.75	9.25	114	150,100
33	-24.25	9.25	114	150,100
33	-24.25	8.75	114	150,100
33	-23.75	8.25	114	150,100
33	-23.75	7.75	114	150,100
33	-24.25	7.25	114	150,100
33	-24.75	7.25	114	150,100
33	-25.25	7.75	114	150,100
33	-25.25	9.75	114	150,100
33	-25.75	9.75	114	150,100
33	-26.25	9.25	114	150,100
33	-26.75	9.25	114	150,100
33	-28.75	11.25	114	150,100
33	-28.75	12.75	114	150,100
33	-28.25	12.75	114	150,100
33	-26.25	10.75	114	150,100
33	-25.75	10.75	114	150,100
33	-25.25	11.25	114	150,100
33	-25.25	11.75	114	150,100
33	-28.25	14.75	114	150,100
33	-28.75	14.75	114	150,100
33	-29.25	14.25	114	150,100
33	-29.75	14.25	114	150,100
33	-31.75	16.25	114	150,100
33	-15.75	48.25	114	150,50
33	-15.75	48.75	114	150,50
33	-12.25	48.75	114	150,50
33	-12.25	48.25	114	150,50
33	-12.75	47.75	114	150,50
33	-12.75	47.25	114	150,50
33	-9.75	44.25	114	150,50
33	-9.75	43.75	114	150,50
33	-10.25	43.75	114	150,50
33	-10.75	44.25	114	150,50
33	-11.75	44.25	114	150,50
33	-12.25	44.75	114	150,50
33	-12.25	45.75	114	150,50
33	-13.25	45.75	114	150,50
33	-15.75	48.25	114	150,50
34	-15.25	-1.25	114	150,100
34	-15.25	-0.75	114	150,100
34	-14.75	-0.75	114	150,100
34	-14.75	-1.25	114	150,100
34	-15.25	-1.25	114	150,100
34	-11.75	48.75	114	150,50
34	-11.75	48.25	114	150,50
34	-8.75	45.25	114	150,50
34	-6.25	45.25	114	150,50
34	-6.25	46.25	114	150,50
34	-4.75	47.75	114	150,50
34	-4.75	48.25	114	150,50
34	-6.25	48.25	114	150,50
34	-6.75	47.75	114	150,50
34	-6.75	46.75	114	150,50
34	-7.25	46.25	114	150,50
34	-8.75	46.25	114	150,50
34	-11.25	48.75	114	150,50
34	-11.75	48.75	114	150,50
26	-42.75	4.25	109	50,0
26	-42.75	4.75	109	50,0
26	-40.75	4.75	109	50,0
26	-40.25	5.25	109	50,0
26	-39.75	5.25	109	50,0
26	-39.25	4.75	109	50,0
26	-39.25	4.25	109	50,0
26	-39.75	3.75	109	50,0
26	-39.75	3.25	109	50,0
26	-39.25	3.25	109	50,0
26	-38.75	3.75	109	50,0
26	-38.25	3.75	109	50,0
26	-38.25	3.25	109	50,0
26	-38.75	2.75	109	50,0
26	-38.75	2.25	109	50,0
26	-37.75	1.25	109	50,0
26	-37.75	0.75	109	50,0
26	-42.25	0.75	109	50,0
26	-42.25	1.25	109	50,0
26	-41.25	2.25	109	50,0
26	-41.25	2.75	109	50,0
26	-42.75	4.25	109	50,0
158	-24.75	22.25	66	100,50
158	-24.75	22.75	66	100,50
158	-24.25	22.75	66	100,50
158	-1.25	-0.25	66	100,50
158	-1.25	-0.75	66	100,50
158	-1.75	-0.75	66	100,50
158	-24.75	22.25	66	100,50
158	-1.25	48.75	66	100,0
158	-1.25	49.25	66	100,0
158	-0.75	49.25	66	100,0
158	5.25	43.25	66	100,0
158	5.25	42.75	66	100,0
158	4.75	42.75	66	100,0
158	-1.25	48.75	66	100,0
158	-44.75	42.25	66	150,0
158	-44.75	42.75	66	150,0
158	-44.25	42.75	66	150,0
158	-15.75	14.25	66	150,0
158	-15.75	13.75	66	150,0
158	-16.25	13.75	66	150,0
158	-44.75	42.25	66	150,0
61	-33.75	11.25	14	150,100
61	-33.75	11.75	14	150,100
61	-32.75	11.75	14	150,100
61	-32.25	12.25	14	150,100
61	-32.25	13.25	14	150,100
61	-30.75	14.75	14	150,100
61	-30.25	14.75	14	150,100
61	-29.75	14.25	14	150,100
61	-29.25	14.25	14	150,100
61	-28.75	14.75	14	150,100
61	-28.25	14.75	14	150,100
61	-25.25	11.75	14	150,100
61	-25.25	11.25	14	150,100
61	-25.75	10.75	14	150,100
61	-26.25	10.75	14	150,100
61	-28.25	12.75	14	150,100
61	-28.75	12.75	14	150,100
61	-28.75	11.25	14	150,100
61	-26.75	9.25	14	150,100
61	-26.25	9.25	14	150,100
61	-25.75	9.75	14	150,100
61	-25.25	9.75	14	150,100
61	-25.25	7.75	14	150,100
61	-24.75	7.25	14	150,100
61	-24.25	7.25	14	150,100
61	-23.75	7.75	14	150,100
61	-23.75	8.25	14	150,100
61	-24.25	8.75	14	150,100
61	-24.25	9.25	14	150,100
61	-23.75	9.25	14	150,100
61	-22.75	8.25	14	150,100
61	-21.75	8.25	14	150,100
61	-17.25	3.75	14	150,100
61	-17.25	2.75	14	150,100
61	-16.75	2.25	14	150,100
61	-15.75	2.25	14	150,100
61	-14.75	1.25	14	150,100
61	-14.75	0.25	14	150,100
61	-13.75	0.25	14	150,100
61	-13.25	-0.25	14	150,100
61	-13.25	-0.75	14	150,100
61	-13.75	-1.25	14	150,100
61	-14.25	-1.25	14	150,100
61	-14.75	-0.75	14	150,100
61	-15.25	-0.75	14	150,100
61	-15.75	-1.25	14	150,100
61	-23.25	-1.25	14	150,100
61	-26.25	1.75	14	150,100
61	-27.25	1.75	14	150,100
61	-28.25	2.75	14	150,100
61	-28.25	3.75	14	150,100
61	-29.25	4.75	14	150,100
61	-30.25	4.75	14	150,100
61	-30.25	5.25	14	150,100
61	-29.25	6.25	14	150,100
61	-29.25	6.75	14	150,100
61	-30.25	6.75	14	150,100
61	-30.75	7.25	14	150,100
61	-31.75	7.25	14	150,100
61	-32.75	8.25	14	150,100
61	-32.75	9.25	14	150,100
61	-33.25	9.75	14	150,100
61	-33.25	10.75	14	150,100
61	-33.75	11.25	14	150,100
61	-17.25	30.75	14	150,50
61	-17.25	31.25	14	150,50
61	-14.25	34.25	14	150,50
61	-13.75	34.25	14	150,50
61	-12.25	32.75	14	150,50
61	-12.25	32.25	14	150,50
61	-15.25	29.25	14	150,50
61	-15.75	29.25	14	150,50
61	-17.25	30.75	14	150,50
62	-4.75	-0.75	14	150,100
62	-4.75	-0.25	14	150,100
62	-3.75	-0.25	14	150,100
62	-3.75	0.75	14	150,100
62	-1.25	0.75	14	150,100
62	0.25	-0.75	14	150,100
62	0.25	-1.25	14	150,100
62	-4.25	-1.25	14	150,100
62	-4.75	-0.75	14	150,100
62	-5.25	42.75	14	150,50
62	-5.25	43.25	14	150,50
62	-2.75	45.75	14	150,50
62	-2.25	45.75	14	150,50
62	-0.75	44.25	14	150,50
62	-0.75	43.75	14	150,50
62	-3.25	41.25	14	150,50
62	-3.75	41.25	14	150,50
62	-5.25	42.75	14	150,50
1	2.25	48.25	1	100,50
1	2.25	48.75	1	100,50
1	2.75	48.75	1	100,50
1	5.25	46.25	1	100,50
1	5.25	45.75	1	100,50
1	4.75	45.75	1	100,50
1	3.75	46.75	1	100,50
1	2.75	46.75	1	100,50
1	2.25	47.25	1	100,50
1	2.25	48.25	1	100,50
1	-44.75	45.25	1	150,50
1	-44.75	45.75	1	150,50
1	-44.25	45.75	1	150,50
1	-25.25	26.75	1	150,50
1	-24.75	26.75	1	150,50
1	-21.75	29.75	1	150,50
1	-21.25	29.75	1	150,50
1	-20.25	28.75	1	150,50
1	-20.25	28.25	1	150,50
1	-23.25	25.25	1	150,50
1	-23.25	24.75	1	150,50
1	-21.75	23.25	1	150,50
1	-21.25	23.25	1	150,50
1	-18.75	25.75	1	150,50
1	-18.75	26.25	1	150,50
1	-19.25	26.75	1	150,50
1	-19.25	27.75	1	150,50
1	-19.75	28.25	1	150,50
1	-19.75	28.75	1	150,50
1	-18.75	29.75	1	150,50
1	-18.25	29.75	1	150,50
1	-16.75	28.25	1	150,50
1	-16.75	27.75	1	150,50
1	-17.75	26.75	1	150,50
1	-17.75	26.25	1	150,50
1	-16.75	25.25	1	150,50
1	-16.75	24.75	1	150,50
1	-20.25	21.25	1	150,50
1	-20.25	20.75	1	150,50
1	-19.75	20.25	1	150,50
1	-19.25	20.25	1	150,50
1	-15.75	23.75	1	150,50
1	-15.25	23.75	1	150,50
1	-15.25	23.25	1	150,50
1	-18.75	19.75	1	150,50
1	-18.75	19.25	1	150,50
1	-17.25	17.75	1	150,50
1	-17.25	17.25	1	150,50
1	-18.25	16.25	1	150,50
1	-18.25	15.75	1	150,50
1	-17.25	14.75	1	150,50
1	-17.25	14.25	1	150,50
1	-17.75	13.75	1	150,50
1	-17.75	13.25	1	150,50
1	-17.25	12.75	1	150,50
1	-16.25	12.75	1	150,50
1	-16.25	11.75	1	150,50
1	-15.25	10.75	1	150,50
1	-14.25	10.75	1	150,50
1	-13.25	9.75	1	150,50
1	-12.25	9.75	1	150,50
1	-12.25	7.75	1	150,50
1	-10.75	6.25	1	150,50
1	-10.25	6.25	1	150,50
1	-9.75	6.75	1	150,50
1	-9.75	7.25	1	150,50
1	-11.25	8.75	1	150,50
1	-11.25	9.25	1	150,50
1	-10.75	9.75	1	150,50
1	-10.25	9.75	1	150,50
1	-8.25	7.75	1	150,50
1	-8.25	7.25	1	150,50
1	-8.75	6.75	1	150,50
1	-8.75	6.25	1	150,50
1	-3.75	1.25	1	150,50
1	-3.75	0.75	1	150,50
1	-4.75	-0.25	1	150,50
1	-5.25	-0.25	1	150,50
1	-6.75	1.25	1	150,50
1	-6.75	1.75	1	150,50
1	-6.25	2.25	1	150,50
1	-6.25	2.75	1	150,50
1	-6.75	2.75	1	150,50
1	-7.25	2.25	1	150,50
1	-7.75	2.25	1	150,50
1	-8.75	3.25	1	150,50
1	-9.75	3.25	1	150,50
1	-9.75	4.25	1	150,50
1	-10.25	4.75	1	150,50
1	-10.75	4.75	1	150,50
1	-11.25	4.25	1	150,50
1	-11.25	3.75	1	150,50
1	-9.75	2.25	1	150,50
1	-9.75	1.25	1	150,50
1	-8.75	1.25	1	150,50
1	-8.75	0.75	1	150,50
1	-10.25	-0.75	1	150,50
1	-11.75	-0.75	1	150,50
1	-13.25	0.75	1	150,50
1	-14.75	0.75	1	150,50
1	-16.25	-0.75	1	150,50
1	-20.75	-0.75	1	150,50
1	-20.75	-0.25	1	150,50
1	-17.25	3.25	1	150,50
1	-17.25	6.75	1	150,50
1	-18.25	6.75	1	150,50
1	-18.25	7.25	1	150,50
1	-16.75	8.75	1	150,50
1	-16.75	9.25	1	150,50
1	-17.75	10.25	1	150,50
1	-18.25	10.25	1	150,50
1	-19.75	8.75	1	150,50
1	-20.25	8.75	1	150,50
1	-20.25	9.25	1	150,50
1	-18.75	10.75	1	150,50
1	-18.75	11.25	1	150,50
1	-20.25	11.25	1	150,50
1	-21.75	9.75	1	150,50
1	-22.25	9.75	1	150,50
1	-23.75	11.25	1	150,50
1	-23.75	12.25	1	150,50
1	-24.75	12.25	1	150,50
1	-25.25	12.75	1	150,50
1	-25.25	13.25	1	150,50
1	-23.25	15.25	1	150,50
1	-23.25	15.75	1	150,50
1	-23.75	15.75	1	150,50
1	-26.25	13.25	1	150,50
1	-26.75	13.25	1	150,50
1	-27.25	13.75	1	150,50
1	-27.75	13.75	1	150,50
1	-28.75	12.75	1	150,50
1	-29.25	12.75	1	150,50
1	-29.25	13.25	1	150,50
1	-28.75	13.75	1	150,50
1	-28.75	14.25	1	150,50
1	-31.75	17.25	1	150,50
1	-32.25	17.25	1	150,50
1	-33.25	16.25	1	150,50
1	-33.75	16.25	1	150,50
1	-33.75	17.25	1	150,50
1	-35.25	17.25	1	150,50
1	-35.25	16.75	1	150,50
1	-34.25	15.75	1	150,50
1	-34.25	15.25	1	150,50
1	-34.75	14.75	1	150,50
1	-35.25	14.75	1	150,50
1	-35.75	15.25	1	150,50
1	-36.25	15.25	1	150,50
1	-37.75	13.75	1	150,50
1	-37.75	13.25	1	150,50
1	-37.25	12.75	1	150,50
1	-37.25	11.25	1	150,50
1	-37.75	10.75	1	150,50
1	-38.25	10.75	1	150,50
1	-39.75	12.25	1	150,50
1	-40.25	12.25	1	150,50
1	-40.75	11.75	1	150,50
1	-41.75	11.75	1	150,50
1	-42.25	11.25	1	150,50
1	-43.25	11.25	1	150,50
1	-43.25	10.25	1	150,50
1	-44.25	9.25	1	150,50
1	-44.75	9.25	1	150,50
1	-44.75	21.75	1	150,50
1	-43.75	22.75	1	150,50
1	-43.75	23.25	1	150,50
1	-44.25	23.75	1	150,50
1	-44.25	24.25	1	150,50
1	-43.75	24.75	1	150,50
1	-43.75	25.25	1	150,50
1	-44.25	25.75	1	150,50
1	-44.25	26.25	1	150,50
1	-43.75	26.75	1	150,50
1	-43.75	27.25	1	150,50
1	-44.75	28.25	1	150,50
1	-44.75	29.75	1	150,50
1	-44.25	29.75	1	150,50
1	-40.25	25.75	1	150,50
1	-40.25	24.75	1	150,50
1	-39.25	24.75	1	150,50
1	-39.25	23.75	1	150,50
1	-38.25	22.75	1	150,50
1	-37.25	22.75	1	150,50
1	-35.25	20.75	1	150,50
1	-34.25	20.75	1	150,50
1	-32.75	19.25	1	150,50
1	-32.25	19.25	1	150,50
1	-29.25	22.25	1	150,50
1	-29.25	23.25	1	150,50
1	-28.25	23.25	1	150,50
1	-27.25	24.25	1	150,50
1	-27.25	24.75	1	150,50
1	-27.75	25.25	1	150,50
1	-27.75	26.75	1	150,50
1	-26.75	26.75	1	150,50
1	-26.75	27.25	1	150,50
1	-29.75	30.25	1	150,50
1	-30.75	30.25	1	150,50
1	-30.75	31.25	1	150,50
1	-31.75	32.25	1	150,50
1	-32.75	32.25	1	150,50
1	-32.75	33.25	1	150,50
1	-41.75	42.25	1	150,50
1	-42.25	42.25	1	150,50
1	-42.75	41.75	1	150,50
1	-43.25	41.75	1	150,50
1	-43.25	43.75	1	150,50
1	-44.75	45.25	1	150,50
1	-20.25	48.75	1	150,0
1	-20.25	49.25	1	150,0
1	-19.75	49.25	1	150,0
1	-19.75	48.75	1	150,0
1	-20.25	48.75	1	150,0
2	-16.25	28.75	1	100,50
2	-16.25	29.25	1	100,50
2	-15.25	29.25	1	100,50
2	-14.75	29.75	1	100,50
2	-14.25	29.75	1	100,50
2	-14.25	29.25	1	100,50
2	-14.75	28.75	1	100,50
2	-14.75	28.25	1	100,50
2	-13.75	27.25	1	100,50
2	-13.75	26.25	1	100,50
2	-12.75	25.25	1	100,50
2	-12.75	23.25	1	100,50
2	-12.25	22.75	1	100,50
2	-11.75	22.75	1	100,50
2	-11.25	23.25	1	100,50
2	-11.25	24.25	1	100,50
2	-10.75	24.75	1	100,50
2	-10.25	24.75	1	100,50
2	-10.25	23.75	1	100,50
2	-1.75	15.25	1	100,50
2	-1.25	15.25	1	100,50
2	0.25	16.75	1	100,50
2	0.25	17.25	1	100,50
2	-0.25	17.75	1	100,50
2	-0.25	18.25	1	100,50
2	0.25	18.75	1	100,50
2	1.75	18.75	1	100,50
2	2.25	18.25	1	100,50
2	2.75	18.25	1	100,50
2	2.75	19.25	1	100,50
2	3.25	19.75	1	100,50
2	3.75	19.75	1	100,50
2	4.25	19.25	1	100,50
2	5.25	19.25	1	100,50
2	5.25	8.75	1	100,50
2	4.75	8.25	1	100,50
2	4.25	8.25	1	100,50
2	3.75	8.75	1	100,50
2	3.25	8.75	1	100,50
2	2.75	8.25	1	100,50
2	2.75	7.75	1	100,50
2	3.25	7.25	1	100,50
2	3.25	5.75	1	100,50
2	1.75	5.75	1	100,50
2	0.25	7.25	1	100,50
2	0.25	8.25	1	100,50
2	-0.75	8.25	1	100,50
2	-1.25	8.75	1	100,50
2	-1.75	8.75	1	100,50
2	-2.75	7.75	1	100,50
2	-3.25	7.75	1	100,50
2	-3.75	8.25	1	100,50
2	-3.75	8.75	1	100,50
2	-2.75	9.75	1	100,50
2	-2.75	10.25	1	100,50
2	-3.25	10.75	1	100,50
2	-3.25	11.75	1	100,50
2	-3.75	12.25	1	100,50
2	-4.75	12.25	1	100,50
2	-4.75	13.25	1	100,50
2	-5.75	14.25	1	100,50
2	-6.75	14.25	1	100,50
2	-11.25	18.75	1	100,50
2	-11.25	19.75	1	100,50
2	-11.75	20.25	1	100,50
2	-12.75	20.25	1	100,50
2	-13.25	20.75	1	100,50
2	-13.75	20.75	1	100,50
2	-14.25	20.25	1	100,50
2	-15.75	20.25	1	100,50
2	-15.75	20.75	1	100,50
2	-14.75	21.75	1	100,50
2	-14.75	22.25	1	100,50
2	-16.75	24.25	1	100,50
2	-16.75	25.25	1	100,50
2	-17.75	26.25	1	100,50
2	-17.75	26.75	1	100,50
2	-16.75	26.75	1	100,50
2	-16.75	27.75	1	100,50
2	-15.75	27.75	1	100,50
2	-15.75	28.25	1	100,50
2	-16.25	28.75	1	100,50
2	-30.25	17.75	1	150,50
2	-30.25	18.25	1	150,50
2	-28.25	20.25	1	150,50
2	-27.25	20.25	1	150,50
2	-26.75	20.75	1	150,50
2	-26.75	21.75	1	150,50
2	-25.75	22.75	1	150,50
2	-24.75	22.75	1	150,50
2	-23.75	23.75	1	150,50
2	-23.25	23.75	1	150,50
2	-22.25	22.75	1	150,50
2	-22.25	20.75	1	150,50
2	-21.25	20.75	1	150,50
2	-21.25	20.25	1	150,50
2	-21.75	19.75	1	150,50
2	-21.75	19.25	1	150,50
2	-21.25	18.75	1	150,50
2	-21.25	18.25	1	150,50
2	-22.25	17.25	1	150,50
2	-22.75	17.25	1	150,50
2	-23.25	17.75	1	150,50
2	-23.75	17.75	1	150,50
2	-24.25	17.25	1	150,50
2	-24.75	17.25	1	150,50
2	-24.75	18.25	1	150,50
2	-25.25	18.25	1	150,50
2	-25.75	17.75	1	150,50
2	-25.75	16.75	1	150,50
2	-27.25	15.25	1	150,50
2	-27.75	15.25	1	150,50
2	-30.25	17.75	1	150,50
2	-19.25	49.25	1	150,0
2	-19.25	48.75	1	150,0
2	-18.75	48.25	1	150,0
2	-18.75	47.25	1	150,0
2	-18.25	47.25	1	150,0
2	-16.75	48.75	1	150,0
2	-16.75	49.25	1	150,0
2	-19.25	49.25	1	150,0
3	1.75	31.75	1	100,50
3	1.75	32.25	1	100,50
3	2.25	32.25	1	100,50
3	3.75	30.75	1	100,50
3	4.75	30.75	1	100,50
3	5.25	30.25	1	100,50
3	5.25	28.75	1	100,50
3	3.75	28.75	1	100,50
3	3.25	29.25	1	100,50
3	3.25	30.25	1	100,50
3	1.75	31.75	1	100,50
3	-11.25	48.75	1	150,0
3	-11.25	49.25	1	150,0
3	-10.75	49.25	1	150,0
3	-10.75	48.75	1	150,0
3	-11.25	48.75	1	150,0
4	4.75	20.75	1	100,50
4	4.75	21.25	1	100,50
4	5.25	21.25	1	100,50
4	5.25	20.75	1	100,50
4	4.75	20.75	1	100,50
39	-45.25	39.75	118	100,0
39	-45.25	40.25	118	100,0
39	-44.75	40.75	118	100,0
39	-44.25	40.75	118	100,0
39	-44.25	39.75	118	100,0
39	-36.75	32.25	118	100,0
39	-36.75	31.75	118	100,0
39	-37.25	31.25	118	100,0
39	-37.25	30.75	118	100,0
39	-36.75	30.25	118	100,0
39	-36.75	29.75	118	100,0
39	-37.25	29.25	118	100,0
39	-37.75	29.25	118	100,0
39	-38.25	29.75	118	100,0
39	-39.25	29.75	118	100,0
39	-39.25	30.75	118	100,0
39	-39.75	31.25	118	100,0
39	-39.75	31.75	118	100,0
39	-39.25	32.25	118	100,0
39	-39.25	32.75	118	100,0
39	-45.25	38.75	118	100,0
39	-45.25	39.75	118	100,0
141	-35.75	8.25	64	100,50
141	-35.75	8.75	64	100,50
141	-35.25	9.25	64	100,50
141	-34.75	9.25	64	100,50
141	-34.75	8.75	64	100,50
141	-35.25	8.25	64	100,50
141	-35.75	8.25	64	100,50
141	-26.25	48.75	64	100,0
141	-26.25	49.25	64	100,0
141	-25.75	49.25	64	100,0
141	-25.75	48.75	64	100,0
141	-26.25	48.75	64	100,0
141	-44.25	16.75	64	150,0
141	-44.25	17.25	64	150,0
141	-43.75	17.25	64	150,0
141	-42.75	16.25	64	150,0
141	-41.75	16.25	64	150,0
141	-41.75	15.25	64	150,0
141	-37.75	11.25	64	150,0
141	-36.75	11.25	64	150,0
141	-36.25	10.75	64	150,0
141	-36.25	9.75	64	150,0
141	-35.75	9.25	64	150,0
141	-34.75	9.25	64	150,0
141	-34.75	8.25	64	150,0
141	-34.25	7.75	64	150,0
141	-33.25	7.75	64	150,0
141	-33.25	6.75	64	150,0
141	-32.25	6.75	64	150,0
141	-31.75	6.25	64	150,0
141	-31.75	5.75	64	150,0
141	-32.25	5.25	64	150,0
141	-32.75	5.25	64	150,0
141	-44.25	16.75	64	150,0
149	-34.25	9.25	64	100,50
149	-34.25	8.75	64	100,50
149	-30.75	5.25	64	100,50
149	-30.25	5.25	64	100,50
149	-30.25	5.75	64	100,50
149	-33.75	9.25	64	100,50
149	-34.25	9.25	64	100,50
149	-24.25	48.75	64	100,0
149	-24.25	49.25	64	100,0
149	-22.75	49.25	64	100,0
149	-22.75	47.75	64	100,0
149	-23.25	47.75	64	100,0
149	-24.25	48.75	64	100,0
149	-31.25	3.75	64	150,0
149	-31.25	4.25	64	150,0
149	-30.75	4.25	64	150,0
149	-29.25	2.75	64	150,0
149	-28.25	2.75	64	150,0
149	-28.25	1.75	64	150,0
149	-27.25	0.75	64	150,0
149	-27.25	0.25	64	150,0
149	-27.75	0.25	64	150,0
149	-31.25	3.75	64	150,0
150	-31.75	4.25	64	100,50
150	-31.75	4.75	64	100,50
150	-31.25	4.75	64	100,50
150	-31.25	4.25	64	100,50
150	-31.75	4.25	64	100,50
150	-23.75	46.25	64	100,0
150	-23.75	46.75	64	100,0
150	-23.25	46.75	64	100,0
150	-23.25	46.25	64	100,0
150	-23.75	46.25	64	100,0
151	-29.25	1.75	64	100,50
151	-29.25	2.25	64	100,50
151	-28.75	2.25	64	100,50
151	-28.75	1.75	64	100,50
151	-29.25	1.75	64	100,50
151	-21.25	43.75	64	100,0
151	-21.25	44.25	64	100,0
151	-20.75	44.25	64	100,0
151	-20.25	43.75	64	100,0
151	-20.25	43.25	64	100,0
151	-20.75	43.25	64	100,0
151	-21.25	43.75	64	100,0
152	-27.75	2.25	64	100,50
152	-27.75	2.75	64	100,50
152	-27.25	2.75	64	100,50
152	-26.75	2.25	64	100,50
152	-25.75	2.25	64	100,50
152	-23.25	-0.25	64	100,50
152	-23.25	-0.75	64	100,50
152	-24.75	-0.75	64	100,50
152	-27.75	2.25	64	100,50
152	-19.75	44.25	64	100,0
152	-19.75	44.75	64	100,0
152	-19.25	44.75	64	100,0
152	-18.75	44.25	64	100,0
152	-18.75	42.75	64	100,0
152	-19.25	42.25	64	100,0
152	-19.75	42.25	64	100,0
152	-19.75	42.75	64	100,0
152	-19.25	43.25	64	100,0
152	-19.25	43.75	64	100,0
152	-19.75	44.25	64	100,0
153	-17.25	11.75	64	100,50
153	-17.25	12.25	64	100,50
153	-16.75	12.25	64	100,50
153	-16.25	11.75	64	100,50
153	-16.25	11.25	64	100,50
153	-16.75	10.75	64	100,50
153	-17.25	10.75	64	100,50
153	-17.25	11.75	64	100,50
153	-17.75	40.25	64	100,0
153	-17.75	40.75	64	100,0
153	-17.25	40.75	64	100,0
153	-16.25	39.75	64	100,0
153	-16.25	39.25	64	100,0
153	-16.75	39.25	64	100,0
153	-17.75	40.25	64	100,0
52	-43.25	-0.25	128	50,0
52	-43.25	0.25	128	50,0
52	-42.75	0.75	128	50,0
52	-37.25	0.75	128	50,0
52	-36.75	0.25	128	50,0
52	-36.75	-0.25	128	50,0
52	-43.25	-0.25	128	50,0
56	-10.25	32.75	131	50,0
56	-10.25	33.25	131	50,0
56	-8.25	35.25	131	50,0
56	-7.25	35.25	131	50,0
56	-7.25	36.25	131	50,0
56	-4.75	38.75	131	50,0
56	-4.25	38.75	131	50,0
56	-2.25	36.75	131	50,0
56	-1.75	36.75	131	50,0
56	-1.75	37.25	131	50,0
56	-2.25	37.75	131	50,0
56	-2.25	38.25	131	50,0
56	-0.75	39.75	131	50,0
56	-0.25	39.75	131	50,0
56	0.75	38.75	131	50,0
56	0.75	38.25	131	50,0
56	-1.25	36.25	131	50,0
56	-1.25	35.75	131	50,0
56	-0.75	35.25	131	50,0
56	-0.75	34.75	131	50,0
56	-3.25	32.25	131	50,0
56	-3.75	32.25	131	50,0
56	-4.25	32.75	131	50,0
56	-4.75	32.75	131	50,0
56	-4.75	31.75	131	50,0
56	-7.25	29.25	131	50,0
56	-8.25	29.25	131	50,0
56	-8.25	28.25	131	50,0
56	-9.75	28.25	131	50,0
56	-11.25	29.75	131	50,0
56	-11.25	30.25	131	50,0
56	-10.75	30.75	131	50,0
56	-9.75	30.75	131	50,0
56	-9.75	32.25	131	50,0
56	-10.25	32.75	131	50,0
68	1.25	44.25	18	50,0
68	1.25	44.75	18	50,0
68	3.25	46.75	18	50,0
68	4.25	46.75	18	50,0
68	4.25	47.75	18	50,0
68	4.75	47.75	18	50,0
68	4.75	41.25	18	50,0
68	4.25	41.25	18	50,0
68	1.25	44.25	18	50,0
68	-45.25	47.75	18	100,0
68	-45.25	48.25	18	100,0
68	-44.25	49.25	18	100,0
68	-42.75	49.25	18	100,0
68	-42.75	48.75	18	100,0
68	-44.25	47.25	18	100,0
68	-44.25	46.75	18	100,0
68	-43.25	45.75	18	100,0
68	-42.75	45.75	18	100,0
68	-40.75	47.75	18	100,0
68	-40.75	48.25	18	100,0
68	-41.25	48.75	18	100,0
68	-41.25	49.25	18	100,0
68	-39.75	49.25	18	100,0
68	-38.75	48.25	18	100,0
68	-37.75	48.25	18	100,0
68	-37.25	47.75	18	100,0
68	-37.25	46.75	18	100,0
68	-29.75	39.25	18	100,0
68	-29.75	38.25	18	100,0
68	-29.25	37.75	18	100,0
68	-29.25	37.25	18	100,0
68	-35.25	31.25	18	100,0
68	-35.75	31.25	18	100,0
68	-44.25	39.75	18	100,0
68	-44.25	40.75	18	100,0
68	-45.25	40.75	18	100,0
68	-45.25	47.75	18	100,0
68	-43.75	-0.75	18	100,50
68	-43.75	-0.25	18	100,50
68	-42.75	0.75	18	100,50
68	-41.25	0.75	18	100,50
68	-40.25	-0.25	18	100,50
68	-40.25	-0.75	18	100,50
68	-43.75	-0.75	18	100,50
69	-38.75	41.25	18	100,0
69	-38.75	41.75	18	100,0
69	-36.75	43.75	18	100,0
69	-36.25	43.75	18	100,0
69	-31.75	39.25	18	100,0
69	-31.75	38.75	18	100,0
69	-33.75	36.75	18	100,0
69	-34.25	36.75	18	100,0
69	-38.75	41.25	18	100,0
63	4.25	29.25	14	150,50
63	4.25	29.75	14	150,50
63	4.75	29.75	14	150,50
63	4.75	29.25	14	150,50
63	4.25	29.25	14	150,50
196	-39.75	3.25	91	150,100
196	-39.75	3.75	91	150,100
196	-36.75	6.75	91	150,100
196	-36.25	6.75	91	150,100
196	-34.75	5.25	91	150,100
196	-33.75	5.25	91	150,100
196	-33.75	4.25	91	150,100
196	-32.75	3.25	91	150,100
196	-32.75	2.75	91	150,100
196	-34.75	0.75	91	150,100
196	-35.75	0.75	91	150,100
196	-36.25	0.25	91	150,100
196	-36.75	0.25	91	150,100
196	-39.75	3.25	91	150,100
57	-44.25	46.75	132	100,0
57	-44.25	47.25	132	100,0
57	-42.25	49.25	132	100,0
57	-41.75	49.25	132	100,0
57	-40.75	48.25	132	100,0
57	-40.75	47.75	132	100,0
57	-42.75	45.75	132	100,0
57	-43.25	45.75	132	100,0
57	-44.25	46.75	132	100,0
159	-36.75	2.25	67	50,0
159	-36.75	2.75	67	50,0
159	-36.25	3.25	67	50,0
159	-35.25	3.25	67	50,0
159	-34.75	3.75	67	50,0
159	-34.25	3.75	67	50,0
159	-34.25	2.75	67	50,0
159	-33.25	2.75	67	50,0
159	-32.75	2.25	67	50,0
159	-32.25	2.25	67	50,0
159	-31.75	2.75	67	50,0
159	-30.75	2.75	67	50,0
159	-29.75	3.75	67	50,0
159	-28.25	3.75	67	50,0
159	-27.75	3.25	67	50,0
159	-27.25	3.25	67	50,0
159	-26.75	3.75	67	50,0
159	-26.25	3.75	67	50,0
159	-24.75	2.25	67	50,0
159	-24.25	2.25	67	50,0
159	-23.75	2.75	67	50,0
159	-23.25	2.75	67	50,0
159	-21.75	1.25	67	50,0
159	-21.75	0.75	67	50,0
159	-27.25	0.75	67	50,0
159	-27.75	1.25	67	50,0
159	-28.25	1.25	67	50,0
159	-28.75	0.75	67	50,0
159	-35.75	0.75	67	50,0
159	-36.25	0.25	67	50,0
159	-36.75	0.25	67	50,0
159	-37.25	0.75	67	50,0
159	-37.25	1.25	67	50,0
159	-36.75	1.75	67	50,0
159	-36.75	2.25	67	50,0
124	-44.75	38.25	5	150,50
124	-44.75	38.75	5	150,50
124	-44.25	38.75	5	150,50
124	-43.75	38.25	5	150,50
124	-43.75	37.25	5	150,50
124	-42.75	37.25	5	150,50
124	-42.25	36.75	5	150,50
124	-42.25	35.25	5	150,50
124	-42.75	35.25	5	150,50
124	-44.75	37.25	5	150,50
124	-44.75	38.25	5	150,50
120	-36.75	48.75	47	150,50
120	-36.75	46.75	47	150,50
120	-37.25	46.25	47	150,50
120	-37.25	45.75	47	150,50
120	-36.25	45.75	47	150,50
120	-34.75	44.25	47	150,50
120	-34.75	43.25	47	150,50
120	-33.75	43.25	47	150,50
120	-33.75	42.25	47	150,50
120	-31.25	39.75	47	150,50
120	-30.75	39.75	47	150,50
120	-30.25	40.25	47	150,50
120	-29.75	40.25	47	150,50
120	-29.25	39.75	47	150,50
120	-29.25	37.75	47	150,50
120	-28.75	37.75	47	150,50
120	-28.25	38.25	47	150,50
120	-26.75	38.25	47	150,50
120	-26.75	37.75	47	150,50
120	-27.75	36.75	47	150,50
120	-27.75	36.25	47	150,50
120	-26.75	36.25	47	150,50
120	-25.75	35.25	47	150,50
120	-25.75	34.25	47	150,50
120	-22.75	31.25	47	150,50
120	-22.25	31.25	47	150,50
120	-21.25	32.25	47	150,50
120	-21.25	34.75	47	150,50
120	-25.25	38.75	47	150,50
120	-25.25	39.25	47	150,50
120	-22.25	42.25	47	150,50
120	-21.75	42.25	47	150,50
120	-17.75	38.25	47	150,50
120	-17.75	36.75	47	150,50
120	-18.25	36.25	47	150,50
120	-18.25	35.25	47	150,50
120	-18.75	34.75	47	150,50
120	-18.75	34.25	47	150,50
120	-18.25	33.75	47	150,50
120	-17.75	33.75	47	150,50
120	-15.75	35.75	47	150,50
120	-15.75	37.75	47	150,50
120	-14.75	38.75	47	150,50
120	-14.75	39.25	47	150,50
120	-15.25	39.75	47	150,50
120	-15.25	40.75	47	150,50
120	-17.25	40.75	47	150,50
120	-17.25	41.75	47	150,50
120	-17.75	42.25	47	150,50
120	-18.75	42.25	47	150,50
120	-19.75	43.25	47	150,50
120	-21.75	43.25	47	150,50
120	-21.75	46.25	47	150,50
120	-22.75	47.25	47	150,50
120	-22.75	48.25	47	150,50
120	-23.25	48.75	47	150,50
120	-27.75	48.75	47	150,50
120	-27.75	48.25	47	150,50
120	-25.25	45.75	47	150,50
120	-25.25	45.25	47	150,50
120	-25.75	44.75	47	150,50
120	-25.75	44.25	47	150,50
120	-23.75	44.25	47	150,50
120	-23.25	43.75	47	150,50
120	-23.25	43.25	47	150,50
120	-26.25	40.25	47	150,50
120	-26.75	40.25	47	150,50
120	-33.25	46.75	47	150,50
120	-33.25	47.75	47	150,50
120	-34.25	47.75	47	150,50
120	-35.25	48.75	47	150,50
120	-36.75	48.75	47	150,50
163	-36.25	-0.25	70	50,0
163	-36.25	0.25	70	50,0
163	-35.75	0.75	70	50,0
163	-28.75	0.75	70	50,0
163	-28.25	1.25	70	50,0
163	-27.75	1.25	70	50,0
163	-27.25	0.75	70	50,0
163	-20.75	0.75	70	50,0
163	-19.75	1.75	70	50,0
163	-19.25	1.75	70	50,0
163	-18.25	0.75	70	50,0
163	-15.25	0.75	70	50,0
163	-14.75	0.25	70	50,0
163	-14.75	-0.25	70	50,0
163	-36.25	-0.25	70	50,0
182	-40.25	44.75	82	150,50
182	-40.25	45.25	82	150,50
182	-38.75	45.25	82	150,50
182	-29.75	36.25	82	150,50
182	-29.75	35.25	82	150,50
182	-28.75	35.25	82	150,50
182	-23.25	29.75	82	150,50
182	-23.25	28.25	82	150,50
182	-24.75	26.75	82	150,50
182	-25.25	26.75	82	150,50
182	-27.25	28.75	82	150,50
182	-27.25	29.75	82	150,50
182	-30.75	33.25	82	150,50
182	-30.75	33.75	82	150,50
182	-30.25	34.25	82	150,50
182	-30.25	34.75	82	150,50
182	-30.75	35.25	82	150,50
182	-31.25	35.25	82	150,50
182	-31.75	34.75	82	150,50
182	-32.25	34.75	82	150,50
182	-40.75	43.25	82	150,50
182	-40.75	43.75	82	150,50
182	-40.25	44.25	82	150,50
182	-40.25	44.75	82	150,50
5	-7.75	26.25	10	50,0
5	-7.75	26.75	10	50,0
5	-3.75	30.75	10	50,0
5	-2.25	30.75	10	50,0
5	3.75	24.75	10	50,0
5	4.75	24.75	10	50,0
5	4.75	21.25	10	50,0
5	1.25	17.75	10	50,0
5	0.75	17.75	10	50,0
5	-0.25	18.75	10	50,0
5	-0.25	19.75	10	50,0
5	-0.75	19.75	10	50,0
5	-3.25	17.25	10	50,0
5	-5.25	17.25	10	50,0
5	-5.25	16.75	10	50,0
5	-4.75	16.25	10	50,0
5	-4.75	15.75	10	50,0
5	-5.25	15.75	10	50,0
5	-7.75	18.25	10	50,0
5	-9.25	18.25	10	50,0
5	-9.75	17.75	10	50,0
5	-10.25	17.75	10	50,0
5	-11.25	18.75	10	50,0
5	-11.25	19.25	10	50,0
5	-10.75	19.25	10	50,0
5	-10.25	18.75	10	50,0
5	-9.75	18.75	10	50,0
5	-9.25	19.25	10	50,0
5	-9.25	19.75	10	50,0
5	-9.75	20.25	10	50,0
5	-9.75	20.75	10	50,0
5	-9.25	20.75	10	50,0
5	-8.25	19.75	10	50,0
5	-7.75	19.75	10	50,0
5	-7.75	21.25	10	50,0
5	-8.25	21.75	10	50,0
5	-8.25	22.75	10	50,0
5	-8.75	23.25	10	50,0
5	-9.25	23.25	10	50,0
5	-9.75	22.75	10	50,0
5	-10.25	22.75	10	50,0
5	-10.25	23.25	10	50,0
5	-7.75	25.75	10	50,0
5	-7.75	26.25	10	50,0
5	-45.25	37.75	10	100,0
5	-45.25	38.25	10	100,0
5	-44.75	38.25	10	100,0
5	-39.25	32.75	10	100,0
5	-39.25	32.25	10	100,0
5	-39.75	31.75	10	100,0
5	-39.75	31.25	10	100,0
5	-39.25	30.75	10	100,0
5	-39.25	29.75	10	100,0
5	-38.25	29.75	10	100,0
5	-37.75	29.25	10	100,0
5	-37.75	28.75	10	100,0
5	-44.75	21.75	10	100,0
5	-45.25	21.75	10	100,0
5	-45.25	25.25	10	100,0
5	-44.75	25.75	10	100,0
5	-44.75	26.75	10	100,0
5	-43.75	26.75	10	100,0
5	-43.25	27.25	10	100,0
5	-43.25	27.75	10	100,0
5	-45.25	29.75	10	100,0
5	-45.25	37.75	10	100,0
6	1.25	35.25	10	50,0
6	1.25	35.75	10	50,0
6	2.25	36.75	10	50,0
6	3.25	36.75	10	50,0
6	3.25	37.75	10	50,0
6	4.75	37.75	10	50,0
6	4.75	30.25	10	50,0
6	4.25	30.25	10	50,0
6	0.75	33.75	10	50,0
6	0.75	34.25	10	50,0
6	1.25	34.75	10	50,0
6	1.25	35.25	10	50,0
7	-4.25	25.75	10	50,0
7	-4.25	26.25	10	50,0
7	-1.75	28.75	10	50,0
7	-1.25	28.75	10	50,0
7	3.25	24.25	10	50,0
7	3.25	23.75	10	50,0
7	1.25	21.75	10	50,0
7	-0.25	21.75	10	50,0
7	-4.25	25.75	10	50,0
202	-2.75	31.25	94	50,0
202	-2.75	31.75	94	50,0
202	-0.25	34.25	94	50,0
202	0.25	34.25	94	50,0
202	4.75	29.75	94	50,0
202	4.75	25.25	94	50,0
202	4.25	24.75	94	50,0
202	3.75	24.75	94	50,0
202	-2.75	31.25	94	50,0
202	-45.25	28.75	94	100,0
202	-45.25	29.25	94	100,0
202	-44.75	29.25	94	100,0
202	-43.25	27.75	94	100,0
202	-43.25	27.25	94	100,0
202	-43.75	26.75	94	100,0
202	-44.75	26.75	94	100,0
202	-44.75	25.75	94	100,0
202	-45.25	25.75	94	100,0
202	-45.25	28.75	94	100,0
36	1.75	35.75	116	100,50
36	1.75	36.25	116	100,50
36	3.75	38.25	116	100,50
36	4.25	38.25	116	100,50
36	5.25	37.25	116	100,50
36	5.25	31.75	116	100,50
36	4.75	31.75	116	100,50
36	4.75	32.75	116	100,50
36	3.75	33.75	116	100,50
36	3.75	34.75	116	100,50
36	2.75	34.75	116	100,50
36	1.75	35.75	116	100,50
36	-44.75	39.25	116	150,50
36	-44.75	39.75	116	150,50
36	-43.75	40.75	116	150,50
36	-42.25	40.75	116	150,50
36	-42.25	39.75	116	150,50
36	-38.25	35.75	116	150,50
36	-37.25	35.75	116	150,50
36	-37.25	34.75	116	150,50
36	-36.75	34.25	116	150,50
36	-36.75	33.75	116	150,50
36	-37.75	32.75	116	150,50
36	-38.25	32.75	116	150,50
36	-40.75	35.25	116	150,50
36	-41.25	35.25	116	150,50
36	-41.75	34.75	116	150,50
36	-41.75	34.25	116	150,50
36	-39.25	31.75	116	150,50
36	-39.25	31.25	116	150,50
36	-40.75	29.75	116	150,50
36	-42.25	29.75	116	150,50
36	-44.75	32.25	116	150,50
36	-44.75	36.75	116	150,50
36	-44.25	36.75	116	150,50
36	-42.75	35.25	116	150,50
36	-42.25	35.25	116	150,50
36	-42.25	36.75	116	150,50
36	-42.75	37.25	116	150,50
36	-43.75	37.25	116	150,50
36	-43.75	38.25	116	150,50
36	-44.75	39.25	116	150,50
80	-35.25	-1.25	24	150,100
80	-35.25	-0.75	24	150,100
80	-32.25	2.25	24	150,100
80	-31.75	2.25	24	150,100
80	-28.75	-0.75	24	150,100
80	-28.75	-1.25	24	150,100
80	-35.25	-1.25	24	150,100
80	-34.75	48.25	24	150,50
80	-34.75	48.75	24	150,50
80	-28.25	48.75	24	150,50
80	-25.25	45.75	24	150,50
80	-25.25	45.25	24	150,50
80	-25.75	44.75	24	150,50
80	-25.75	44.25	24	150,50
80	-23.75	44.25	24	150,50
80	-23.25	43.75	24	150,50
80	-23.25	43.25	24	150,50
80	-26.25	40.25	24	150,50
80	-26.75	40.25	24	150,50
80	-33.25	46.75	24	150,50
80	-33.25	47.75	24	150,50
80	-34.25	47.75	24	150,50
80	-34.75	48.25	24	150,50
21	-23.25	10.75	104	150,100
21	-23.25	11.25	104	150,100
21	-20.75	13.75	104	150,100
21	-20.25	13.75	104	150,100
21	-19.75	13.25	104	150,100
21	-19.75	12.75	104	150,100
21	-20.25	12.25	104	150,100
21	-20.25	11.25	104	150,100
21	-20.75	10.75	104	150,100
21	-20.75	10.25	104	150,100
21	-20.25	10.25	104	150,100
21	-18.75	11.75	104	150,100
21	-18.25	11.75	104	150,100
21	-13.75	7.25	104	150,100
21	-13.75	6.75	104	150,100
21	-16.25	4.25	104	150,100
21	-16.75	4.25	104	150,100
21	-21.25	8.75	104	150,100
21	-21.25	9.75	104	150,100
21	-22.25	9.75	104	150,100
21	-23.25	10.75	104	150,100
132	-16.25	13.75	57	50,0
132	-16.25	14.25	57	50,0
132	-14.75	15.75	57	50,0
132	-14.25	15.75	57	50,0
132	-9.75	11.25	57	50,0
132	-9.75	10.75	57	50,0
132	-11.25	9.25	57	50,0
132	-11.75	9.25	57	50,0
132	-16.25	13.75	57	50,0
136	-11.75	18.25	60	50,0
136	-11.75	18.75	60	50,0
136	-11.25	18.75	60	50,0
136	-10.25	17.75	60	50,0
136	-9.75	17.75	60	50,0
136	-9.25	18.25	60	50,0
136	-7.75	18.25	60	50,0
136	-5.25	15.75	60	50,0
136	-4.75	15.75	60	50,0
136	-4.75	16.25	60	50,0
136	-5.25	16.75	60	50,0
136	-5.25	17.25	60	50,0
136	-3.25	17.25	60	50,0
136	-0.75	19.75	60	50,0
136	-0.25	19.75	60	50,0
136	-0.25	18.75	60	50,0
136	0.75	17.75	60	50,0
136	1.25	17.75	60	50,0
136	4.25	20.75	60	50,0
136	4.75	20.75	60	50,0
136	4.75	15.25	60	50,0
136	4.25	14.75	60	50,0
136	4.25	14.25	60	50,0
136	4.75	13.75	60	50,0
136	4.75	10.25	60	50,0
136	4.25	9.75	60	50,0
136	3.75	9.75	60	50,0
136	3.75	10.25	60	50,0
136	4.25	10.75	60	50,0
136	4.25	11.25	60	50,0
136	3.75	11.75	60	50,0
136	3.25	11.75	60	50,0
136	2.75	11.25	60	50,0
136	2.25	11.25	60	50,0
136	1.75	11.75	60	50,0
136	1.75	12.25	60	50,0
136	2.25	12.75	60	50,0
136	2.25	13.25	60	50,0
136	0.75	14.75	60	50,0
136	0.75	15.75	60	50,0
136	-0.75	15.75	60	50,0
136	-5.25	11.25	60	50,0
136	-5.75	11.25	60	50,0
136	-6.25	11.75	60	50,0
136	-6.25	12.25	60	50,0
136	-5.25	13.25	60	50,0
136	-5.25	13.75	60	50,0
136	-5.75	14.25	60	50,0
136	-6.25	14.25	60	50,0
136	-7.25	13.25	60	50,0
136	-7.75	13.25	60	50,0
136	-11.25	16.75	60	50,0
136	-11.25	17.75	60	50,0
136	-11.75	18.25	60	50,0
136	-37.25	30.75	60	100,0
136	-37.25	31.25	60	100,0
136	-36.75	31.75	60	100,0
136	-36.25	31.75	60	100,0
136	-35.25	30.75	60	100,0
136	-34.25	30.75	60	100,0
136	-34.25	29.75	60	100,0
136	-29.75	25.25	60	100,0
136	-29.75	24.75	60	100,0
136	-30.25	24.25	60	100,0
136	-30.25	23.75	60	100,0
136	-29.75	23.25	60	100,0
136	-29.75	22.75	60	100,0
136	-30.75	21.75	60	100,0
136	-30.75	20.75	60	100,0
136	-32.75	18.75	60	100,0
136	-33.75	18.75	60	100,0
136	-33.75	17.75	60	100,0
136	-35.75	15.75	60	100,0
136	-36.75	15.75	60	100,0
136	-41.75	10.75	60	100,0
136	-42.25	10.75	60	100,0
136	-42.25	11.25	60	100,0
136	-41.75	11.75	60	100,0
136	-41.75	12.75	60	100,0
136	-40.75	12.75	60	100,0
136	-38.25	15.25	60	100,0
136	-38.25	16.25	60	100,0
136	-37.25	16.25	60	100,0
136	-34.75	18.75	60	100,0
136	-34.75	19.25	60	100,0
136	-37.75	22.25	60	100,0
136	-38.25	22.25	60	100,0
136	-40.75	19.75	60	100,0
136	-40.75	18.75	60	100,0
136	-41.75	18.75	60	100,0
136	-44.75	15.75	60	100,0
136	-45.25	15.75	60	100,0
136	-45.25	21.25	60	100,0
136	-36.75	29.75	60	100,0
136	-36.75	30.25	60	100,0
136	-37.25	30.75	60	100,0
203	-4.25	25.75	95	50,0
203	-4.25	26.25	95	50,0
203	-1.75	28.75	95	50,0
203	-1.25	28.75	95	50,0
203	3.25	24.25	95	50,0
203	3.25	23.75	95	50,0
203	1.25	21.75	95	50,0
203	-0.25	21.75	95	50,0
203	-4.25	25.75	95	50,0
167	-38.75	41.25	74	100,0
167	-38.75	41.75	74	100,0
167	-36.75	43.75	74	100,0
167	-36.25	43.75	74	100,0
167	-31.75	39.25	74	100,0
167	-31.75	38.75	74	100,0
167	-33.75	36.75	74	100,0
167	-34.25	36.75	74	100,0
167	-38.75	41.25	74	100,0
53	-30.75	-0.75	129	100,50
53	-30.75	-0.25	129	100,50
53	-30.25	-0.25	129	100,50
53	-30.25	-0.75	129	100,50
53	-30.75	-0.75	129	100,50
53	-30.25	48.75	129	100,0
53	-30.25	49.25	129	100,0
53	-29.75	49.25	129	100,0
53	-25.75	45.25	129	100,0
53	-25.75	44.75	129	100,0
53	-26.25	44.75	129	100,0
53	-30.25	48.75	129	100,0
121	-16.75	10.25	48	100,50
121	-16.75	10.75	48	100,50
121	-16.25	11.25	48	100,50
121	-15.75	11.25	48	100,50
121	-4.75	0.25	48	100,50
121	-4.75	-0.25	48	100,50
121	-5.25	-0.25	48	100,50
121	-6.75	1.25	48	100,50
121	-7.75	1.25	48	100,50
121	-16.75	10.25	48	100,50
121	-22.75	48.25	48	100,0
121	-22.75	48.75	48	100,0
121	-22.25	48.75	48	100,0
121	-13.25	39.75	48	100,0
121	-13.25	38.75	48	100,0
121	-12.75	38.25	48	100,0
121	-12.75	37.75	48	100,0
121	-13.25	37.75	48	100,0
121	-14.25	38.75	48	100,0
121	-14.25	39.75	48	100,0
121	-15.25	40.75	48	100,0
121	-16.25	40.75	48	100,0
121	-18.75	43.25	48	100,0
121	-18.75	44.25	48	100,0
121	-19.25	44.75	48	100,0
121	-20.25	44.75	48	100,0
121	-22.75	47.25	48	100,0
121	-22.75	48.25	48	100,0
154	-15.75	40.25	64	100,0
154	-15.75	40.75	64	100,0
154	-15.25	40.75	64	100,0
154	-14.25	39.75	64	100,0
154	-14.25	39.25	64	100,0
154	-14.75	39.25	64	100,0
154	-15.75	40.25	64	100,0
155	-15.25	37.75	64	100,0
155	-15.25	38.25	64	100,0
155	-14.75	38.25	64	100,0
155	-13.25	36.75	64	100,0
155	-12.25	36.75	64	100,0
155	-12.25	36.25	64	100,0
155	-12.75	35.75	64	100,0
155	-13.25	35.75	64	100,0
155	-15.25	37.75	64	100,0
156	-10.75	33.25	64	100,0
156	-10.75	33.75	64	100,0
156	-10.25	33.75	64	100,0
156	-9.75	33.25	64	100,0
156	-9.75	32.75	64	100,0
156	-10.25	32.75	64	100,0
156	-10.75	33.25	64	100,0
142	-9.25	33.25	64	100,0
142	-9.25	32.75	64	100,0
142	-8.75	32.25	64	100,0
142	-8.25	32.25	64	100,0
142	-8.25	32.75	64	100,0
142	-8.75	33.25	64	100,0
142	-9.25	33.25	64	100,0
143	-8.25	30.75	64	100,0
143	-8.25	31.25	64	100,0
143	-7.75	31.25	64	100,0
143	-7.75	30.75	64	100,0
143	-8.25	30.75	64	100,0
144	-7.25	29.75	64	100,0
144	-7.25	30.25	64	100,0
144	-6.75	30.75	64	100,0
144	-6.25	30.75	64	100,0
144	-6.25	30.25	64	100,0
144	-6.75	29.75	64	100,0
144	-7.25	29.75	64	100,0
145	-6.25	28.75	64	100,0
145	-6.25	29.25	64	100,0
145	-5.75	29.75	64	100,0
145	-5.25	29.75	64	100,0
145	-4.75	29.25	64	100,0
145	-4.75	28.75	64	100,0
145	-6.25	28.75	64	100,0
146	-4.75	27.25	64	100,0
146	-4.75	27.75	64	100,0
146	-4.25	28.25	64	100,0
146	-3.75	28.25	64	100,0
146	-3.75	27.25	64	100,0
146	-2.75	27.25	64	100,0
146	-2.25	26.75	64	100,0
146	-2.25	25.75	64	100,0
146	-1.75	25.25	64	100,0
146	-0.75	25.25	64	100,0
146	-0.75	24.25	64	100,0
146	0.25	23.25	64	100,0
146	1.25	23.25	64	100,0
146	1.25	22.25	64	100,0
146	2.75	20.75	64	100,0
146	2.75	20.25	64	100,0
146	2.25	20.25	64	100,0
146	-4.75	27.25	64	100,0
147	3.25	20.75	64	100,0
147	3.25	20.25	64	100,0
147	3.75	20.25	64	100,0
147	3.75	20.75	64	100,0
147	3.25	20.75	64	100,0
148	3.75	18.75	64	100,0
148	3.75	19.25	64	100,0
148	4.25	19.75	64	100,0
148	4.75	19.75	64	100,0
148	4.75	18.75	64	100,0
148	5.25	18.25	64	100,0
148	5.25	17.75	64	100,0
148	4.75	17.75	64	100,0
148	3.75	18.75	64	100,0
193	-20.75	2.25	89	50,0
193	-20.75	2.75	89	50,0
193	-20.25	3.25	89	50,0
193	-19.75	3.25	89	50,0
193	-19.25	2.75	89	50,0
193	-17.75	2.75	89	50,0
193	-17.75	3.75	89	50,0
193	-16.75	3.75	89	50,0
193	-15.75	4.75	89	50,0
193	-15.25	4.75	89	50,0
193	-14.75	4.25	89	50,0
193	-14.75	3.25	89	50,0
193	-14.25	2.75	89	50,0
193	-13.25	2.75	89	50,0
193	-12.75	2.25	89	50,0
193	-12.25	2.25	89	50,0
193	-11.75	2.75	89	50,0
193	-9.75	2.75	89	50,0
193	-8.75	3.75	89	50,0
193	-8.25	3.75	89	50,0
193	-7.75	3.25	89	50,0
193	-6.75	3.25	89	50,0
193	-6.25	2.75	89	50,0
193	-5.25	2.75	89	50,0
193	-4.25	1.75	89	50,0
193	-3.25	1.75	89	50,0
193	-2.75	1.25	89	50,0
193	-2.75	0.75	89	50,0
193	-11.25	0.75	89	50,0
193	-11.75	1.25	89	50,0
193	-12.25	1.25	89	50,0
193	-12.75	0.75	89	50,0
193	-13.75	0.75	89	50,0
193	-14.25	0.25	89	50,0
193	-14.75	0.25	89	50,0
193	-15.25	0.75	89	50,0
193	-18.25	0.75	89	50,0
193	-19.25	1.75	89	50,0
193	-20.25	1.75	89	50,0
193	-20.75	2.25	89	50,0
137	-45.25	12.75	60	100,0
137	-45.25	13.25	60	100,0
137	-44.75	13.25	60	100,0
137	-43.75	12.25	60	100,0
137	-43.75	10.75	60	100,0
137	-44.25	10.25	60	100,0
137	-44.75	10.25	60	100,0
137	-45.25	10.75	60	100,0
137	-45.25	12.75	60	100,0
41	-29.75	38.25	12	100,0
41	-29.75	38.75	12	100,0
41	-29.25	38.75	12	100,0
41	-28.25	37.75	12	100,0
41	-27.25	37.75	12	100,0
41	-27.25	37.25	12	100,0
41	-27.75	36.75	12	100,0
41	-27.75	36.25	12	100,0
41	-26.75	36.25	12	100,0
41	-22.25	31.75	12	100,0
41	-22.25	31.25	12	100,0
41	-22.75	30.75	12	100,0
41	-22.75	29.75	12	100,0
41	-25.25	27.25	12	100,0
41	-26.25	27.25	12	100,0
41	-28.75	24.75	12	100,0
41	-29.25	24.75	12	100,0
41	-34.25	29.75	12	100,0
41	-34.25	30.75	12	100,0
41	-35.25	30.75	12	100,0
41	-35.25	31.25	12	100,0
41	-29.25	37.25	12	100,0
41	-29.25	37.75	12	100,0
41	-29.75	38.25	12	100,0
23	-3.25	12.75	106	50,0
23	-3.25	13.25	106	50,0
23	-0.75	15.75	106	50,0
23	0.75	15.75	106	50,0
23	0.75	14.75	106	50,0
23	2.25	13.25	106	50,0
23	2.25	12.75	106	50,0
23	1.75	12.25	106	50,0
23	1.75	11.75	106	50,0
23	2.25	11.25	106	50,0
23	2.75	11.25	106	50,0
23	3.25	11.75	106	50,0
23	3.75	11.75	106	50,0
23	4.25	11.25	106	50,0
23	4.25	10.75	106	50,0
23	3.75	10.25	106	50,0
23	3.75	9.75	106	50,0
23	4.75	9.75	106	50,0
23	4.75	8.25	106	50,0
23	3.75	7.25	106	50,0
23	3.25	7.25	106	50,0
23	2.75	7.75	106	50,0
23	2.25	7.75	106	50,0
23	1.75	7.25	106	50,0
23	1.75	6.75	106	50,0
23	2.25	6.25	106	50,0
23	2.25	5.75	106	50,0
23	1.25	4.75	106	50,0
23	0.75	4.75	106	50,0
23	-4.25	9.75	106	50,0
23	-4.25	10.25	106	50,0
23	-2.75	11.75	106	50,0
23	-2.75	12.25	106	50,0
23	-3.25	12.75	106	50,0
23	-45.25	9.75	106	100,0
23	-45.25	10.25	106	100,0
23	-44.25	10.25	106	100,0
23	-43.75	10.75	106	100,0
23	-43.75	11.75	106	100,0
23	-43.25	11.75	106	100,0
23	-42.75	11.25	106	100,0
23	-42.75	10.75	106	100,0
23	-44.75	8.75	106	100,0
23	-45.25	8.75	106	100,0
23	-45.25	9.75	106	100,0
134	-14.25	-0.25	59	50,0
134	-14.25	0.25	59	50,0
134	-13.75	0.75	59	50,0
134	-12.75	0.75	59	50,0
134	-12.25	1.25	59	50,0
134	-11.75	1.25	59	50,0
134	-11.25	0.75	59	50,0
134	-0.75	0.75	59	50,0
134	-0.25	1.25	59	50,0
134	0.25	1.25	59	50,0
134	0.75	0.75	59	50,0
134	4.75	0.75	59	50,0
134	4.75	0.25	59	50,0
134	4.25	-0.25	59	50,0
134	-14.25	-0.25	59	50,0
134	-45.25	-0.25	59	100,0
134	-45.25	0.25	59	100,0
134	-44.75	0.25	59	100,0
134	-44.75	-0.25	59	100,0
134	-45.25	-0.25	59	100,0
25	-25.25	38.75	108	150,50
25	-25.25	39.25	108	150,50
25	-22.25	42.25	108	150,50
25	-21.75	42.25	108	150,50
25	-17.75	38.25	108	150,50
25	-17.75	36.75	108	150,50
25	-18.25	36.25	108	150,50
25	-18.25	35.25	108	150,50
25	-19.75	33.75	108	150,50
25	-20.25	33.75	108	150,50
25	-25.25	38.75	108	150,50
200	-13.25	0.75	93	150,100
200	-13.25	1.25	93	150,100
200	-10.75	3.75	93	150,100
200	-10.25	3.75	93	150,100
200	-9.75	3.25	93	150,100
200	-9.75	2.75	93	150,100
200	-10.75	2.75	93	150,100
200	-11.75	1.75	93	150,100
200	-11.75	1.25	93	150,100
200	-10.75	0.25	93	150,100
200	-10.25	0.25	93	150,100
200	-8.75	1.75	93	150,100
200	-8.25	1.75	93	150,100
200	-6.75	0.25	93	150,100
200	-5.75	0.25	93	150,100
200	-5.75	-1.25	93	150,100
200	-11.25	-1.25	93	150,100
200	-13.25	0.75	93	150,100
200	-10.75	48.25	93	150,50
200	-10.75	48.75	93	150,50
200	-6.25	48.75	93	150,50
200	-6.25	48.25	93	150,50
200	-6.75	47.75	93	150,50
200	-6.75	46.75	93	150,50
200	-7.25	46.25	93	150,50
200	-8.75	46.25	93	150,50
200	-10.75	48.25	93	150,50
133	4.25	14.25	58	50,0
133	4.25	14.75	58	50,0
133	4.75	14.75	58	50,0
133	4.75	14.25	58	50,0
133	4.25	14.25	58	50,0
133	-45.25	14.75	58	100,0
133	-45.25	15.25	58	100,0
133	-41.75	18.75	58	100,0
133	-40.75	18.75	58	100,0
133	-40.75	19.75	58	100,0
133	-38.25	22.25	58	100,0
133	-37.75	22.25	58	100,0
133	-34.75	19.25	58	100,0
133	-34.75	18.75	58	100,0
133	-37.25	16.25	58	100,0
133	-38.25	16.25	58	100,0
133	-38.25	15.25	58	100,0
133	-40.75	12.75	58	100,0
133	-41.75	12.75	58	100,0
133	-41.75	11.75	58	100,0
133	-42.25	11.25	58	100,0
133	-42.75	11.25	58	100,0
133	-45.25	13.75	58	100,0
133	-45.25	14.75	58	100,0
201	-5.75	48.75	93	150,50
201	-5.75	48.25	93	150,50
201	-5.25	48.25	93	150,50
201	-5.25	48.75	93	150,50
201	-5.75	48.75	93	150,50
72	-7.25	0.75	2	100,50
72	-7.25	1.25	2	100,50
72	-6.75	1.25	2	100,50
72	-5.25	-0.25	2	100,50
72	-5.25	-0.75	2	100,50
72	-5.75	-0.75	2	100,50
72	-7.25	0.75	2	100,50
72	-5.25	48.75	2	100,0
72	-5.25	49.25	2	100,0
72	-3.75	49.25	2	100,0
72	5.25	40.25	2	100,0
72	5.25	39.75	2	100,0
72	4.75	39.75	2	100,0
72	2.75	41.75	2	100,0
72	1.75	41.75	2	100,0
72	-5.25	48.75	2	100,0
72	-44.75	39.25	2	150,0
72	-44.75	39.75	2	150,0
72	-44.25	39.75	2	150,0
72	-16.25	11.75	2	150,0
72	-16.25	11.25	2	150,0
72	-16.75	10.75	2	150,0
72	-17.25	10.75	2	150,0
72	-17.75	11.25	2	150,0
72	-17.75	12.25	2	150,0
72	-22.25	16.75	2	150,0
72	-23.25	16.75	2	150,0
72	-23.75	17.25	2	150,0
72	-23.75	18.25	2	150,0
72	-44.75	39.25	2	150,0
73	-4.75	-0.25	2	100,50
73	-4.75	-0.75	2	100,50
73	-4.25	-0.75	2	100,50
73	-4.25	-0.25	2	100,50
73	-4.75	-0.25	2	100,50
73	-13.25	38.75	2	100,0
73	-13.25	39.25	2	100,0
73	-12.75	39.25	2	100,0
73	-6.75	33.25	2	100,0
73	-6.75	32.25	2	100,0
73	-5.75	32.25	2	100,0
73	-5.75	31.25	2	100,0
73	5.25	20.25	2	100,0
73	5.25	19.75	2	100,0
73	4.75	19.75	2	100,0
73	-12.75	37.25	2	100,0
73	-12.75	38.25	2	100,0
73	-13.25	38.75	2	100,0
73	-44.75	19.25	2	150,0
73	-44.75	19.75	2	150,0
73	-44.25	19.75	2	150,0
73	-36.75	12.25	2	150,0
73	-36.75	11.75	2	150,0
73	-37.25	11.75	2	150,0
73	-44.75	19.25	2	150,0
70	-30.25	23.75	19	100,0
70	-30.25	24.25	19	100,0
70	-29.75	24.75	19	100,0
70	-29.25	24.75	19	100,0
70	-28.25	23.75	19	100,0
70	-27.75	23.75	19	100,0
70	-21.75	29.75	19	100,0
70	-21.25	29.75	19	100,0
70	-20.75	29.25	19	100,0
70	-20.25	29.25	19	100,0
70	-17.25	32.25	19	100,0
70	-17.25	32.75	19	100,0
70	-18.25	32.75	19	100,0
70	-18.75	33.25	19	100,0
70	-18.75	33.75	19	100,0
70	-17.25	35.25	19	100,0
70	-16.25	35.25	19	100,0
70	-16.25	36.25	19	100,0
70	-15.75	36.25	19	100,0
70	-4.75	25.25	19	100,0
70	-4.75	24.75	19	100,0
70	-5.25	24.75	19	100,0
70	-5.75	25.25	19	100,0
70	-6.25	25.25	19	100,0
70	-6.25	24.75	19	100,0
70	-5.75	24.25	19	100,0
70	-5.75	23.25	19	100,0
70	-4.75	23.25	19	100,0
70	-3.75	22.25	19	100,0
70	-3.75	21.25	19	100,0
70	-1.75	19.25	19	100,0
70	-0.75	19.25	19	100,0
70	1.25	17.25	19	100,0
70	1.25	16.75	19	100,0
70	0.75	16.25	19	100,0
70	0.75	15.75	19	100,0
70	1.75	15.75	19	100,0
70	3.25	14.25	19	100,0
70	3.25	12.75	19	100,0
70	2.75	12.75	19	100,0
70	2.25	13.25	19	100,0
70	1.75	13.25	19	100,0
70	1.75	12.75	19	100,0
70	2.75	11.75	19	100,0
70	2.75	11.25	19	100,0
70	0.75	9.25	19	100,0
70	0.25	9.25	19	100,0
70	0.25	9.75	19	100,0
70	1.25	10.75	19	100,0
70	1.25	11.25	19	100,0
70	0.75	11.25	19	100,0
70	-0.25	10.25	19	100,0
70	-0.75	10.25	19	100,0
70	-2.25	11.75	19	100,0
70	-2.25	12.75	19	100,0
70	-2.75	12.75	19	100,0
70	-3.25	12.25	19	100,0
70	-3.75	12.25	19	100,0
70	-6.25	14.75	19	100,0
70	-6.25	15.75	19	100,0
70	-7.25	15.75	19	100,0
70	-11.25	19.75	19	100,0
70	-11.25	20.75	19	100,0
70	-12.25	20.75	19	100,0
70	-12.75	21.25	19	100,0
70	-13.25	21.25	19	100,0
70	-13.25	20.75	19	100,0
70	-12.25	19.75	19	100,0
70	-12.25	19.25	19	100,0
70	-13.25	18.25	19	100,0
70	-13.75	18.25	19	100,0
70	-14.25	18.75	19	100,0
70	-16.25	18.75	19	100,0
70	-17.25	19.75	19	100,0
70	-19.25	19.75	19	100,0
70	-21.75	22.25	19	100,0
70	-22.25	22.25	19	100,0
70	-24.25	20.25	19	100,0
70	-24.75	20.25	19	100,0
70	-26.25	21.75	19	100,0
70	-26.25	22.25	19	100,0
70	-24.25	24.25	19	100,0
70	-24.25	24.75	19	100,0
70	-24.75	24.75	19	100,0
70	-33.75	15.75	19	100,0
70	-34.75	15.75	19	100,0
70	-35.25	15.25	19	100,0
70	-35.75	15.25	19	100,0
70	-35.75	15.75	19	100,0
70	-33.75	17.75	19	100,0
70	-33.75	18.75	19	100,0
70	-32.75	18.75	19	100,0
70	-30.75	20.75	19	100,0
70	-30.75	21.75	19	100,0
70	-29.75	22.75	19	100,0
70	-29.75	23.25	19	100,0
70	-30.25	23.75	19	100,0
71	-22.75	25.25	19	100,0
71	-22.75	25.75	19	100,0
71	-20.75	27.75	19	100,0
71	-20.25	27.75	19	100,0
71	-18.75	26.25	19	100,0
71	-18.75	25.75	19	100,0
71	-20.75	23.75	19	100,0
71	-21.25	23.75	19	100,0
71	-22.75	25.25	19	100,0
95	-16.25	36.75	34	100,0
95	-16.25	37.25	34	100,0
95	-15.75	37.75	34	100,0
95	-15.25	37.75	34	100,0
95	5.25	17.25	34	100,0
95	5.25	15.75	34	100,0
95	4.75	15.75	34	100,0
95	-16.25	36.75	34	100,0
95	-44.75	16.25	34	150,0
95	-44.75	16.75	34	150,0
95	-44.25	16.75	34	150,0
95	-39.25	11.75	34	150,0
95	-39.25	10.25	34	150,0
95	-39.75	10.25	34	150,0
95	-44.75	15.25	34	150,0
95	-44.75	16.25	34	150,0
179	-0.25	48.75	8	100,0
179	-0.25	49.25	8	100,0
179	1.25	49.25	8	100,0
179	3.75	46.75	8	100,0
179	4.25	46.75	8	100,0
179	4.75	47.25	8	100,0
179	5.25	47.25	8	100,0
179	5.25	46.75	8	100,0
179	4.75	46.25	8	100,0
179	4.75	45.75	8	100,0
179	5.25	45.25	8	100,0
179	5.25	43.75	8	100,0
179	4.75	43.75	8	100,0
179	-0.25	48.75	8	100,0
179	-44.75	41.25	8	150,0
179	-44.75	41.75	8	150,0
179	-44.25	41.75	8	150,0
179	-22.75	20.25	8	150,0
179	-22.75	19.75	8	150,0
179	-23.25	19.25	8	150,0
179	-23.75	19.25	8	150,0
179	-44.75	40.25	8	150,0
179	-44.75	41.25	8	150,0
138	3.75	3.75	61	50,0
138	3.75	4.25	61	50,0
138	4.25	4.25	61	50,0
138	4.75	3.75	61	50,0
138	4.75	1.25	61	50,0
138	4.25	0.75	61	50,0
138	1.75	0.75	61	50,0
138	1.75	1.25	61	50,0
138	3.75	3.25	61	50,0
138	3.75	3.75	61	50,0
138	-45.25	3.75	61	100,0
138	-45.25	4.25	61	100,0
138	-43.75	4.25	61	100,0
138	-42.25	2.75	61	100,0
138	-41.75	2.75	61	100,0
138	-40.75	3.75	61	100,0
138	-39.25	3.75	61	100,0
138	-38.75	3.25	61	100,0
138	-37.75	3.25	61	100,0
138	-36.25	1.75	61	100,0
138	-36.25	1.25	61	100,0
138	-37.25	0.25	61	100,0
138	-37.75	0.25	61	100,0
138	-38.25	0.75	61	100,0
138	-38.75	0.75	61	100,0
138	-39.25	0.25	61	100,0
138	-39.75	0.25	61	100,0
138	-40.25	0.75	61	100,0
138	-43.75	0.75	61	100,0
138	-44.25	0.25	61	100,0
138	-44.75	0.25	61	100,0
138	-45.25	0.75	61	100,0
138	-45.25	3.75	61	100,0
88	-44.75	4.25	3	100,0
88	-44.75	4.75	3	100,0
88	-35.25	14.25	3	100,0
88	-34.75	14.25	3	100,0
88	-34.75	12.75	3	100,0
88	-35.75	12.75	3	100,0
88	-37.75	10.75	3	100,0
88	-37.75	9.75	3	100,0
88	-38.25	9.25	3	100,0
88	-39.25	9.25	3	100,0
88	-39.75	8.75	3	100,0
88	-39.75	7.75	3	100,0
88	-40.75	6.75	3	100,0
88	-40.75	6.25	3	100,0
88	-39.75	5.25	3	100,0
88	-39.25	5.25	3	100,0
88	-37.75	6.75	3	100,0
88	-36.75	6.75	3	100,0
88	-35.75	7.75	3	100,0
88	-34.75	7.75	3	100,0
88	-32.75	9.75	3	100,0
88	-32.25	9.75	3	100,0
88	-32.25	9.25	3	100,0
88	-34.75	6.75	3	100,0
88	-34.75	5.75	3	100,0
88	-35.25	5.25	3	100,0
88	-35.25	4.75	3	100,0
88	-34.75	4.75	3	100,0
88	-31.25	8.25	3	100,0
88	-30.75	8.25	3	100,0
88	-30.75	7.75	3	100,0
88	-32.75	5.75	3	100,0
88	-32.75	5.25	3	100,0
88	-32.25	5.25	3	100,0
88	-29.75	7.75	3	100,0
88	-29.25	7.75	3	100,0
88	-28.25	6.75	3	100,0
88	-27.25	6.75	3	100,0
88	-26.25	5.75	3	100,0
88	-24.25	5.75	3	100,0
88	-24.25	4.75	3	100,0
88	-23.75	4.75	3	100,0
88	-22.75	5.75	3	100,0
88	-22.25	5.75	3	100,0
88	-21.25	4.75	3	100,0
88	-20.75	4.75	3	100,0
88	-19.25	6.25	3	100,0
88	-18.25	6.25	3	100,0
88	-18.25	7.25	3	100,0
88	-17.75	7.25	3	100,0
88	-16.75	6.25	3	100,0
88	-14.75	6.25	3	100,0
88	-12.25	3.75	3	100,0
88	-11.75	3.75	3	100,0
88	-10.25	5.25	3	100,0
88	-9.25	5.25	3	100,0
88	-8.75	5.75	3	100,0
88	-7.75	5.75	3	100,0
88	-7.75	6.75	3	100,0
88	-7.25	7.25	3	100,0
88	-6.75	7.25	3	100,0
88	-3.75	4.25	3	100,0
88	-2.75	4.25	3	100,0
88	-1.75	3.25	3	100,0
88	-1.25	3.25	3	100,0
88	1.25	5.75	3	100,0
88	1.75	5.75	3	100,0
88	2.25	5.25	3	100,0
88	2.25	4.75	3	100,0
88	1.25	3.75	3	100,0
88	1.25	3.25	3	100,0
88	1.75	3.25	3	100,0
88	2.75	4.25	3	100,0
88	5.25	4.25	3	100,0
88	5.25	0.75	3	100,0
88	-1.25	0.75	3	100,0
88	-2.25	1.75	3	100,0
88	-2.75	1.75	3	100,0
88	-3.75	0.75	3	100,0
88	-4.25	0.75	3	100,0
88	-6.25	2.75	3	100,0
88	-7.25	2.75	3	100,0
88	-7.25	3.75	3	100,0
88	-7.75	3.75	3	100,0
88	-8.75	2.75	3	100,0
88	-9.25	2.75	3	100,0
88	-9.75	3.25	3	100,0
88	-10.25	3.25	3	100,0
88	-10.75	2.75	3	100,0
88	-12.75	2.75	3	100,0
88	-13.75	1.75	3	100,0
88	-14.25	1.75	3	100,0
88	-17.25	4.75	3	100,0
88	-17.75	4.75	3	100,0
88	-18.75	3.75	3	100,0
88	-18.75	2.75	3	100,0
88	-20.75	0.75	3	100,0
88	-22.25	0.75	3	100,0
88	-22.75	1.25	3	100,0
88	-23.25	1.25	3	100,0
88	-23.75	0.75	3	100,0
88	-24.25	0.75	3	100,0
88	-27.25	3.75	3	100,0
88	-28.75	3.75	3	100,0
88	-28.75	2.75	3	100,0
88	-29.25	2.25	3	100,0
88	-30.75	2.25	3	100,0
88	-31.25	2.75	3	100,0
88	-31.75	2.75	3	100,0
88	-32.25	2.25	3	100,0
88	-32.75	2.25	3	100,0
88	-33.25	2.75	3	100,0
88	-34.75	2.75	3	100,0
88	-35.75	1.75	3	100,0
88	-36.25	1.75	3	100,0
88	-37.75	3.25	3	100,0
88	-38.75	3.25	3	100,0
88	-39.25	3.75	3	100,0
88	-40.75	3.75	3	100,0
88	-41.75	2.75	3	100,0
88	-42.25	2.75	3	100,0
88	-43.75	4.25	3	100,0
88	-44.75	4.25	3	100,0
88	-44.75	3.25	3	150,0
88	-44.75	3.75	3	150,0
88	-44.25	3.75	3	150,0
88	-41.75	1.25	3	150,0
88	-41.75	0.75	3	150,0
88	-44.25	0.75	3	150,0
88	-44.75	1.25	3	150,0
88	-44.75	3.25	3	150,0
101	-34.75	14.25	38	100,0
101	-34.75	14.75	38	100,0
101	-24.75	24.75	38	100,0
101	-24.25	24.75	38	100,0
101	-24.25	24.25	38	100,0
101	-26.25	22.25	38	100,0
101	-26.25	21.75	38	100,0
101	-24.75	20.25	38	100,0
101	-24.25	20.25	38	100,0
101	-22.25	22.25	38	100,0
101	-21.75	22.25	38	100,0
101	-16.25	16.75	38	100,0
101	-16.25	14.75	38	100,0
101	-15.75	14.25	38	100,0
101	-15.75	13.75	38	100,0
101	-16.25	13.75	38	100,0
101	-16.75	14.25	38	100,0
101	-17.25	14.25	38	100,0
101	-17.75	13.75	38	100,0
101	-18.75	13.75	38	100,0
101	-20.75	11.75	38	100,0
101	-21.75	11.75	38	100,0
101	-21.75	10.75	38	100,0
101	-22.75	10.75	38	100,0
101	-23.75	9.75	38	100,0
101	-24.75	9.75	38	100,0
101	-24.75	9.25	38	100,0
101	-23.75	8.25	38	100,0
101	-23.75	7.75	38	100,0
101	-25.75	5.75	38	100,0
101	-26.25	5.75	38	100,0
101	-27.25	6.75	38	100,0
101	-28.25	6.75	38	100,0
101	-29.25	7.75	38	100,0
101	-29.75	7.75	38	100,0
101	-32.25	5.25	38	100,0
101	-32.75	5.25	38	100,0
101	-32.75	5.75	38	100,0
101	-30.75	7.75	38	100,0
101	-30.75	8.25	38	100,0
101	-31.25	8.25	38	100,0
101	-34.75	4.75	38	100,0
101	-35.25	4.75	38	100,0
101	-35.25	5.25	38	100,0
101	-34.75	5.75	38	100,0
101	-34.75	6.75	38	100,0
101	-32.25	9.25	38	100,0
101	-32.25	9.75	38	100,0
101	-32.75	9.75	38	100,0
101	-34.75	7.75	38	100,0
101	-35.75	7.75	38	100,0
101	-36.75	6.75	38	100,0
101	-37.75	6.75	38	100,0
101	-39.25	5.25	38	100,0
101	-39.75	5.25	38	100,0
101	-40.75	6.25	38	100,0
101	-40.75	6.75	38	100,0
101	-39.75	7.75	38	100,0
101	-39.75	8.75	38	100,0
101	-39.25	9.25	38	100,0
101	-38.25	9.25	38	100,0
101	-37.75	9.75	38	100,0
101	-37.75	10.75	38	100,0
101	-35.75	12.75	38	100,0
101	-34.75	12.75	38	100,0
101	-34.75	14.25	38	100,0
102	-33.75	13.25	38	100,0
102	-33.75	13.75	38	100,0
102	-31.75	15.75	38	100,0
102	-30.75	15.75	38	100,0
102	-30.75	16.75	38	100,0
102	-28.25	19.25	38	100,0
102	-27.75	19.25	38	100,0
102	-26.75	18.25	38	100,0
102	-26.75	17.75	38	100,0
102	-29.25	15.25	38	100,0
102	-30.25	15.25	38	100,0
102	-30.25	14.25	38	100,0
102	-32.25	12.25	38	100,0
102	-32.75	12.25	38	100,0
102	-33.75	13.25	38	100,0
205	-22.75	25.25	97	100,0
205	-22.75	25.75	97	100,0
205	-20.75	27.75	97	100,0
205	-20.25	27.75	97	100,0
205	-18.75	26.25	97	100,0
205	-18.75	25.75	97	100,0
205	-20.75	23.75	97	100,0
205	-21.25	23.75	97	100,0
205	-22.75	25.25	97	100,0
169	1.25	-0.75	76	100,50
169	1.25	-0.25	76	100,50
169	2.25	0.75	76	100,50
169	2.75	0.75	76	100,50
169	3.75	-0.25	76	100,50
169	3.75	-0.75	76	100,50
169	1.25	-0.75	76	100,50
169	-38.75	9.25	76	150,50
169	-38.75	9.75	76	150,50
169	-38.25	9.75	76	150,50
169	-37.75	9.25	76	150,50
169	-37.25	9.25	76	150,50
169	-37.25	10.25	76	150,50
169	-35.75	11.75	76	150,50
169	-35.75	12.75	76	150,50
169	-35.25	13.25	76	150,50
169	-34.25	13.25	76	150,50
169	-33.25	14.25	76	150,50
169	-33.25	15.25	76	150,50
169	-32.75	15.25	76	150,50
169	-31.25	13.75	76	150,50
169	-31.25	13.25	76	150,50
169	-32.25	13.25	76	150,50
169	-32.25	12.25	76	150,50
169	-34.25	10.25	76	150,50
169	-34.25	9.75	76	150,50
169	-33.75	9.25	76	150,50
169	-32.25	9.25	76	150,50
169	-31.75	9.75	76	150,50
169	-31.75	10.75	76	150,50
169	-30.75	11.75	76	150,50
169	-29.25	11.75	76	150,50
169	-28.75	11.25	76	150,50
169	-28.25	11.25	76	150,50
169	-27.25	12.25	76	150,50
169	-27.25	12.75	76	150,50
169	-28.25	12.75	76	150,50
169	-28.25	13.25	76	150,50
169	-27.75	13.75	76	150,50
169	-27.25	13.75	76	150,50
169	-26.75	13.25	76	150,50
169	-26.25	13.25	76	150,50
169	-23.75	15.75	76	150,50
169	-23.25	15.75	76	150,50
169	-23.25	15.25	76	150,50
169	-25.25	13.25	76	150,50
169	-25.25	12.75	76	150,50
169	-24.75	12.25	76	150,50
169	-23.75	12.25	76	150,50
169	-23.75	11.25	76	150,50
169	-22.25	9.75	76	150,50
169	-21.75	9.75	76	150,50
169	-20.25	11.25	76	150,50
169	-18.75	11.25	76	150,50
169	-18.75	10.75	76	150,50
169	-20.25	9.25	76	150,50
169	-20.25	8.75	76	150,50
169	-19.75	8.75	76	150,50
169	-18.25	10.25	76	150,50
169	-17.75	10.25	76	150,50
169	-16.75	9.25	76	150,50
169	-16.75	8.75	76	150,50
169	-18.25	7.25	76	150,50
169	-18.25	6.75	76	150,50
169	-17.25	6.75	76	150,50
169	-17.25	3.25	76	150,50
169	-20.25	0.25	76	150,50
169	-20.75	0.25	76	150,50
169	-20.75	0.75	76	150,50
169	-20.25	1.25	76	150,50
169	-20.25	1.75	76	150,50
169	-20.75	1.75	76	150,50
169	-21.25	1.25	76	150,50
169	-22.75	1.25	76	150,50
169	-24.75	3.25	76	150,50
169	-25.25	3.25	76	150,50
169	-25.25	2.75	76	150,50
169	-24.75	2.25	76	150,50
169	-24.75	1.25	76	150,50
169	-24.25	0.75	76	150,50
169	-24.25	-0.75	76	150,50
169	-27.75	-0.75	76	150,50
169	-28.25	-0.25	76	150,50
169	-28.25	0.75	76	150,50
169	-29.25	0.75	76	150,50
169	-29.75	1.25	76	150,50
169	-29.75	2.25	76	150,50
169	-30.75	3.25	76	150,50
169	-31.25	3.25	76	150,50
169	-31.25	2.75	76	150,50
169	-30.75	2.25	76	150,50
169	-30.75	1.75	76	150,50
169	-32.25	0.25	76	150,50
169	-32.25	-0.75	76	150,50
169	-35.75	-0.75	76	150,50
169	-35.75	-0.25	76	150,50
169	-34.25	1.25	76	150,50
169	-34.25	2.25	76	150,50
169	-33.25	3.25	76	150,50
169	-33.25	3.75	76	150,50
169	-33.75	4.25	76	150,50
169	-34.25	4.25	76	150,50
169	-34.75	3.75	76	150,50
169	-34.75	2.75	76	150,50
169	-35.25	2.25	76	150,50
169	-36.75	2.25	76	150,50
169	-36.75	3.25	76	150,50
169	-37.25	3.75	76	150,50
169	-37.25	4.75	76	150,50
169	-38.25	5.75	76	150,50
169	-38.25	6.25	76	150,50
169	-37.25	6.25	76	150,50
169	-37.25	6.75	76	150,50
169	-38.25	7.75	76	150,50
169	-38.25	8.75	76	150,50
169	-38.75	9.25	76	150,50
169	1.75	48.75	76	100,0
169	1.75	49.25	76	100,0
169	5.25	49.25	76	100,0
169	5.25	47.75	76	100,0
169	4.25	46.75	76	100,0
169	3.75	46.75	76	100,0
169	1.75	48.75	76	100,0
169	-44.75	48.25	76	150,0
169	-44.75	48.75	76	150,0
169	-44.25	49.25	76	150,0
169	-36.75	49.25	76	150,0
169	-36.25	48.75	76	150,0
169	-35.75	48.75	76	150,0
169	-35.25	49.25	76	150,0
169	-30.75	49.25	76	150,0
169	-30.75	48.75	76	150,0
169	-31.75	47.75	76	150,0
169	-32.25	47.75	76	150,0
169	-32.75	48.25	76	150,0
169	-33.25	48.25	76	150,0
169	-33.75	47.75	76	150,0
169	-33.75	47.25	76	150,0
169	-33.25	46.75	76	150,0
169	-33.25	45.75	76	150,0
169	-32.25	45.75	76	150,0
169	-29.75	43.25	76	150,0
169	-29.75	42.25	76	150,0
169	-29.25	41.75	76	150,0
169	-28.25	41.75	76	150,0
169	-27.25	40.75	76	150,0
169	-25.75	40.75	76	150,0
169	-25.75	41.25	76	150,0
169	-27.25	42.75	76	150,0
169	-27.25	43.25	76	150,0
169	-26.25	43.25	76	150,0
169	-26.25	43.75	76	150,0
169	-26.75	44.25	76	150,0
169	-26.75	44.75	76	150,0
169	-25.75	45.75	76	150,0
169	-24.75	45.75	76	150,0
169	-24.25	46.25	76	150,0
169	-24.25	47.25	76	150,0
169	-22.75	48.75	76	150,0
169	-22.25	48.75	76	150,0
169	-21.25	47.75	76	150,0
169	-20.25	47.75	76	150,0
169	-20.25	46.75	76	150,0
169	-19.25	46.75	76	150,0
169	-19.25	46.25	76	150,0
169	-21.75	43.75	76	150,0
169	-21.75	43.25	76	150,0
169	-20.25	41.75	76	150,0
169	-20.25	40.25	76	150,0
169	-21.25	39.25	76	150,0
169	-21.75	39.25	76	150,0
169	-22.25	39.75	76	150,0
169	-22.75	39.75	76	150,0
169	-23.25	39.25	76	150,0
169	-23.25	38.75	76	150,0
169	-22.25	38.75	76	150,0
169	-22.25	37.25	76	150,0
169	-22.75	36.75	76	150,0
169	-23.75	36.75	76	150,0
169	-25.25	35.25	76	150,0
169	-25.25	34.75	76	150,0
169	-24.75	34.75	76	150,0
169	-23.75	35.75	76	150,0
169	-23.25	35.75	76	150,0
169	-22.75	35.25	76	150,0
169	-22.75	34.75	76	150,0
169	-23.25	34.25	76	150,0
169	-23.25	33.75	76	150,0
169	-22.75	33.25	76	150,0
169	-20.75	33.25	76	150,0
169	-18.75	31.25	76	150,0
169	-18.75	30.75	76	150,0
169	-19.75	29.75	76	150,0
169	-19.75	28.75	76	150,0
169	-20.75	27.75	76	150,0
169	-21.25	27.75	76	150,0
169	-21.25	28.75	76	150,0
169	-23.25	30.75	76	150,0
169	-23.75	30.75	76	150,0
169	-24.75	29.75	76	150,0
169	-24.75	29.25	76	150,0
169	-19.25	23.75	76	150,0
169	-19.25	23.25	76	150,0
169	-19.75	23.25	76	150,0
169	-22.25	25.75	76	150,0
169	-22.75	25.75	76	150,0
169	-23.75	24.75	76	150,0
169	-24.25	24.75	76	150,0
169	-24.25	25.25	76	150,0
169	-23.75	25.75	76	150,0
169	-23.75	26.25	76	150,0
169	-25.75	28.25	76	150,0
169	-26.25	28.25	76	150,0
169	-26.75	27.75	76	150,0
169	-27.25	27.75	76	150,0
169	-28.25	28.75	76	150,0
169	-28.25	30.75	76	150,0
169	-28.75	30.75	76	150,0
169	-29.25	30.25	76	150,0
169	-29.75	30.25	76	150,0
169	-29.75	30.75	76	150,0
169	-29.25	31.25	76	150,0
169	-29.25	31.75	76	150,0
169	-30.75	33.25	76	150,0
169	-31.75	33.25	76	150,0
169	-31.75	34.25	76	150,0
169	-34.25	36.75	76	150,0
169	-34.75	36.75	76	150,0
169	-35.25	36.25	76	150,0
169	-35.75	36.25	76	150,0
169	-35.75	36.75	76	150,0
169	-35.25	37.25	76	150,0
169	-35.25	37.75	76	150,0
169	-38.75	41.25	76	150,0
169	-40.75	41.25	76	150,0
169	-43.75	44.25	76	150,0
169	-43.75	44.75	76	150,0
169	-43.25	45.25	76	150,0
169	-43.25	45.75	76	150,0
169	-43.75	45.75	76	150,0
169	-44.25	45.25	76	150,0
169	-44.75	45.25	76	150,0
169	-44.75	48.25	76	150,0
170	-44.25	2.75	76	150,50
170	-44.25	3.25	76	150,50
170	-43.75	3.75	76	150,50
170	-43.25	3.75	76	150,50
170	-42.25	2.75	76	150,50
170	-41.75	2.75	76	150,50
170	-41.25	3.25	76	150,50
170	-40.75	3.25	76	150,50
170	-37.25	-0.25	76	150,50
170	-37.25	-0.75	76	150,50
170	-44.75	-0.75	76	150,50
170	-44.75	-0.25	76	150,50
170	-43.75	0.75	76	150,50
170	-43.75	2.25	76	150,50
170	-44.25	2.75	76	150,50
170	4.75	45.75	76	100,0
170	4.75	46.25	76	100,0
170	5.25	46.25	76	100,0
170	5.25	45.75	76	100,0
170	4.75	45.75	76	100,0
170	-37.75	43.25	76	150,0
170	-37.75	43.75	76	150,0
170	-37.25	44.25	76	150,0
170	-36.75	44.25	76	150,0
170	-32.75	40.25	76	150,0
170	-32.75	39.75	76	150,0
170	-33.75	38.75	76	150,0
170	-34.25	38.75	76	150,0
170	-36.25	40.75	76	150,0
170	-36.25	41.75	76	150,0
170	-36.75	42.25	76	150,0
170	-37.75	42.25	76	150,0
170	-37.75	43.25	76	150,0
171	-31.75	-0.25	76	150,50
171	-31.75	-0.75	76	150,50
171	-30.25	-0.75	76	150,50
171	-29.75	-0.25	76	150,50
171	-29.75	0.25	76	150,50
171	-30.25	0.75	76	150,50
171	-30.75	0.75	76	150,50
171	-31.75	-0.25	76	150,50
171	-30.25	47.75	76	150,0
171	-30.25	48.25	76	150,0
171	-29.25	48.25	76	150,0
171	-28.25	49.25	76	150,0
171	-26.75	49.25	76	150,0
171	-26.75	48.75	76	150,0
171	-27.75	47.75	76	150,0
171	-27.75	47.25	76	150,0
171	-27.25	46.75	76	150,0
171	-27.25	46.25	76	150,0
171	-27.75	45.75	76	150,0
171	-28.25	45.75	76	150,0
171	-30.25	47.75	76	150,0
174	-30.25	17.75	77	150,50
174	-30.25	18.25	77	150,50
174	-28.25	20.25	77	150,50
174	-27.25	20.25	77	150,50
174	-26.75	20.75	77	150,50
174	-26.75	21.75	77	150,50
174	-25.75	22.75	77	150,50
174	-24.75	22.75	77	150,50
174	-23.75	23.75	77	150,50
174	-23.25	23.75	77	150,50
174	-22.25	22.75	77	150,50
174	-22.25	20.75	77	150,50
174	-21.25	20.75	77	150,50
174	-21.25	20.25	77	150,50
174	-21.75	19.75	77	150,50
174	-21.75	19.25	77	150,50
174	-21.25	18.75	77	150,50
174	-21.25	18.25	77	150,50
174	-22.25	17.25	77	150,50
174	-22.75	17.25	77	150,50
174	-23.25	17.75	77	150,50
174	-23.75	17.75	77	150,50
174	-24.25	17.25	77	150,50
174	-24.75	17.25	77	150,50
174	-24.75	18.25	77	150,50
174	-25.25	18.25	77	150,50
174	-25.75	17.75	77	150,50
174	-25.75	16.75	77	150,50
174	-27.25	15.25	77	150,50
174	-27.75	15.25	77	150,50
174	-30.25	17.75	77	150,50
24	-23.25	24.75	107	150,50
24	-23.25	25.25	107	150,50
24	-20.25	28.25	107	150,50
24	-19.75	28.25	107	150,50
24	-19.25	27.75	107	150,50
24	-19.25	26.75	107	150,50
24	-18.75	26.25	107	150,50
24	-18.75	25.75	107	150,50
24	-21.25	23.25	107	150,50
24	-21.75	23.25	107	150,50
24	-23.25	24.75	107	150,50
40	-17.25	30.75	119	150,50
40	-17.25	31.25	119	150,50
40	-14.25	34.25	119	150,50
40	-13.75	34.25	119	150,50
40	-12.25	32.75	119	150,50
40	-12.25	32.25	119	150,50
40	-15.25	29.25	119	150,50
40	-15.75	29.25	119	150,50
40	-17.25	30.75	119	150,50
43	-5.25	42.75	121	150,50
43	-5.25	43.25	121	150,50
43	-2.75	45.75	121	150,50
43	-2.25	45.75	121	150,50
43	-0.75	44.25	121	150,50
43	-0.75	43.75	121	150,50
43	-3.25	41.25	121	150,50
43	-3.75	41.25	121	150,50
43	-5.25	42.75	121	150,50
37	-33.75	13.25	117	100,0
37	-33.75	13.75	117	100,0
37	-31.75	15.75	117	100,0
37	-30.75	15.75	117	100,0
37	-30.75	16.75	117	100,0
37	-28.25	19.25	117	100,0
37	-27.75	19.25	117	100,0
37	-26.75	18.25	117	100,0
37	-26.75	17.75	117	100,0
37	-29.25	15.25	117	100,0
37	-30.25	15.25	117	100,0
37	-30.25	14.25	117	100,0
37	-32.25	12.25	117	100,0
37	-32.75	12.25	117	100,0
37	-33.75	13.25	117	100,0
204	-44.25	-0.25	96	100,0
204	-44.25	0.25	96	100,0
204	-43.75	0.75	96	100,0
204	-40.25	0.75	96	100,0
204	-39.75	0.25	96	100,0
204	-39.75	-0.25	96	100,0
204	-44.25	-0.25	96	100,0
89	-8.75	35.25	30	150,50
89	-8.75	35.75	30	150,50
89	-7.75	36.75	30	150,50
89	-7.25	36.75	30	150,50
89	-6.75	36.25	30	150,50
89	-6.25	36.25	30	150,50
89	-5.25	37.25	30	150,50
89	-4.75	37.25	30	150,50
89	-4.75	36.75	30	150,50
89	-5.75	35.75	30	150,50
89	-5.75	34.25	30	150,50
89	-4.75	34.25	30	150,50
89	-3.25	32.75	30	150,50
89	-2.75	32.75	30	150,50
89	-2.75	33.75	30	150,50
89	-2.25	34.25	30	150,50
89	-2.25	35.25	30	150,50
89	-1.75	35.25	30	150,50
89	-1.25	34.75	30	150,50
89	-0.75	34.75	30	150,50
89	-0.75	35.75	30	150,50
89	-0.25	36.25	30	150,50
89	0.25	36.25	30	150,50
89	2.25	34.25	30	150,50
89	3.25	34.25	30	150,50
89	3.75	33.75	30	150,50
89	3.75	32.75	30	150,50
89	4.75	32.75	30	150,50
89	4.75	30.25	30	150,50
89	4.25	29.75	30	150,50
89	3.75	29.75	30	150,50
89	3.25	30.25	30	150,50
89	1.25	30.25	30	150,50
89	1.25	30.75	30	150,50
89	1.75	31.25	30	150,50
89	1.75	31.75	30	150,50
89	1.25	32.25	30	150,50
89	0.75	32.25	30	150,50
89	-2.25	29.25	30	150,50
89	-2.25	28.25	30	150,50
89	-3.25	27.25	30	150,50
89	-3.25	26.75	30	150,50
89	-2.75	26.75	30	150,50
89	-1.75	27.75	30	150,50
89	-1.25	27.75	30	150,50
89	1.25	25.25	30	150,50
89	1.75	25.25	30	150,50
89	1.75	25.75	30	150,50
89	1.25	26.25	30	150,50
89	1.25	26.75	30	150,50
89	1.75	26.75	30	150,50
89	3.25	25.25	30	150,50
89	3.25	24.75	30	150,50
89	2.75	24.25	30	150,50
89	2.75	23.25	30	150,50
89	1.25	21.75	30	150,50
89	1.25	21.25	30	150,50
89	1.75	20.75	30	150,50
89	1.75	19.75	30	150,50
89	2.75	19.75	30	150,50
89	3.25	19.25	30	150,50
89	4.25	19.25	30	150,50
89	4.75	18.75	30	150,50
89	4.75	10.25	30	150,50
89	4.25	9.75	30	150,50
89	3.75	9.75	30	150,50
89	3.25	10.25	30	150,50
89	2.75	10.25	30	150,50
89	2.75	8.75	30	150,50
89	3.25	8.25	30	150,50
89	3.75	8.25	30	150,50
89	4.25	8.75	30	150,50
89	4.75	8.75	30	150,50
89	4.75	3.25	30	150,50
89	4.25	3.25	30	150,50
89	1.75	5.75	30	150,50
89	1.25	5.75	30	150,50
89	-1.25	3.25	30	150,50
89	-1.25	2.75	30	150,50
89	1.75	-0.25	30	150,50
89	1.75	-0.75	30	150,50
89	-4.75	-0.75	30	150,50
89	-4.75	-0.25	30	150,50
89	-3.75	0.75	30	150,50
89	-3.75	1.25	30	150,50
89	-8.75	6.25	30	150,50
89	-8.75	6.75	30	150,50
89	-8.25	7.25	30	150,50
89	-8.25	7.75	30	150,50
89	-10.25	9.75	30	150,50
89	-10.75	9.75	30	150,50
89	-11.25	9.25	30	150,50
89	-11.25	8.75	30	150,50
89	-9.75	7.25	30	150,50
89	-9.75	6.75	30	150,50
89	-10.25	6.25	30	150,50
89	-10.75	6.25	30	150,50
89	-12.25	7.75	30	150,50
89	-12.25	9.75	30	150,50
89	-13.25	9.75	30	150,50
89	-14.25	10.75	30	150,50
89	-15.25	10.75	30	150,50
89	-16.25	11.75	30	150,50
89	-16.25	12.75	30	150,50
89	-17.25	12.75	30	150,50
89	-17.75	13.25	30	150,50
89	-17.75	13.75	30	150,50
89	-16.25	15.25	30	150,50
89	-15.75	15.25	30	150,50
89	-15.25	14.75	30	150,50
89	-14.75	14.75	30	150,50
89	-14.75	15.75	30	150,50
89	-14.25	15.75	30	150,50
89	-10.75	12.25	30	150,50
89	-9.75	12.25	30	150,50
89	-9.75	11.25	30	150,50
89	-8.75	10.25	30	150,50
89	-7.75	10.25	30	150,50
89	-6.75	9.25	30	150,50
89	-6.25	9.25	30	150,50
89	-3.75	11.75	30	150,50
89	-3.75	12.25	30	150,50
89	-9.25	17.75	30	150,50
89	-9.25	19.25	30	150,50
89	-7.75	20.75	30	150,50
89	-7.25	20.75	30	150,50
89	-4.75	18.25	30	150,50
89	-4.75	17.75	30	150,50
89	-5.25	17.25	30	150,50
89	-5.25	16.75	30	150,50
89	-4.75	16.75	30	150,50
89	-4.25	17.25	30	150,50
89	-3.25	17.25	30	150,50
89	-2.75	17.75	30	150,50
89	-2.25	17.75	30	150,50
89	-0.75	16.25	30	150,50
89	-0.25	16.25	30	150,50
89	1.75	18.25	30	150,50
89	1.75	18.75	30	150,50
89	0.25	20.25	30	150,50
89	0.25	22.25	30	150,50
89	-0.75	23.25	30	150,50
89	-1.25	23.25	30	150,50
89	-1.75	22.75	30	150,50
89	-2.25	22.75	30	150,50
89	-3.25	23.75	30	150,50
89	-3.25	25.75	30	150,50
89	-3.75	25.75	30	150,50
89	-4.25	25.25	30	150,50
89	-4.75	25.25	30	150,50
89	-4.75	26.25	30	150,50
89	-5.25	26.75	30	150,50
89	-5.25	27.75	30	150,50
89	-6.25	27.75	30	150,50
89	-8.25	29.75	30	150,50
89	-8.75	29.75	30	150,50
89	-8.75	29.25	30	150,50
89	-8.25	28.75	30	150,50
89	-8.25	28.25	30	150,50
89	-9.25	27.25	30	150,50
89	-9.25	26.75	30	150,50
89	-7.25	24.75	30	150,50
89	-7.25	24.25	30	150,50
89	-7.75	23.75	30	150,50
89	-8.25	23.75	30	150,50
89	-12.75	28.25	30	150,50
89	-12.75	28.75	30	150,50
89	-10.75	30.75	30	150,50
89	-9.75	30.75	30	150,50
89	-9.25	31.25	30	150,50
89	-9.25	31.75	30	150,50
89	-9.75	32.25	30	150,50
89	-9.75	33.75	30	150,50
89	-8.75	34.75	30	150,50
89	-8.75	35.25	30	150,50
89	-45.25	31.75	30	200,50
89	-45.25	32.25	30	200,50
89	-44.75	32.25	30	200,50
89	-43.25	30.75	30	200,50
89	-43.25	29.25	30	200,50
89	-44.75	29.25	30	200,50
89	-45.25	29.75	30	200,50
89	-45.25	31.75	30	200,50
89	-10.75	48.25	30	150,0
89	-10.75	48.75	30	150,0
89	-10.25	49.25	30	150,0
89	-0.75	49.25	30	150,0
89	-0.75	47.75	30	150,0
89	-1.75	46.75	30	150,0
89	-2.75	46.75	30	150,0
89	-3.25	46.25	30	150,0
89	-3.25	45.75	30	150,0
89	-1.25	45.75	30	150,0
89	0.75	43.75	30	150,0
89	1.25	43.75	30	150,0
89	2.25	44.75	30	150,0
89	3.25	44.75	30	150,0
89	4.25	45.75	30	150,0
89	4.75	45.75	30	150,0
89	4.75	36.25	30	150,0
89	3.25	34.75	30	150,0
89	2.75	34.75	30	150,0
89	-2.25	39.75	30	150,0
89	-2.25	40.25	30	150,0
89	-0.25	42.25	30	150,0
89	-0.25	42.75	30	150,0
89	-1.25	43.75	30	150,0
89	-2.25	43.75	30	150,0
89	-2.25	44.75	30	150,0
89	-2.75	44.75	30	150,0
89	-4.75	42.75	30	150,0
89	-5.25	42.75	30	150,0
89	-6.25	43.75	30	150,0
89	-6.25	44.25	30	150,0
89	-5.75	44.75	30	150,0
89	-5.75	45.25	30	150,0
89	-6.25	45.25	30	150,0
89	-6.75	44.75	30	150,0
89	-7.25	44.75	30	150,0
89	-7.25	45.25	30	150,0
89	-5.75	46.75	30	150,0
89	-5.25	46.75	30	150,0
89	-5.25	45.75	30	150,0
89	-4.75	45.75	30	150,0
89	-3.75	46.75	30	150,0
89	-3.75	48.25	30	150,0
89	-4.25	48.25	30	150,0
89	-4.75	47.75	30	150,0
89	-5.25	47.75	30	150,0
89	-5.75	48.25	30	150,0
89	-6.25	48.25	30	150,0
89	-8.25	46.25	30	150,0
89	-8.75	46.25	30	150,0
89	-10.75	48.25	30	150,0
89	-45.25	44.75	30	200,0
89	-45.25	45.25	30	200,0
89	-44.75	45.25	30	200,0
89	-41.25	41.75	30	200,0
89	-41.25	41.25	30	200,0
89	-42.25	41.25	30	200,0
89	-42.75	40.75	30	200,0
89	-42.75	40.25	30	200,0
89	-42.25	39.75	30	200,0
89	-42.25	39.25	30	200,0
89	-43.25	38.25	30	200,0
89	-43.75	38.25	30	200,0
89	-44.25	38.75	30	200,0
89	-44.75	38.75	30	200,0
89	-44.75	36.75	30	200,0
89	-45.25	36.75	30	200,0
89	-45.25	44.75	30	200,0
90	4.25	27.25	30	150,50
90	4.25	27.75	30	150,50
90	4.75	27.75	30	150,50
90	4.75	26.25	30	150,50
90	4.25	26.25	30	150,50
90	4.25	27.25	30	150,50
90	-45.25	26.75	30	200,50
90	-45.25	27.25	30	200,50
90	-44.25	28.25	30	200,50
90	-43.25	28.25	30	200,50
90	-42.75	28.75	30	200,50
90	-41.25	28.75	30	200,50
90	-39.75	27.25	30	200,50
90	-39.25	27.25	30	200,50
90	-38.25	28.25	30	200,50
90	-36.75	28.25	30	200,50
90	-35.75	27.25	30	200,50
90	-35.75	25.25	30	200,50
90	-35.25	25.25	30	200,50
90	-33.75	26.75	30	200,50
90	-33.25	26.75	30	200,50
90	-33.25	26.25	30	200,50
90	-35.75	23.75	30	200,50
90	-36.25	23.75	30	200,50
90	-36.25	24.75	30	200,50
90	-36.75	24.75	30	200,50
90	-37.25	24.25	30	200,50
90	-37.25	23.25	30	200,50
90	-37.75	22.75	30	200,50
90	-37.75	22.25	30	200,50
90	-37.25	22.25	30	200,50
90	-36.75	22.75	30	200,50
90	-36.25	22.75	30	200,50
90	-36.25	22.25	30	200,50
90	-36.75	21.75	30	200,50
90	-36.75	21.25	30	200,50
90	-35.75	20.25	30	200,50
90	-35.75	19.75	30	200,50
90	-37.75	19.75	30	200,50
90	-37.75	16.75	30	200,50
90	-38.75	15.75	30	200,50
90	-38.75	15.25	30	200,50
90	-36.75	13.25	30	200,50
90	-35.75	13.25	30	200,50
90	-35.75	11.75	30	200,50
90	-37.25	10.25	30	200,50
90	-37.25	9.75	30	200,50
90	-36.75	9.25	30	200,50
90	-35.75	9.25	30	200,50
90	-35.25	8.75	30	200,50
90	-33.75	8.75	30	200,50
90	-29.75	12.75	30	200,50
90	-29.75	13.25	30	200,50
90	-31.75	15.25	30	200,50
90	-32.25	15.25	30	200,50
90	-32.75	14.75	30	200,50
90	-33.75	14.75	30	200,50
90	-34.25	14.25	30	200,50
90	-34.75	14.25	30	200,50
90	-34.75	14.75	30	200,50
90	-33.75	15.75	30	200,50
90	-33.75	16.25	30	200,50
90	-34.25	16.75	30	200,50
90	-35.25	16.75	30	200,50
90	-35.25	17.75	30	200,50
90	-36.25	17.75	30	200,50
90	-36.25	18.25	30	200,50
90	-35.75	18.75	30	200,50
90	-34.75	18.75	30	200,50
90	-34.75	19.75	30	200,50
90	-33.75	20.75	30	200,50
90	-33.25	20.75	30	200,50
90	-31.25	18.75	30	200,50
90	-30.75	18.75	30	200,50
90	-29.25	20.25	30	200,50
90	-28.75	20.25	30	200,50
90	-28.75	19.75	30	200,50
90	-30.25	18.25	30	200,50
90	-30.25	17.75	30	200,50
90	-27.75	15.25	30	200,50
90	-27.75	12.25	30	200,50
90	-25.25	9.75	30	200,50
90	-25.25	9.25	30	200,50
90	-25.75	8.75	30	200,50
90	-26.25	8.75	30	200,50
90	-26.25	9.75	30	200,50
90	-27.25	9.75	30	200,50
90	-28.75	11.25	30	200,50
90	-29.25	11.25	30	200,50
90	-32.25	8.25	30	200,50
90	-33.25	8.25	30	200,50
90	-33.25	7.75	30	200,50
90	-31.75	6.25	30	200,50
90	-31.75	3.75	30	200,50
90	-32.25	3.75	30	200,50
90	-32.75	4.25	30	200,50
90	-33.25	4.25	30	200,50
90	-33.25	3.75	30	200,50
90	-32.25	2.75	30	200,50
90	-32.25	2.25	30	200,50
90	-34.25	0.25	30	200,50
90	-35.75	0.25	30	200,50
90	-36.25	0.75	30	200,50
90	-37.25	0.75	30	200,50
90	-38.75	2.25	30	200,50
90	-38.75	2.75	30	200,50
90	-34.25	7.25	30	200,50
90	-34.25	7.75	30	200,50
90	-35.75	7.75	30	200,50
90	-36.25	7.25	30	200,50
90	-36.75	7.25	30	200,50
90	-38.25	8.75	30	200,50
90	-38.25	9.75	30	200,50
90	-38.75	10.25	30	200,50
90	-40.25	10.25	30	200,50
90	-40.25	9.75	30	200,50
90	-39.75	9.25	30	200,50
90	-39.75	8.75	30	200,50
90	-41.25	7.25	30	200,50
90	-41.75	7.25	30	200,50
90	-41.75	7.75	30	200,50
90	-40.75	8.75	30	200,50
90	-40.75	9.25	30	200,50
90	-41.25	9.75	30	200,50
90	-41.75	9.75	30	200,50
90	-42.75	8.75	30	200,50
90	-43.25	8.75	30	200,50
90	-43.25	9.25	30	200,50
90	-41.25	11.25	30	200,50
90	-41.25	11.75	30	200,50
90	-41.75	12.25	30	200,50
90	-42.25	12.25	30	200,50
90	-44.25	10.25	30	200,50
90	-44.75	10.25	30	200,50
90	-45.25	10.75	30	200,50
90	-45.25	18.25	30	200,50
90	-44.75	18.75	30	200,50
90	-44.75	19.25	30	200,50
90	-45.25	19.75	30	200,50
90	-45.25	20.25	30	200,50
90	-44.25	21.25	30	200,50
90	-43.75	21.25	30	200,50
90	-43.75	20.25	30	200,50
90	-42.25	18.75	30	200,50
90	-41.25	18.75	30	200,50
90	-41.25	17.75	30	200,50
90	-40.75	17.75	30	200,50
90	-40.25	18.25	30	200,50
90	-39.75	18.25	30	200,50
90	-39.25	17.75	30	200,50
90	-38.75	17.75	30	200,50
90	-38.75	18.25	30	200,50
90	-39.25	18.75	30	200,50
90	-39.25	19.25	30	200,50
90	-38.75	19.75	30	200,50
90	-38.75	20.25	30	200,50
90	-39.25	20.75	30	200,50
90	-39.25	21.75	30	200,50
90	-40.25	22.75	30	200,50
90	-41.75	22.75	30	200,50
90	-42.25	22.25	30	200,50
90	-42.75	22.25	30	200,50
90	-42.75	22.75	30	200,50
90	-41.75	23.75	30	200,50
90	-41.75	24.25	30	200,50
90	-42.25	24.75	30	200,50
90	-42.25	25.75	30	200,50
90	-43.75	27.25	30	200,50
90	-44.25	27.25	30	200,50
90	-44.75	26.75	30	200,50
90	-45.25	26.75	30	200,50
90	1.75	48.75	30	150,0
90	1.75	49.25	30	150,0
90	2.25	49.25	30	150,0
90	4.25	47.25	30	150,0
90	4.25	46.75	30	150,0
90	3.75	46.75	30	150,0
90	1.75	48.75	30	150,0
91	-11.25	3.75	30	150,50
91	-11.25	4.25	30	150,50
91	-10.75	4.75	30	150,50
91	-10.25	4.75	30	150,50
91	-9.75	4.25	30	150,50
91	-9.75	3.25	30	150,50
91	-8.75	3.25	30	150,50
91	-7.75	2.25	30	150,50
91	-7.25	2.25	30	150,50
91	-6.75	2.75	30	150,50
91	-6.25	2.75	30	150,50
91	-6.25	2.25	30	150,50
91	-6.75	1.75	30	150,50
91	-6.75	1.25	30	150,50
91	-5.25	-0.25	30	150,50
91	-5.25	-0.75	30	150,50
91	-9.75	-0.75	30	150,50
91	-9.75	-0.25	30	150,50
91	-8.75	0.75	30	150,50
91	-8.75	1.25	30	150,50
91	-9.75	1.25	30	150,50
91	-9.75	2.25	30	150,50
91	-11.25	3.75	30	150,50
91	-45.25	7.75	30	200,50
91	-45.25	8.25	30	200,50
91	-44.75	8.25	30	200,50
91	-43.25	6.75	30	200,50
91	-43.25	6.25	30	200,50
91	-43.75	5.75	30	200,50
91	-43.75	5.25	30	200,50
91	-43.25	5.25	30	200,50
91	-42.25	6.25	30	200,50
91	-41.75	6.25	30	200,50
91	-41.75	5.25	30	200,50
91	-39.75	3.25	30	200,50
91	-39.75	2.75	30	200,50
91	-40.25	2.25	30	200,50
91	-41.25	2.25	30	200,50
91	-41.25	1.25	30	200,50
91	-42.25	0.25	30	200,50
91	-42.75	0.25	30	200,50
91	-45.25	2.75	30	200,50
91	-45.25	7.75	30	200,50
172	-26.25	49.25	76	150,0
172	-26.25	48.75	76	150,0
172	-25.25	47.75	76	150,0
172	-24.75	47.75	76	150,0
172	-23.75	48.75	76	150,0
172	-23.75	49.25	76	150,0
172	-26.25	49.25	76	150,0
173	-32.75	37.25	76	150,0
173	-32.75	37.75	76	150,0
173	-31.75	38.75	76	150,0
173	-31.25	38.75	76	150,0
173	-25.75	33.25	76	150,0
173	-25.75	32.25	76	150,0
173	-25.25	31.75	76	150,0
173	-25.25	31.25	76	150,0
173	-26.75	31.25	76	150,0
173	-32.75	37.25	76	150,0
20	-39.25	-0.25	103	100,0
20	-39.25	0.25	103	100,0
20	-38.75	0.75	103	100,0
20	-38.25	0.75	103	100,0
20	-37.75	0.25	103	100,0
20	-37.75	-0.25	103	100,0
20	-39.25	-0.25	103	100,0
185	-6.75	32.25	85	100,0
185	-6.75	32.75	85	100,0
185	-6.25	32.75	85	100,0
185	-6.25	32.25	85	100,0
185	-6.75	32.25	85	100,0
185	-44.75	38.25	85	150,0
185	-44.75	38.75	85	150,0
185	-44.25	38.75	85	150,0
185	-23.75	18.25	85	150,0
185	-23.75	17.75	85	150,0
185	-24.25	17.75	85	150,0
185	-44.75	38.25	85	150,0
186	2.25	41.25	85	100,0
186	2.25	41.75	85	100,0
186	2.75	41.75	85	100,0
186	5.25	39.25	85	100,0
186	5.25	38.75	85	100,0
186	4.75	38.75	85	100,0
186	2.25	41.25	85	100,0
186	-44.75	20.25	85	150,0
186	-44.75	20.75	85	150,0
186	-44.25	20.75	85	150,0
186	-32.75	9.25	85	150,0
186	-32.75	8.75	85	150,0
186	-33.25	8.25	85	150,0
186	-33.75	8.25	85	150,0
186	-36.75	11.25	85	150,0
186	-36.75	12.25	85	150,0
186	-44.75	20.25	85	150,0
187	-5.75	31.25	85	100,0
187	-5.75	31.75	85	100,0
187	-5.25	31.75	85	100,0
187	5.25	21.25	85	100,0
187	5.25	20.75	85	100,0
187	4.75	20.75	85	100,0
187	-5.75	31.25	85	100,0
161	-18.75	19.25	69	100,0
161	-18.75	19.75	69	100,0
161	-17.25	19.75	69	100,0
161	-16.25	18.75	69	100,0
161	-14.25	18.75	69	100,0
161	-13.75	18.25	69	100,0
161	-13.25	18.25	69	100,0
161	-12.25	19.25	69	100,0
161	-12.25	19.75	69	100,0
161	-13.25	20.75	69	100,0
161	-13.25	21.25	69	100,0
161	-12.75	21.25	69	100,0
161	-12.25	20.75	69	100,0
161	-11.25	20.75	69	100,0
161	-11.25	19.75	69	100,0
161	-7.25	15.75	69	100,0
161	-6.25	15.75	69	100,0
161	-6.25	14.75	69	100,0
161	-3.75	12.25	69	100,0
161	-3.25	12.25	69	100,0
161	-2.75	12.75	69	100,0
161	-2.25	12.75	69	100,0
161	-2.25	11.75	69	100,0
161	-0.75	10.25	69	100,0
161	-0.25	10.25	69	100,0
161	0.75	11.25	69	100,0
161	1.25	11.25	69	100,0
161	1.25	10.75	69	100,0
161	0.25	9.75	69	100,0
161	0.25	9.25	69	100,0
161	0.75	9.25	69	100,0
161	2.75	11.25	69	100,0
161	2.75	11.75	69	100,0
161	1.75	12.75	69	100,0
161	1.75	13.25	69	100,0
161	2.25	13.25	69	100,0
161	2.75	12.75	69	100,0
161	3.25	12.75	69	100,0
161	3.25	14.25	69	100,0
161	1.75	15.75	69	100,0
161	0.75	15.75	69	100,0
161	0.75	16.25	69	100,0
161	1.25	16.75	69	100,0
161	1.25	17.25	69	100,0
161	-0.75	19.25	69	100,0
161	-1.75	19.25	69	100,0
161	-3.75	21.25	69	100,0
161	-3.75	22.25	69	100,0
161	-4.75	23.25	69	100,0
161	-5.75	23.25	69	100,0
161	-5.75	24.25	69	100,0
161	-6.25	24.75	69	100,0
161	-6.25	25.25	69	100,0
161	-5.75	25.25	69	100,0
161	-5.25	24.75	69	100,0
161	-4.25	24.75	69	100,0
161	5.25	15.25	69	100,0
161	5.25	4.75	69	100,0
161	4.75	4.25	69	100,0
161	2.75	4.25	69	100,0
161	1.75	3.25	69	100,0
161	1.25	3.25	69	100,0
161	1.25	3.75	69	100,0
161	2.25	4.75	69	100,0
161	2.25	5.25	69	100,0
161	1.75	5.75	69	100,0
161	1.25	5.75	69	100,0
161	-0.75	3.75	69	100,0
161	-1.25	3.75	69	100,0
161	-2.75	5.25	69	100,0
161	-2.75	5.75	69	100,0
161	-0.25	8.25	69	100,0
161	-0.25	8.75	69	100,0
161	-0.75	8.75	69	100,0
161	-3.25	6.25	69	100,0
161	-3.75	6.25	69	100,0
161	-3.75	7.25	69	100,0
161	-4.75	8.25	69	100,0
161	-5.75	8.25	69	100,0
161	-6.25	8.75	69	100,0
161	-6.25	9.75	69	100,0
161	-8.75	12.25	69	100,0
161	-9.75	12.25	69	100,0
161	-9.75	13.75	69	100,0
161	-8.75	13.75	69	100,0
161	-8.75	14.75	69	100,0
161	-8.25	15.25	69	100,0
161	-8.25	15.75	69	100,0
161	-8.75	15.75	69	100,0
161	-9.25	15.25	69	100,0
161	-9.75	15.25	69	100,0
161	-9.75	15.75	69	100,0
161	-9.25	16.25	69	100,0
161	-9.25	16.75	69	100,0
161	-9.75	16.75	69	100,0
161	-10.75	15.75	69	100,0
161	-10.75	15.25	69	100,0
161	-10.25	14.75	69	100,0
161	-10.25	14.25	69	100,0
161	-11.25	13.25	69	100,0
161	-11.25	12.75	69	100,0
161	-10.75	12.25	69	100,0
161	-10.75	11.75	69	100,0
161	-11.25	11.75	69	100,0
161	-18.75	19.25	69	100,0
161	-44.75	14.25	69	150,0
161	-44.75	14.75	69	150,0
161	-44.25	14.75	69	150,0
161	-36.25	6.75	69	150,0
161	-36.25	6.25	69	150,0
161	-36.75	6.25	69	150,0
161	-39.25	8.75	69	150,0
161	-40.75	8.75	69	150,0
161	-40.75	8.25	69	150,0
161	-40.25	7.75	69	150,0
161	-39.25	7.75	69	150,0
161	-37.25	5.75	69	150,0
161	-37.25	5.25	69	150,0
161	-37.75	4.75	69	150,0
161	-38.25	4.75	69	150,0
161	-39.25	5.75	69	150,0
161	-39.75	5.75	69	150,0
161	-39.75	5.25	69	150,0
161	-38.75	4.25	69	150,0
161	-38.75	3.75	69	150,0
161	-41.25	1.25	69	150,0
161	-41.75	1.25	69	150,0
161	-44.75	4.25	69	150,0
161	-44.75	14.25	69	150,0
160	-37.25	-0.25	68	100,0
160	-37.25	0.25	68	100,0
160	-36.25	1.25	68	100,0
160	-35.75	1.25	68	100,0
160	-35.25	0.75	68	100,0
160	-30.25	0.75	68	100,0
160	-29.75	0.25	68	100,0
160	-29.75	-0.25	68	100,0
160	-37.25	-0.25	68	100,0
30	-35.75	1.25	111	100,0
30	-35.75	1.75	111	100,0
30	-34.75	2.75	111	100,0
30	-33.25	2.75	111	100,0
30	-32.75	2.25	111	100,0
30	-32.25	2.25	111	100,0
30	-31.75	2.75	111	100,0
30	-31.25	2.75	111	100,0
30	-30.75	2.25	111	100,0
30	-29.25	2.25	111	100,0
30	-28.75	2.75	111	100,0
30	-28.75	3.75	111	100,0
30	-27.25	3.75	111	100,0
30	-24.75	1.25	111	100,0
30	-24.75	0.75	111	100,0
30	-25.25	0.75	111	100,0
30	-26.75	2.25	111	100,0
30	-27.25	2.25	111	100,0
30	-29.25	0.25	111	100,0
30	-29.75	0.25	111	100,0
30	-30.25	0.75	111	100,0
30	-35.25	0.75	111	100,0
30	-35.75	1.25	111	100,0
27	-24.75	9.25	11	100,0
27	-24.75	9.75	11	100,0
27	-23.75	9.75	11	100,0
27	-22.75	10.75	11	100,0
27	-21.75	10.75	11	100,0
27	-21.75	11.75	11	100,0
27	-20.75	11.75	11	100,0
27	-18.75	13.75	11	100,0
27	-17.75	13.75	11	100,0
27	-17.25	14.25	11	100,0
27	-16.75	14.25	11	100,0
27	-16.25	13.75	11	100,0
27	-15.75	13.75	11	100,0
27	-15.75	14.25	11	100,0
27	-16.25	14.75	11	100,0
27	-16.25	16.25	11	100,0
27	-15.75	16.25	11	100,0
27	-11.25	11.75	11	100,0
27	-10.75	11.75	11	100,0
27	-10.75	12.25	11	100,0
27	-11.25	12.75	11	100,0
27	-11.25	13.25	11	100,0
27	-10.25	14.25	11	100,0
27	-10.25	14.75	11	100,0
27	-10.75	15.25	11	100,0
27	-10.75	15.75	11	100,0
27	-9.75	16.75	11	100,0
27	-9.25	16.75	11	100,0
27	-9.25	16.25	11	100,0
27	-9.75	15.75	11	100,0
27	-9.75	15.25	11	100,0
27	-9.25	15.25	11	100,0
27	-8.75	15.75	11	100,0
27	-8.25	15.75	11	100,0
27	-8.25	15.25	11	100,0
27	-8.75	14.75	11	100,0
27	-8.75	13.75	11	100,0
27	-9.75	13.75	11	100,0
27	-9.75	12.25	11	100,0
27	-8.75	12.25	11	100,0
27	-6.25	9.75	11	100,0
27	-6.25	8.75	11	100,0
27	-5.75	8.25	11	100,0
27	-4.75	8.25	11	100,0
27	-3.75	7.25	11	100,0
27	-3.75	6.25	11	100,0
27	-3.25	6.25	11	100,0
27	-0.75	8.75	11	100,0
27	-0.25	8.75	11	100,0
27	-0.25	8.25	11	100,0
27	-2.75	5.75	11	100,0
27	-2.75	5.25	11	100,0
27	-1.25	3.75	11	100,0
27	-1.25	3.25	11	100,0
27	-1.75	3.25	11	100,0
27	-2.75	4.25	11	100,0
27	-3.75	4.25	11	100,0
27	-6.75	7.25	11	100,0
27	-7.25	7.25	11	100,0
27	-7.75	6.75	11	100,0
27	-7.75	5.75	11	100,0
27	-8.75	5.75	11	100,0
27	-9.25	5.25	11	100,0
27	-10.25	5.25	11	100,0
27	-11.75	3.75	11	100,0
27	-12.25	3.75	11	100,0
27	-14.75	6.25	11	100,0
27	-16.75	6.25	11	100,0
27	-17.75	7.25	11	100,0
27	-18.25	7.25	11	100,0
27	-18.25	6.25	11	100,0
27	-19.25	6.25	11	100,0
27	-20.75	4.75	11	100,0
27	-21.25	4.75	11	100,0
27	-22.25	5.75	11	100,0
27	-22.75	5.75	11	100,0
27	-23.75	4.75	11	100,0
27	-24.25	4.75	11	100,0
27	-24.25	5.75	11	100,0
27	-25.25	5.75	11	100,0
27	-25.25	6.25	11	100,0
27	-23.75	7.75	11	100,0
27	-23.75	8.25	11	100,0
27	-24.75	9.25	11	100,0
74	-33.25	7.75	2	150,0
74	-33.25	8.25	2	150,0
74	-32.75	8.75	2	150,0
74	-32.25	8.75	2	150,0
74	-31.75	8.25	2	150,0
74	-31.75	7.25	2	150,0
74	-28.25	3.75	2	150,0
74	-28.25	3.25	2	150,0
74	-28.75	3.25	2	150,0
74	-33.25	7.75	2	150,0
75	-27.25	1.75	2	150,0
75	-27.25	2.25	2	150,0
75	-26.75	2.75	2	150,0
75	-26.25	2.75	2	150,0
75	-25.75	2.25	2	150,0
75	-25.75	1.75	2	150,0
75	-26.25	1.25	2	150,0
75	-26.75	1.25	2	150,0
75	-27.25	1.75	2	150,0
82	-31.25	2.75	26	150,50
82	-31.25	3.25	26	150,50
82	-30.75	3.25	26	150,50
82	-29.75	2.25	26	150,50
82	-29.75	1.25	26	150,50
82	-29.25	0.75	26	150,50
82	-28.25	0.75	26	150,50
82	-28.25	-0.75	26	150,50
82	-29.75	-0.75	26	150,50
82	-29.75	0.25	26	150,50
82	-30.25	0.75	26	150,50
82	-30.75	0.75	26	150,50
82	-31.75	-0.25	26	150,50
82	-32.25	-0.25	26	150,50
82	-32.25	0.25	26	150,50
82	-30.75	1.75	26	150,50
82	-30.75	2.25	26	150,50
82	-31.25	2.75	26	150,50
82	-33.75	47.25	26	150,0
82	-33.75	47.75	26	150,0
82	-33.25	48.25	26	150,0
82	-32.75	48.25	26	150,0
82	-32.25	47.75	26	150,0
82	-31.75	47.75	26	150,0
82	-30.25	49.25	26	150,0
82	-28.75	49.25	26	150,0
82	-28.75	48.75	26	150,0
82	-29.25	48.25	26	150,0
82	-30.25	48.25	26	150,0
82	-30.25	47.75	26	150,0
82	-28.25	45.75	26	150,0
82	-27.75	45.75	26	150,0
82	-27.25	46.25	26	150,0
82	-27.25	46.75	26	150,0
82	-27.75	47.25	26	150,0
82	-27.75	47.75	26	150,0
82	-26.75	48.75	26	150,0
82	-26.25	48.75	26	150,0
82	-25.25	47.75	26	150,0
82	-24.75	47.75	26	150,0
82	-23.25	49.25	26	150,0
82	-22.75	49.25	26	150,0
82	-22.75	48.75	26	150,0
82	-24.25	47.25	26	150,0
82	-24.25	46.25	26	150,0
82	-24.75	45.75	26	150,0
82	-25.75	45.75	26	150,0
82	-26.75	44.75	26	150,0
82	-26.75	44.25	26	150,0
82	-26.25	43.75	26	150,0
82	-26.25	43.25	26	150,0
82	-27.25	43.25	26	150,0
82	-27.25	42.75	26	150,0
82	-25.75	41.25	26	150,0
82	-25.75	40.75	26	150,0
82	-27.25	40.75	26	150,0
82	-28.25	41.75	26	150,0
82	-29.25	41.75	26	150,0
82	-29.75	42.25	26	150,0
82	-29.75	43.25	26	150,0
82	-32.25	45.75	26	150,0
82	-33.25	45.75	26	150,0
82	-33.25	46.75	26	150,0
82	-33.75	47.25	26	150,0
83	-25.25	2.75	26	150,50
83	-25.25	3.25	26	150,50
83	-24.75	3.25	26	150,50
83	-22.75	1.25	26	150,50
83	-21.25	1.25	26	150,50
83	-20.75	1.75	26	150,50
83	-20.25	1.75	26	150,50
83	-20.25	1.25	26	150,50
83	-20.75	0.75	26	150,50
83	-20.75	-0.25	26	150,50
83	-21.25	-0.75	26	150,50
83	-23.75	-0.75	26	150,50
83	-24.25	-0.25	26	150,50
83	-24.25	0.75	26	150,50
83	-24.75	1.25	26	150,50
83	-24.75	2.25	26	150,50
83	-25.25	2.75	26	150,50
83	-22.25	49.25	26	150,0
83	-22.25	48.75	26	150,0
83	-21.25	47.75	26	150,0
83	-20.25	47.75	26	150,0
83	-20.25	46.75	26	150,0
83	-19.25	46.75	26	150,0
83	-19.25	46.25	26	150,0
83	-21.75	43.75	26	150,0
83	-21.75	43.25	26	150,0
83	-20.25	41.75	26	150,0
83	-20.25	40.25	26	150,0
83	-21.25	39.25	26	150,0
83	-21.75	39.25	26	150,0
83	-22.25	39.75	26	150,0
83	-22.75	39.75	26	150,0
83	-23.25	39.25	26	150,0
83	-23.25	38.75	26	150,0
83	-22.25	38.75	26	150,0
83	-22.25	37.25	26	150,0
83	-22.75	36.75	26	150,0
83	-23.75	36.75	26	150,0
83	-25.25	35.25	26	150,0
83	-25.25	34.75	26	150,0
83	-24.75	34.75	26	150,0
83	-23.75	35.75	26	150,0
83	-23.25	35.75	26	150,0
83	-22.75	35.25	26	150,0
83	-22.75	34.75	26	150,0
83	-23.25	34.25	26	150,0
83	-23.25	33.75	26	150,0
83	-22.75	33.25	26	150,0
83	-20.75	33.25	26	150,0
83	-18.75	31.25	26	150,0
83	-18.75	30.75	26	150,0
83	-19.75	29.75	26	150,0
83	-19.75	28.75	26	150,0
83	-20.25	28.25	26	150,0
83	-20.25	27.75	26	150,0
83	-17.25	24.75	26	150,0
83	-17.25	24.25	26	150,0
83	-18.25	23.25	26	150,0
83	-19.75	23.25	26	150,0
83	-22.25	25.75	26	150,0
83	-22.75	25.75	26	150,0
83	-22.75	25.25	26	150,0
83	-19.75	22.25	26	150,0
83	-19.75	21.75	26	150,0
83	-20.25	21.25	26	150,0
83	-20.25	20.75	26	150,0
83	-19.75	20.75	26	150,0
83	-19.25	21.25	26	150,0
83	-18.25	21.25	26	150,0
83	-18.25	22.25	26	150,0
83	-16.75	23.75	26	150,0
83	-15.75	23.75	26	150,0
83	-14.75	24.75	26	150,0
83	-14.75	25.25	26	150,0
83	-15.25	25.75	26	150,0
83	-15.25	26.25	26	150,0
83	-14.75	26.75	26	150,0
83	-14.75	28.25	26	150,0
83	-15.75	29.25	26	150,0
83	-15.75	29.75	26	150,0
83	-15.25	30.25	26	150,0
83	-14.75	30.25	26	150,0
83	-13.75	29.25	26	150,0
83	-13.25	29.25	26	150,0
83	-13.25	29.75	26	150,0
83	-14.25	30.75	26	150,0
83	-14.25	31.25	26	150,0
83	-13.75	31.25	26	150,0
83	-12.75	30.25	26	150,0
83	-12.25	30.25	26	150,0
83	-11.25	31.25	26	150,0
83	-11.25	31.75	26	150,0
83	-12.25	32.75	26	150,0
83	-12.25	33.25	26	150,0
83	-11.75	33.25	26	150,0
83	-10.75	32.25	26	150,0
83	-10.25	32.25	26	150,0
83	-8.25	34.25	26	150,0
83	-8.25	34.75	26	150,0
83	-10.25	36.75	26	150,0
83	-10.75	36.75	26	150,0
83	-12.75	34.75	26	150,0
83	-12.75	33.75	26	150,0
83	-14.75	33.75	26	150,0
83	-15.25	33.25	26	150,0
83	-15.75	33.25	26	150,0
83	-15.75	33.75	26	150,0
83	-14.75	34.75	26	150,0
83	-14.75	35.75	26	150,0
83	-14.25	36.25	26	150,0
83	-13.25	36.25	26	150,0
83	-11.75	37.75	26	150,0
83	-10.75	37.75	26	150,0
83	-10.25	38.25	26	150,0
83	-9.75	38.25	26	150,0
83	-7.25	35.75	26	150,0
83	-6.75	35.75	26	150,0
83	-5.75	36.75	26	150,0
83	-5.75	37.75	26	150,0
83	-4.75	37.75	26	150,0
83	-0.25	42.25	26	150,0
83	-0.25	42.75	26	150,0
83	-1.25	43.75	26	150,0
83	-2.25	43.75	26	150,0
83	-2.25	44.75	26	150,0
83	-2.75	44.75	26	150,0
83	-4.75	42.75	26	150,0
83	-5.25	42.75	26	150,0
83	-6.25	43.75	26	150,0
83	-6.25	44.25	26	150,0
83	-5.75	44.75	26	150,0
83	-5.75	45.25	26	150,0
83	-6.25	45.25	26	150,0
83	-6.75	44.75	26	150,0
83	-7.25	44.75	26	150,0
83	-7.25	45.25	26	150,0
83	-5.75	46.75	26	150,0
83	-5.25	46.75	26	150,0
83	-5.25	45.75	26	150,0
83	-4.75	45.75	26	150,0
83	-3.75	46.75	26	150,0
83	-3.75	48.25	26	150,0
83	-4.25	48.25	26	150,0
83	-4.75	47.75	26	150,0
83	-5.25	47.75	26	150,0
83	-5.75	48.25	26	150,0
83	-6.25	48.25	26	150,0
83	-8.25	46.25	26	150,0
83	-8.75	46.25	26	150,0
83	-11.75	49.25	26	150,0
83	-16.25	49.25	26	150,0
83	-18.25	47.25	26	150,0
83	-18.75	47.25	26	150,0
83	-18.75	48.25	26	150,0
83	-19.25	48.75	26	150,0
83	-20.25	48.75	26	150,0
83	-20.75	49.25	26	150,0
83	-22.25	49.25	26	150,0
84	-15.75	-0.75	26	150,50
84	-15.75	-0.25	26	150,50
84	-14.75	0.75	26	150,50
84	-13.25	0.75	26	150,50
84	-12.25	-0.25	26	150,50
84	-12.25	-0.75	26	150,50
84	-15.75	-0.75	26	150,50
183	-37.75	43.25	83	150,0
183	-37.75	43.75	83	150,0
183	-37.25	44.25	83	150,0
183	-36.75	44.25	83	150,0
183	-32.75	40.25	83	150,0
183	-32.75	39.75	83	150,0
183	-33.75	38.75	83	150,0
183	-34.25	38.75	83	150,0
183	-36.25	40.75	83	150,0
183	-36.25	41.75	83	150,0
183	-36.75	42.25	83	150,0
183	-37.75	42.25	83	150,0
183	-37.75	43.25	83	150,0
103	-14.75	16.25	39	150,50
103	-14.75	16.75	39	150,50
103	-11.75	19.75	39	150,50
103	-11.25	19.75	39	150,50
103	-3.75	12.25	39	150,50
103	-3.75	11.75	39	150,50
103	-6.25	9.25	39	150,50
103	-6.75	9.25	39	150,50
103	-7.75	10.25	39	150,50
103	-8.75	10.25	39	150,50
103	-9.75	11.25	39	150,50
103	-9.75	12.25	39	150,50
103	-10.75	12.25	39	150,50
103	-14.75	16.25	39	150,50
45	-2.25	28.75	123	150,50
45	-2.25	29.25	123	150,50
45	0.75	32.25	123	150,50
45	1.25	32.25	123	150,50
45	1.75	31.75	123	150,50
45	1.75	31.25	123	150,50
45	1.25	30.75	123	150,50
45	1.25	30.25	123	150,50
45	3.25	30.25	123	150,50
45	4.75	28.75	123	150,50
45	4.75	28.25	123	150,50
45	4.25	27.75	123	150,50
45	4.25	26.25	123	150,50
45	4.75	25.75	123	150,50
45	4.75	19.25	123	150,50
45	3.25	19.25	123	150,50
45	2.75	19.75	123	150,50
45	1.75	19.75	123	150,50
45	1.75	20.75	123	150,50
45	1.25	21.25	123	150,50
45	1.25	21.75	123	150,50
45	2.75	23.25	123	150,50
45	2.75	24.25	123	150,50
45	3.25	24.75	123	150,50
45	3.25	25.25	123	150,50
45	1.75	26.75	123	150,50
45	1.25	26.75	123	150,50
45	1.25	26.25	123	150,50
45	1.75	25.75	123	150,50
45	1.75	25.25	123	150,50
45	1.25	25.25	123	150,50
45	-1.25	27.75	123	150,50
45	-1.75	27.75	123	150,50
45	-2.75	26.75	123	150,50
45	-3.25	26.75	123	150,50
45	-3.25	27.25	123	150,50
45	-2.25	28.25	123	150,50
45	-2.25	28.75	123	150,50
45	-45.25	25.75	123	200,50
45	-45.25	26.25	123	200,50
45	-44.25	27.25	123	200,50
45	-43.75	27.25	123	200,50
45	-42.25	25.75	123	200,50
45	-42.25	24.75	123	200,50
45	-41.75	24.25	123	200,50
45	-41.75	23.75	123	200,50
45	-42.75	22.75	123	200,50
45	-42.75	22.25	123	200,50
45	-42.25	22.25	123	200,50
45	-41.75	22.75	123	200,50
45	-40.25	22.75	123	200,50
45	-39.25	21.75	123	200,50
45	-39.25	20.75	123	200,50
45	-38.75	20.25	123	200,50
45	-38.75	19.75	123	200,50
45	-39.25	19.25	123	200,50
45	-39.25	18.75	123	200,50
45	-38.75	18.25	123	200,50
45	-38.75	17.75	123	200,50
45	-39.25	17.75	123	200,50
45	-39.75	18.25	123	200,50
45	-40.25	18.25	123	200,50
45	-40.75	17.75	123	200,50
45	-41.25	17.75	123	200,50
45	-41.25	18.75	123	200,50
45	-42.25	18.75	123	200,50
45	-43.75	20.25	123	200,50
45	-43.75	21.25	123	200,50
45	-44.25	21.25	123	200,50
45	-44.75	20.75	123	200,50
45	-45.25	20.75	123	200,50
45	-45.25	25.75	123	200,50
195	-29.25	-0.25	90	100,0
195	-29.25	0.25	90	100,0
195	-27.25	2.25	90	100,0
195	-26.75	2.25	90	100,0
195	-25.25	0.75	90	100,0
195	-23.75	0.75	90	100,0
195	-23.25	1.25	90	100,0
195	-22.75	1.25	90	100,0
195	-22.25	0.75	90	100,0
195	-18.75	0.75	90	100,0
195	-18.25	1.25	90	100,0
195	-17.75	1.25	90	100,0
195	-17.25	0.75	90	100,0
195	-12.75	0.75	90	100,0
195	-12.25	1.25	90	100,0
195	-11.75	1.25	90	100,0
195	-11.25	0.75	90	100,0
195	-10.25	0.75	90	100,0
195	-9.75	0.25	90	100,0
195	-9.75	-0.25	90	100,0
195	-29.25	-0.25	90	100,0
128	-18.75	3.25	53	100,0
128	-18.75	3.75	53	100,0
128	-17.75	4.75	53	100,0
128	-17.25	4.75	53	100,0
128	-14.25	1.75	53	100,0
128	-13.75	1.75	53	100,0
128	-12.75	2.75	53	100,0
128	-10.75	2.75	53	100,0
128	-10.25	3.25	53	100,0
128	-9.75	3.25	53	100,0
128	-9.25	2.75	53	100,0
128	-8.75	2.75	53	100,0
128	-7.75	3.75	53	100,0
128	-7.25	3.75	53	100,0
128	-7.25	2.75	53	100,0
128	-6.25	2.75	53	100,0
128	-4.75	1.25	53	100,0
128	-4.75	0.75	53	100,0
128	-8.75	0.75	53	100,0
128	-9.25	0.25	53	100,0
128	-9.75	0.25	53	100,0
128	-10.25	0.75	53	100,0
128	-11.25	0.75	53	100,0
128	-11.75	1.25	53	100,0
128	-12.25	1.25	53	100,0
128	-12.75	0.75	53	100,0
128	-17.25	0.75	53	100,0
128	-17.75	1.25	53	100,0
128	-18.25	1.25	53	100,0
128	-18.75	0.75	53	100,0
128	-20.25	0.75	53	100,0
128	-20.25	1.25	53	100,0
128	-18.75	2.75	53	100,0
128	-18.75	3.25	53	100,0
46	-45.25	18.75	123	200,50
46	-45.25	19.25	123	200,50
46	-44.75	19.25	123	200,50
46	-44.75	18.75	123	200,50
46	-45.25	18.75	123	200,50
122	-32.75	37.25	49	150,0
122	-32.75	37.75	49	150,0
122	-31.75	38.75	49	150,0
122	-31.25	38.75	49	150,0
122	-25.75	33.25	49	150,0
122	-25.75	32.25	49	150,0
122	-25.25	31.75	49	150,0
122	-25.25	31.25	49	150,0
122	-26.75	31.25	49	150,0
122	-32.75	37.25	49	150,0
108	-9.25	-0.25	42	100,0
108	-9.25	0.25	42	100,0
108	-8.75	0.75	42	100,0
108	-3.75	0.75	42	100,0
108	-2.75	1.75	42	100,0
108	-2.25	1.75	42	100,0
108	-1.25	0.75	42	100,0
108	4.75	0.75	42	100,0
108	5.25	0.25	42	100,0
108	5.25	-0.25	42	100,0
108	-9.25	-0.25	42	100,0
108	-44.75	0.25	42	150,0
108	-44.75	0.75	42	150,0
108	-32.25	0.75	42	150,0
108	-31.75	0.25	42	150,0
108	-31.75	-0.25	42	150,0
108	-44.25	-0.25	42	150,0
108	-44.75	0.25	42	150,0
207	2.75	9.75	99	150,50
207	2.75	10.25	99	150,50
207	3.25	10.25	99	150,50
207	3.75	9.75	99	150,50
207	4.75	9.75	99	150,50
207	4.75	9.25	99	150,50
207	3.75	8.25	99	150,50
207	3.25	8.25	99	150,50
207	2.75	8.75	99	150,50
207	2.75	9.75	99	150,50
207	-45.25	9.75	99	200,50
207	-45.25	10.25	99	200,50
207	-44.25	10.25	99	200,50
207	-42.25	12.25	99	200,50
207	-41.75	12.25	99	200,50
207	-41.25	11.75	99	200,50
207	-41.25	11.25	99	200,50
207	-43.25	9.25	99	200,50
207	-43.25	8.75	99	200,50
207	-42.75	8.75	99	200,50
207	-41.75	9.75	99	200,50
207	-41.25	9.75	99	200,50
207	-40.75	9.25	99	200,50
207	-40.75	8.75	99	200,50
207	-41.75	7.75	99	200,50
207	-41.75	7.25	99	200,50
207	-41.25	7.25	99	200,50
207	-39.75	8.75	99	200,50
207	-39.75	9.25	99	200,50
207	-40.25	9.75	99	200,50
207	-40.25	10.25	99	200,50
207	-38.75	10.25	99	200,50
207	-38.25	9.75	99	200,50
207	-38.25	8.75	99	200,50
207	-36.75	7.25	99	200,50
207	-36.25	7.25	99	200,50
207	-35.75	7.75	99	200,50
207	-34.25	7.75	99	200,50
207	-34.25	7.25	99	200,50
207	-38.75	2.75	99	200,50
207	-38.75	2.25	99	200,50
207	-37.25	0.75	99	200,50
207	-36.25	0.75	99	200,50
207	-35.75	0.25	99	200,50
207	-34.25	0.25	99	200,50
207	-32.25	2.25	99	200,50
207	-32.25	2.75	99	200,50
207	-33.25	3.75	99	200,50
207	-33.25	4.25	99	200,50
207	-32.75	4.25	99	200,50
207	-32.25	3.75	99	200,50
207	-31.75	3.75	99	200,50
207	-31.75	6.25	99	200,50
207	-33.25	7.75	99	200,50
207	-33.25	8.25	99	200,50
207	-32.25	8.25	99	200,50
207	-29.25	11.25	99	200,50
207	-28.75	11.25	99	200,50
207	-27.25	9.75	99	200,50
207	-26.25	9.75	99	200,50
207	-26.25	8.75	99	200,50
207	-25.75	8.75	99	200,50
207	-25.25	9.25	99	200,50
207	-25.25	9.75	99	200,50
207	-27.75	12.25	99	200,50
207	-27.75	15.25	99	200,50
207	-28.75	16.25	99	200,50
207	-28.75	16.75	99	200,50
207	-27.25	18.25	99	200,50
207	-26.75	18.25	99	200,50
207	-26.25	17.75	99	200,50
207	-25.75	17.75	99	200,50
207	-25.25	18.25	99	200,50
207	-24.75	18.25	99	200,50
207	-24.75	16.75	99	200,50
207	-26.75	14.75	99	200,50
207	-26.75	14.25	99	200,50
207	-23.75	11.25	99	200,50
207	-22.75	11.25	99	200,50
207	-22.75	10.25	99	200,50
207	-22.25	9.75	99	200,50
207	-21.75	9.75	99	200,50
207	-21.25	10.25	99	200,50
207	-21.25	11.25	99	200,50
207	-20.75	11.75	99	200,50
207	-20.75	12.25	99	200,50
207	-21.25	12.25	99	200,50
207	-21.75	11.75	99	200,50
207	-22.25	11.75	99	200,50
207	-22.25	12.25	99	200,50
207	-21.25	13.25	99	200,50
207	-20.75	13.25	99	200,50
207	-19.75	12.25	99	200,50
207	-19.25	12.25	99	200,50
207	-19.25	12.75	99	200,50
207	-19.75	13.25	99	200,50
207	-19.75	13.75	99	200,50
207	-19.25	14.25	99	200,50
207	-19.25	15.75	99	200,50
207	-20.75	17.25	99	200,50
207	-20.75	17.75	99	200,50
207	-20.25	17.75	99	200,50
207	-19.25	16.75	99	200,50
207	-18.25	16.75	99	200,50
207	-18.25	15.75	99	200,50
207	-17.75	15.25	99	200,50
207	-16.75	15.25	99	200,50
207	-15.75	14.25	99	200,50
207	-15.75	13.75	99	200,50
207	-30.25	-0.75	99	200,50
207	-42.75	-0.75	99	200,50
207	-42.75	-0.25	99	200,50
207	-41.25	1.25	99	200,50
207	-41.25	2.25	99	200,50
207	-40.25	2.25	99	200,50
207	-39.75	2.75	99	200,50
207	-39.75	3.25	99	200,50
207	-41.75	5.25	99	200,50
207	-41.75	6.25	99	200,50
207	-42.25	6.25	99	200,50
207	-43.25	5.25	99	200,50
207	-43.75	5.25	99	200,50
207	-43.75	5.75	99	200,50
207	-43.25	6.25	99	200,50
207	-43.25	6.75	99	200,50
207	-45.25	8.75	99	200,50
207	-45.25	9.75	99	200,50
207	-14.75	35.25	99	150,0
207	-14.75	35.75	99	150,0
207	-14.25	36.25	99	150,0
207	-13.25	36.25	99	150,0
207	-11.75	37.75	99	150,0
207	-10.75	37.75	99	150,0
207	-10.25	38.25	99	150,0
207	-9.75	38.25	99	150,0
207	-7.25	35.75	99	150,0
207	-6.75	35.75	99	150,0
207	-5.75	36.75	99	150,0
207	-5.75	37.75	99	150,0
207	-4.75	37.75	99	150,0
207	-2.75	39.75	99	150,0
207	-2.25	39.75	99	150,0
207	2.75	34.75	99	150,0
207	3.25	34.75	99	150,0
207	4.25	35.75	99	150,0
207	4.75	35.75	99	150,0
207	4.75	34.25	99	150,0
207	-10.75	18.75	99	150,0
207	-11.25	18.75	99	150,0
207	-11.75	19.25	99	150,0
207	-12.25	19.25	99	150,0
207	-13.25	18.25	99	150,0
207	-13.25	17.75	99	150,0
207	-12.75	17.25	99	150,0
207	-12.75	16.75	99	150,0
207	-13.75	15.75	99	150,0
207	-14.25	15.75	99	150,0
207	-14.25	16.75	99	150,0
207	-14.75	16.75	99	150,0
207	-15.25	16.25	99	150,0
207	-15.75	16.25	99	150,0
207	-16.25	16.75	99	150,0
207	-16.25	17.25	99	150,0
207	-15.75	17.75	99	150,0
207	-15.75	18.25	99	150,0
207	-17.75	18.25	99	150,0
207	-19.75	20.25	99	150,0
207	-19.75	20.75	99	150,0
207	-19.25	21.25	99	150,0
207	-18.25	21.25	99	150,0
207	-18.25	22.25	99	150,0
207	-16.75	23.75	99	150,0
207	-15.75	23.75	99	150,0
207	-14.75	24.75	99	150,0
207	-14.75	25.25	99	150,0
207	-15.25	25.75	99	150,0
207	-15.25	26.25	99	150,0
207	-14.75	26.75	99	150,0
207	-14.75	28.25	99	150,0
207	-15.75	29.25	99	150,0
207	-15.75	29.75	99	150,0
207	-15.25	30.25	99	150,0
207	-14.75	30.25	99	150,0
207	-13.75	29.25	99	150,0
207	-13.25	29.25	99	150,0
207	-13.25	29.75	99	150,0
207	-14.25	30.75	99	150,0
207	-14.25	31.25	99	150,0
207	-13.75	31.25	99	150,0
207	-12.75	30.25	99	150,0
207	-12.25	30.25	99	150,0
207	-11.25	31.25	99	150,0
207	-11.25	31.75	99	150,0
207	-12.25	32.75	99	150,0
207	-12.25	33.25	99	150,0
207	-11.75	33.25	99	150,0
207	-10.75	32.25	99	150,0
207	-10.25	32.25	99	150,0
207	-8.25	34.25	99	150,0
207	-8.25	34.75	99	150,0
207	-10.25	36.75	99	150,0
207	-10.75	36.75	99	150,0
207	-12.75	34.75	99	150,0
207	-12.75	33.75	99	150,0
207	-14.75	33.75	99	150,0
207	-15.25	33.25	99	150,0
207	-15.75	33.25	99	150,0
207	-15.75	33.75	99	150,0
207	-14.75	34.75	99	150,0
207	-14.75	35.25	99	150,0
207	-45.25	46.75	99	200,0
207	-45.25	47.25	99	200,0
207	-43.25	49.25	99	200,0
207	-30.75	49.25	99	200,0
207	-30.75	48.75	99	200,0
207	-35.75	43.75	99	200,0
207	-36.25	43.75	99	200,0
207	-36.25	44.75	99	200,0
207	-36.75	44.75	99	200,0
207	-39.75	41.75	99	200,0
207	-39.75	41.25	99	200,0
207	-38.75	41.25	99	200,0
207	-38.75	40.75	99	200,0
207	-44.75	34.75	99	200,0
207	-45.25	34.75	99	200,0
207	-45.25	36.25	99	200,0
207	-44.75	36.75	99	200,0
207	-44.75	38.75	99	200,0
207	-44.25	38.75	99	200,0
207	-43.75	38.25	99	200,0
207	-43.25	38.25	99	200,0
207	-42.25	39.25	99	200,0
207	-42.25	39.75	99	200,0
207	-42.75	40.25	99	200,0
207	-42.75	40.75	99	200,0
207	-42.25	41.25	99	200,0
207	-41.25	41.25	99	200,0
207	-41.25	41.75	99	200,0
207	-45.25	45.75	99	200,0
207	-45.25	46.75	99	200,0
180	-24.75	29.25	80	150,0
180	-24.75	29.75	80	150,0
180	-23.75	30.75	80	150,0
180	-23.25	30.75	80	150,0
180	-21.25	28.75	80	150,0
180	-21.25	27.75	80	150,0
180	-20.25	27.75	80	150,0
180	-17.25	24.75	80	150,0
180	-17.25	24.25	80	150,0
180	-18.25	23.25	80	150,0
180	-18.75	23.25	80	150,0
180	-24.75	29.25	80	150,0
87	-1.25	2.75	29	150,50
87	-1.25	3.25	29	150,50
87	1.25	5.75	29	150,50
87	1.75	5.75	29	150,50
87	4.75	2.75	29	150,50
87	4.75	-0.75	29	150,50
87	2.25	-0.75	29	150,50
87	-1.25	2.75	29	150,50
87	-45.25	1.75	29	200,50
87	-45.25	2.25	29	200,50
87	-44.75	2.25	29	200,50
87	-42.75	0.25	29	200,50
87	-42.75	-0.25	29	200,50
87	-43.25	-0.75	29	200,50
87	-44.75	-0.75	29	200,50
87	-45.25	-0.25	29	200,50
87	-45.25	1.75	29	200,50
87	2.75	48.75	29	150,0
87	2.75	49.25	29	150,0
87	4.25	49.25	29	150,0
87	4.75	48.75	29	150,0
87	4.75	47.25	29	150,0
87	4.25	47.25	29	150,0
87	2.75	48.75	29	150,0
87	-45.25	48.75	29	200,0
87	-45.25	49.25	29	200,0
87	-43.75	49.25	29	200,0
87	-43.75	48.75	29	200,0
87	-44.75	47.75	29	200,0
87	-45.25	47.75	29	200,0
87	-45.25	48.75	29	200,0
184	-38.75	15.25	84	200,50
184	-38.75	15.75	84	200,50
184	-36.75	17.75	84	200,50
184	-35.25	17.75	84	200,50
184	-35.25	16.75	84	200,50
184	-34.25	16.75	84	200,50
184	-33.75	16.25	84	200,50
184	-33.75	15.75	84	200,50
184	-34.75	14.75	84	200,50
184	-34.75	14.25	84	200,50
184	-34.25	14.25	84	200,50
184	-33.75	14.75	84	200,50
184	-32.75	14.75	84	200,50
184	-32.25	15.25	84	200,50
184	-31.75	15.25	84	200,50
184	-29.75	13.25	84	200,50
184	-29.75	12.75	84	200,50
184	-33.75	8.75	84	200,50
184	-35.25	8.75	84	200,50
184	-35.75	9.25	84	200,50
184	-36.75	9.25	84	200,50
184	-37.25	9.75	84	200,50
184	-37.25	10.25	84	200,50
184	-35.75	11.75	84	200,50
184	-35.75	13.25	84	200,50
184	-36.75	13.25	84	200,50
184	-38.75	15.25	84	200,50
140	-39.25	10.75	63	150,0
140	-39.25	11.25	63	150,0
140	-38.75	11.25	63	150,0
140	-30.25	2.75	63	150,0
140	-30.25	2.25	63	150,0
140	-30.75	1.75	63	150,0
140	-31.25	1.75	63	150,0
140	-39.25	9.75	63	150,0
140	-39.25	10.75	63	150,0
208	-3.25	45.75	99	150,0
208	-3.25	46.25	99	150,0
208	-2.75	46.75	99	150,0
208	-1.75	46.75	99	150,0
208	-0.75	47.75	99	150,0
208	-0.75	48.75	99	150,0
208	-0.25	49.25	99	150,0
208	1.25	49.25	99	150,0
208	3.75	46.75	99	150,0
208	4.75	46.75	99	150,0
208	4.75	46.25	99	150,0
208	3.25	44.75	99	150,0
208	2.25	44.75	99	150,0
208	1.25	43.75	99	150,0
208	0.75	43.75	99	150,0
208	-1.25	45.75	99	150,0
208	-3.25	45.75	99	150,0
81	-40.75	8.25	25	150,0
81	-40.75	8.75	25	150,0
81	-39.25	8.75	25	150,0
81	-36.75	6.25	25	150,0
81	-35.75	6.25	25	150,0
81	-31.25	1.75	25	150,0
81	-30.75	1.75	25	150,0
81	-30.25	2.25	25	150,0
81	-29.75	2.25	25	150,0
81	-27.75	0.25	25	150,0
81	-27.75	-0.25	25	150,0
81	-29.25	-0.25	25	150,0
81	-30.25	0.75	25	150,0
81	-30.75	0.75	25	150,0
81	-31.25	0.25	25	150,0
81	-31.75	0.25	25	150,0
81	-32.25	0.75	25	150,0
81	-41.25	0.75	25	150,0
81	-41.25	1.25	25	150,0
81	-38.75	3.75	25	150,0
81	-38.75	4.25	25	150,0
81	-39.75	5.25	25	150,0
81	-39.75	5.75	25	150,0
81	-39.25	5.75	25	150,0
81	-38.25	4.75	25	150,0
81	-37.75	4.75	25	150,0
81	-37.25	5.25	25	150,0
81	-37.25	5.75	25	150,0
81	-39.25	7.75	25	150,0
81	-40.25	7.75	25	150,0
81	-40.75	8.25	25	150,0
117	-23.25	18.75	46	150,0
117	-23.25	19.25	46	150,0
117	-22.75	19.75	46	150,0
117	-22.25	19.75	46	150,0
117	-16.25	13.75	46	150,0
117	-15.75	13.75	46	150,0
117	-15.75	14.25	46	150,0
117	-21.75	20.25	46	150,0
117	-21.75	20.75	46	150,0
117	-20.25	22.25	46	150,0
117	-19.75	22.25	46	150,0
117	-19.75	21.75	46	150,0
117	-20.25	21.25	46	150,0
117	-20.25	20.75	46	150,0
117	-17.75	18.25	46	150,0
117	-15.75	18.25	46	150,0
117	-15.75	17.75	46	150,0
117	-16.25	17.25	46	150,0
117	-16.25	16.75	46	150,0
117	-15.75	16.25	46	150,0
117	-15.25	16.25	46	150,0
117	-14.75	16.75	46	150,0
117	-14.25	16.75	46	150,0
117	-14.25	15.75	46	150,0
117	-13.75	15.75	46	150,0
117	-12.75	16.75	46	150,0
117	-12.75	17.25	46	150,0
117	-13.25	17.75	46	150,0
117	-13.25	18.25	46	150,0
117	-12.25	19.25	46	150,0
117	-11.75	19.25	46	150,0
117	-11.25	18.75	46	150,0
117	-10.75	18.75	46	150,0
117	3.75	33.25	46	150,0
117	4.25	33.25	46	150,0
117	4.75	32.75	46	150,0
117	4.75	32.25	46	150,0
117	-15.75	11.75	46	150,0
117	-16.25	11.75	46	150,0
117	-23.25	18.75	46	150,0
117	-45.25	32.75	46	200,0
117	-45.25	33.25	46	200,0
117	-44.75	33.25	46	200,0
117	-44.75	32.75	46	200,0
117	-45.25	32.75	46	200,0
58	-31.75	7.25	133	150,0
58	-31.75	7.75	133	150,0
58	-31.25	7.75	133	150,0
58	-26.75	3.25	133	150,0
58	-26.75	2.75	133	150,0
58	-27.25	2.25	133	150,0
58	-27.75	2.25	133	150,0
58	-28.25	2.75	133	150,0
58	-28.25	3.75	133	150,0
58	-31.75	7.25	133	150,0
59	-22.75	16.25	133	150,0
59	-22.75	16.75	133	150,0
59	-22.25	16.75	133	150,0
59	-17.75	12.25	133	150,0
59	-17.75	11.75	133	150,0
59	-18.25	11.75	133	150,0
59	-22.75	16.25	133	150,0
35	-31.25	-0.25	115	150,0
35	-31.25	0.25	115	150,0
35	-30.75	0.75	115	150,0
35	-30.25	0.75	115	150,0
35	-29.75	0.25	115	150,0
35	-29.75	-0.25	115	150,0
35	-31.25	-0.25	115	150,0
94	-39.75	41.25	33	200,0
94	-39.75	41.75	33	200,0
94	-36.75	44.75	33	200,0
94	-36.25	44.75	33	200,0
94	-36.25	43.75	33	200,0
94	-35.75	43.75	33	200,0
94	-30.25	49.25	33	200,0
94	-28.75	49.25	33	200,0
94	-28.75	48.75	33	200,0
94	-44.25	33.25	33	200,0
94	-44.75	33.25	33	200,0
94	-45.25	33.75	33	200,0
94	-45.25	34.25	33	200,0
94	-38.75	40.75	33	200,0
94	-38.75	41.25	33	200,0
94	-39.75	41.25	33	200,0
94	4.25	33.25	33	150,0
94	4.25	33.75	33	150,0
94	4.75	33.75	33	150,0
94	4.75	33.25	33	150,0
94	4.25	33.25	33	150,0
94	-29.75	-0.75	33	200,50
94	-29.75	-0.25	33	200,50
94	-15.25	14.25	33	200,50
94	-14.75	14.25	33	200,50
94	-14.25	13.75	33	200,50
94	-14.25	13.25	33	200,50
94	-28.25	-0.75	33	200,50
94	-29.75	-0.75	33	200,50
8	-26.25	0.75	100	150,0
8	-26.25	1.25	100	150,0
8	-25.75	1.75	100	150,0
8	-25.25	1.75	100	150,0
8	-24.75	1.25	100	150,0
8	-24.75	0.75	100	150,0
8	-26.25	0.75	100	150,0
8	-44.75	32.25	100	200,0
8	-44.75	32.75	100	200,0
8	-43.25	34.25	100	200,0
8	-42.75	34.25	100	200,0
8	-42.75	33.75	100	200,0
8	-43.75	32.75	100	200,0
8	-43.75	31.75	100	200,0
8	-44.25	31.75	100	200,0
8	-44.75	32.25	100	200,0
8	-27.75	-0.75	100	200,50
8	-27.75	-0.25	100	200,50
8	-27.25	0.25	100	200,50
8	-26.75	0.25	100	200,50
8	-26.75	-0.25	100	200,50
8	-27.25	-0.75	100	200,50
8	-27.75	-0.75	100	200,50
10	-16.75	10.25	100	150,0
10	-16.75	10.75	100	150,0
10	-15.75	11.75	100	150,0
10	-15.25	11.75	100	150,0
10	-15.25	10.25	100	150,0
10	-16.75	10.25	100	150,0
10	-42.25	34.75	100	200,0
10	-42.25	35.25	100	200,0
10	-41.75	35.25	100	200,0
10	-41.75	34.75	100	200,0
10	-42.25	34.75	100	200,0
10	-24.75	2.25	100	200,50
10	-24.75	2.75	100	200,50
10	-23.75	3.75	100	200,50
10	-23.25	3.75	100	200,50
10	-23.25	3.25	100	200,50
10	-24.25	2.25	100	200,50
10	-24.75	2.25	100	200,50
11	-14.75	12.25	100	150,0
11	-14.75	12.75	100	150,0
11	-14.25	12.75	100	150,0
11	-14.25	12.25	100	150,0
11	-14.75	12.25	100	150,0
11	-40.75	36.25	100	200,0
11	-40.75	36.75	100	200,0
11	-39.25	38.25	100	200,0
11	-38.75	38.25	100	200,0
11	-38.75	37.75	100	200,0
11	-40.25	36.25	100	200,0
11	-40.75	36.25	100	200,0
11	-22.75	4.25	100	200,50
11	-22.75	4.75	100	200,50
11	-21.25	6.25	100	200,50
11	-20.75	6.25	100	200,50
11	-20.25	5.75	100	200,50
11	-20.25	5.25	100	200,50
11	-20.75	4.75	100	200,50
11	-21.75	4.75	100	200,50
11	-22.25	4.25	100	200,50
11	-22.75	4.25	100	200,50
12	-13.25	13.75	100	150,0
12	-13.25	14.25	100	150,0
12	-12.75	14.25	100	150,0
12	-12.75	13.75	100	150,0
12	-13.25	13.75	100	150,0
12	-38.25	38.75	100	200,0
12	-38.25	39.25	100	200,0
12	-37.75	39.75	100	200,0
12	-37.25	39.75	100	200,0
12	-37.25	39.25	100	200,0
12	-37.75	38.75	100	200,0
12	-38.25	38.75	100	200,0
12	-20.25	6.75	100	200,50
12	-20.25	7.25	100	200,50
12	-18.75	8.75	100	200,50
12	-18.25	8.75	100	200,50
12	-18.25	7.25	100	200,50
12	-19.25	7.25	100	200,50
12	-19.75	6.75	100	200,50
12	-20.25	6.75	100	200,50
13	-12.25	14.75	100	150,0
13	-12.25	15.25	100	150,0
13	-11.75	15.25	100	150,0
13	-11.75	14.75	100	150,0
13	-12.25	14.75	100	150,0
13	-36.75	40.25	100	200,0
13	-36.75	40.75	100	200,0
13	-36.25	40.75	100	200,0
13	-36.25	40.25	100	200,0
13	-36.75	40.25	100	200,0
13	-17.75	9.25	100	200,50
13	-17.75	9.75	100	200,50
13	-17.25	10.25	100	200,50
13	-16.75	10.25	100	200,50
13	-16.25	9.75	100	200,50
13	-16.25	9.25	100	200,50
13	-17.75	9.25	100	200,50
14	-9.75	17.25	100	150,0
14	-9.75	17.75	100	150,0
14	-4.25	23.25	100	150,0
14	-3.75	23.25	100	150,0
14	-3.75	22.75	100	150,0
14	-9.25	17.25	100	150,0
14	-9.75	17.25	100	150,0
14	-35.75	41.25	100	200,0
14	-35.75	41.75	100	200,0
14	-35.25	41.75	100	200,0
14	-35.25	41.25	100	200,0
14	-35.75	41.25	100	200,0
14	-15.75	11.25	100	200,50
14	-15.75	11.75	100	200,50
14	-14.25	13.25	100	200,50
14	-13.75	13.25	100	200,50
14	-13.75	12.75	100	200,50
14	-15.25	11.25	100	200,50
14	-15.75	11.25	100	200,50
15	-2.75	24.25	100	150,0
15	-2.75	24.75	100	150,0
15	-1.75	25.75	100	150,0
15	-1.25	25.75	100	150,0
15	-1.25	25.25	100	150,0
15	-2.25	24.25	100	150,0
15	-2.75	24.25	100	150,0
15	-33.75	43.25	100	200,0
15	-33.75	43.75	100	200,0
15	-33.25	44.25	100	200,0
15	-32.75	44.25	100	200,0
15	-32.75	43.75	100	200,0
15	-33.25	43.25	100	200,0
15	-33.75	43.25	100	200,0
16	-0.75	26.25	100	150,0
16	-0.75	26.75	100	150,0
16	2.25	29.75	100	150,0
16	2.75	29.75	100	150,0
16	3.25	29.25	100	150,0
16	3.25	28.75	100	150,0
16	2.25	28.75	100	150,0
16	1.75	28.25	100	150,0
16	1.75	27.25	100	150,0
16	0.75	27.25	100	150,0
16	-0.25	26.25	100	150,0
16	-0.75	26.25	100	150,0
16	-32.25	44.75	100	200,0
16	-32.25	45.25	100	200,0
16	-28.75	48.75	100	200,0
16	-28.25	48.75	100	200,0
16	-28.25	48.25	100	200,0
16	-31.75	44.75	100	200,0
16	-32.25	44.75	100	200,0
17	3.25	30.25	100	150,0
17	3.25	30.75	100	150,0
17	3.75	31.25	100	150,0
17	4.25	31.25	100	150,0
17	4.25	30.75	100	150,0
17	3.75	30.25	100	150,0
17	3.25	30.25	100	150,0
9	-12.75	12.25	100	150,0
9	-12.75	12.75	100	150,0
9	-11.75	13.75	100	150,0
9	-11.25	13.75	100	150,0
9	-11.25	13.25	100	150,0
9	-12.25	12.25	100	150,0
9	-12.75	12.25	100	150,0
97	-25.25	-0.25	36	150,0
97	-25.25	0.25	36	150,0
97	-24.75	0.75	36	150,0
97	-24.25	0.75	36	150,0
97	-23.75	0.25	36	150,0
97	-23.75	-0.25	36	150,0
97	-25.25	-0.25	36	150,0
97	-45.25	1.75	36	200,0
97	-45.25	2.25	36	200,0
97	-43.75	3.75	36	200,0
97	-43.25	3.75	36	200,0
97	-43.25	3.25	36	200,0
97	-43.75	2.75	36	200,0
97	-43.75	1.75	36	200,0
97	-44.75	0.75	36	200,0
97	-45.25	0.75	36	200,0
97	-45.25	1.75	36	200,0
98	-15.25	8.75	36	150,0
98	-15.25	9.25	36	150,0
98	-14.75	9.25	36	150,0
98	-14.75	8.75	36	150,0
98	-15.25	8.75	36	150,0
99	-6.25	-0.25	36	150,0
99	-6.25	0.25	36	150,0
99	-5.25	1.25	36	150,0
99	-4.75	1.25	36	150,0
99	-4.25	0.75	36	150,0
99	-3.75	0.75	36	150,0
99	-1.25	3.25	36	150,0
99	-0.75	3.25	36	150,0
99	-0.75	2.25	36	150,0
99	-0.25	2.25	36	150,0
99	1.25	3.75	36	150,0
99	1.75	3.75	36	150,0
99	1.75	3.25	36	150,0
99	0.75	2.25	36	150,0
99	0.75	1.75	36	150,0
99	1.25	1.75	36	150,0
99	3.25	3.75	36	150,0
99	3.75	3.75	36	150,0
99	4.75	2.75	36	150,0
99	4.75	1.25	36	150,0
99	4.25	0.75	36	150,0
99	3.25	0.75	36	150,0
99	2.75	0.25	36	150,0
99	2.25	0.25	36	150,0
99	1.75	0.75	36	150,0
99	0.25	0.75	36	150,0
99	-0.75	-0.25	36	150,0
99	-6.25	-0.25	36	150,0
105	-15.75	9.25	40	150,0
105	-15.75	9.75	40	150,0
105	-13.25	12.25	40	150,0
105	-12.25	12.25	40	150,0
105	-11.25	13.25	40	150,0
105	-11.25	14.25	40	150,0
105	4.25	29.75	40	150,0
105	4.75	29.75	40	150,0
105	4.75	29.25	40	150,0
105	-8.25	16.25	40	150,0
105	-8.25	15.25	40	150,0
105	-12.25	11.25	40	150,0
105	-13.25	11.25	40	150,0
105	-13.25	10.25	40	150,0
105	-14.25	9.25	40	150,0
105	-15.75	9.25	40	150,0
105	-45.25	29.75	40	200,0
105	-45.25	30.25	40	200,0
105	-26.25	49.25	40	200,0
105	-25.75	49.25	40	200,0
105	-25.75	48.75	40	200,0
105	-33.25	41.25	40	200,0
105	-33.25	40.25	40	200,0
105	-35.25	38.25	40	200,0
105	-36.25	38.25	40	200,0
105	-44.75	29.75	40	200,0
105	-45.25	29.75	40	200,0
105	-25.75	-0.75	40	200,50
105	-25.75	-0.25	40	200,50
105	-13.25	12.25	40	200,50
105	-12.75	12.25	40	200,50
105	-12.75	11.75	40	200,50
105	-25.25	-0.75	40	200,50
105	-25.75	-0.75	40	200,50
106	-0.25	5.75	40	150,0
106	-0.25	6.25	40	150,0
106	0.25	6.25	40	150,0
106	0.75	5.75	40	150,0
106	0.75	5.25	40	150,0
106	0.25	5.25	40	150,0
106	-0.25	5.75	40	150,0
175	-13.25	10.75	78	150,0
175	-13.25	11.25	78	150,0
175	-12.75	11.25	78	150,0
175	-12.75	10.75	78	150,0
175	-13.25	10.75	78	150,0
176	-4.75	1.25	78	150,0
176	-4.75	1.75	78	150,0
176	-0.75	5.75	78	150,0
176	-0.25	5.75	78	150,0
176	0.25	5.25	78	150,0
176	0.25	4.75	78	150,0
176	-3.75	0.75	78	150,0
176	-4.25	0.75	78	150,0
176	-4.75	1.25	78	150,0
51	-8.25	15.75	127	150,0
51	-8.25	16.25	127	150,0
51	0.75	25.25	127	150,0
51	1.25	25.25	127	150,0
51	1.25	24.75	127	150,0
51	-7.75	15.75	127	150,0
51	-8.25	15.75	127	150,0
48	1.25	25.25	125	150,0
48	1.25	25.75	125	150,0
48	1.75	26.25	125	150,0
48	2.25	26.25	125	150,0
48	2.25	25.75	125	150,0
48	1.75	25.25	125	150,0
48	1.25	25.25	125	150,0
48	-45.25	10.75	125	200,0
48	-45.25	11.25	125	200,0
48	-27.75	28.75	125	200,0
48	-27.25	28.75	125	200,0
48	-27.25	28.25	125	200,0
48	-44.75	10.75	125	200,0
48	-45.25	10.75	125	200,0
49	0.75	6.75	125	150,0
49	0.75	7.25	125	150,0
49	4.25	10.75	125	150,0
49	4.75	10.75	125	150,0
49	4.75	10.25	125	150,0
49	1.25	6.75	125	150,0
49	0.75	6.75	125	150,0
197	2.25	26.25	92	150,0
197	2.25	26.75	92	150,0
197	4.25	28.75	92	150,0
197	4.75	28.75	92	150,0
197	4.75	28.25	92	150,0
197	2.75	26.25	92	150,0
197	2.25	26.25	92	150,0
197	-45.25	28.75	92	200,0
197	-45.25	29.25	92	200,0
197	-36.25	38.25	92	200,0
197	-35.75	38.25	92	200,0
197	-35.75	37.75	92	200,0
197	-44.75	28.75	92	200,0
197	-45.25	28.75	92	200,0
197	-24.75	-0.75	92	200,50
197	-24.75	-0.25	92	200,50
197	-12.75	11.75	92	200,50
197	-12.25	11.75	92	200,50
197	-12.25	11.25	92	200,50
197	-24.25	-0.75	92	200,50
197	-24.75	-0.75	92	200,50
198	0.25	6.25	92	150,0
198	0.25	6.75	92	150,0
198	1.25	6.75	92	150,0
198	4.25	9.75	92	150,0
198	4.75	9.75	92	150,0
198	4.75	9.25	92	150,0
198	1.25	5.75	92	150,0
198	0.75	5.75	92	150,0
198	0.25	6.25	92	150,0
198	-33.25	40.75	92	200,0
198	-33.25	41.25	92	200,0
198	-25.25	49.25	92	200,0
198	-24.75	49.25	92	200,0
198	-24.75	48.75	92	200,0
198	-32.75	40.75	92	200,0
198	-33.25	40.75	92	200,0
198	-5.75	-0.75	92	200,50
198	-5.75	-0.25	92	200,50
198	-3.25	2.25	92	200,50
198	-2.75	2.25	92	200,50
198	-2.75	1.75	92	200,50
198	-5.25	-0.75	92	200,50
198	-5.75	-0.75	92	200,50
199	-27.25	28.75	92	200,0
199	-27.25	29.25	92	200,0
199	-24.75	31.75	92	200,0
199	-23.75	31.75	92	200,0
199	-10.75	44.75	92	200,0
199	-10.75	45.75	92	200,0
199	-10.25	46.25	92	200,0
199	-9.25	46.25	92	200,0
199	-6.25	49.25	92	200,0
199	-5.75	49.25	92	200,0
199	-5.75	48.75	92	200,0
199	-44.75	9.75	92	200,0
199	-45.25	9.75	92	200,0
199	-45.25	10.25	92	200,0
199	-27.25	28.25	92	200,0
199	-27.25	28.75	92	200,0
47	-24.25	31.75	124	200,0
47	-24.25	32.25	124	200,0
47	-11.25	45.25	124	200,0
47	-10.75	45.25	124	200,0
47	-10.75	44.75	124	200,0
47	-23.75	31.75	124	200,0
47	-24.25	31.75	124	200,0
55	-9.75	46.25	130	200,0
55	-9.75	46.75	130	200,0
55	-7.25	49.25	130	200,0
55	-6.75	49.25	130	200,0
55	-6.75	48.75	130	200,0
55	-9.25	46.25	130	200,0
55	-9.75	46.25	130	200,0
55	-6.75	-0.75	130	200,50
55	-6.75	-0.25	130	200,50
55	-3.75	2.75	130	200,50
55	-3.25	2.75	130	200,50
55	-3.25	2.25	130	200,50
55	-6.25	-0.75	130	200,50
55	-6.75	-0.75	130	200,50
125	-0.75	3.25	50	150,0
125	-0.75	3.75	50	150,0
125	4.25	8.75	50	150,0
125	4.75	8.75	50	150,0
125	4.75	4.25	50	150,0
125	4.25	3.75	50	150,0
125	3.25	3.75	50	150,0
125	1.25	1.75	50	150,0
125	0.75	1.75	50	150,0
125	0.75	2.25	50	150,0
125	1.75	3.25	50	150,0
125	1.75	3.75	50	150,0
125	1.25	3.75	50	150,0
125	-0.25	2.25	50	150,0
125	-0.75	2.25	50	150,0
125	-0.75	3.25	50	150,0
125	-45.25	8.75	50	200,0
125	-45.25	9.25	50	200,0
125	-39.25	15.25	50	200,0
125	-38.75	15.25	50	200,0
125	-38.75	14.75	50	200,0
125	-44.75	8.75	50	200,0
125	-44.75	8.25	50	200,0
125	-44.25	8.25	50	200,0
125	-3.25	49.25	50	200,0
125	-2.75	49.25	50	200,0
125	-2.75	48.75	50	200,0
125	-43.75	7.75	50	200,0
125	-43.75	7.25	50	200,0
125	-42.75	6.25	50	200,0
125	-42.25	6.25	50	200,0
125	-42.25	7.25	50	200,0
125	-41.75	7.75	50	200,0
125	-40.25	7.75	50	200,0
125	-40.25	7.25	50	200,0
125	-42.25	5.25	50	200,0
125	-42.75	5.25	50	200,0
125	-43.25	5.75	50	200,0
125	-43.75	5.75	50	200,0
125	-44.75	4.75	50	200,0
125	-44.75	3.75	50	200,0
125	-45.25	3.75	50	200,0
125	-45.25	8.75	50	200,0
125	-2.75	-0.75	50	200,50
125	-2.75	-0.25	50	200,50
125	-1.75	0.75	50	200,50
125	-1.25	0.75	50	200,50
125	-1.25	0.25	50	200,50
125	-2.25	-0.75	50	200,50
125	-2.75	-0.75	50	200,50
157	-38.75	15.25	65	200,0
157	-38.75	15.75	65	200,0
157	-5.25	49.25	65	200,0
157	-3.75	49.25	65	200,0
157	-3.75	48.75	65	200,0
157	-44.25	8.25	65	200,0
157	-44.75	8.25	65	200,0
157	-44.75	8.75	65	200,0
157	-38.75	14.75	65	200,0
157	-38.75	15.25	65	200,0
157	-4.75	-0.75	65	200,50
157	-4.75	-0.25	65	200,50
157	-2.75	1.75	65	200,50
157	-2.25	1.75	65	200,50
157	-1.75	1.25	65	200,50
157	-1.75	0.75	65	200,50
157	-3.25	-0.75	65	200,50
157	-4.75	-0.75	65	200,50
162	-43.75	7.25	7	200,0
162	-43.75	7.75	7	200,0
162	-2.25	49.25	7	200,0
162	0.25	49.25	7	200,0
162	0.75	48.75	7	200,0
162	0.75	48.25	7	200,0
162	-0.75	46.75	7	200,0
162	-1.75	46.75	7	200,0
162	-2.25	46.25	7	200,0
162	-2.25	45.25	7	200,0
162	-4.75	42.75	7	200,0
162	-6.75	42.75	7	200,0
162	-7.25	42.25	7	200,0
162	-7.25	41.75	7	200,0
162	-6.75	41.25	7	200,0
162	-6.75	40.75	7	200,0
162	-7.25	40.75	7	200,0
162	-7.75	41.25	7	200,0
162	-8.25	41.25	7	200,0
162	-12.25	37.25	7	200,0
162	-12.25	36.75	7	200,0
162	-11.75	36.25	7	200,0
162	-11.75	35.75	7	200,0
162	-16.75	30.75	7	200,0
162	-17.25	30.75	7	200,0
162	-17.75	31.25	7	200,0
162	-18.25	31.25	7	200,0
162	-18.75	30.75	7	200,0
162	-18.75	30.25	7	200,0
162	-18.25	29.75	7	200,0
162	-18.25	29.25	7	200,0
162	-19.25	28.25	7	200,0
162	-19.75	28.25	7	200,0
162	-20.25	28.75	7	200,0
162	-20.75	28.75	7	200,0
162	-23.75	25.75	7	200,0
162	-23.75	23.75	7	200,0
162	-30.25	17.25	7	200,0
162	-32.25	17.25	7	200,0
162	-33.25	16.25	7	200,0
162	-33.25	15.25	7	200,0
162	-34.25	15.25	7	200,0
162	-35.25	14.25	7	200,0
162	-35.25	13.75	7	200,0
162	-34.75	13.25	7	200,0
162	-34.75	12.75	7	200,0
162	-36.75	12.75	7	200,0
162	-39.25	10.25	7	200,0
162	-40.25	10.25	7	200,0
162	-41.25	9.25	7	200,0
162	-41.25	8.75	7	200,0
162	-40.75	8.25	7	200,0
162	-40.75	7.75	7	200,0
162	-41.75	7.75	7	200,0
162	-42.25	7.25	7	200,0
162	-42.25	6.25	7	200,0
162	-42.75	6.25	7	200,0
162	-43.75	7.25	7	200,0
162	-1.75	-0.75	7	200,50
162	-1.75	-0.25	7	200,50
162	-1.25	0.25	7	200,50
162	-0.75	0.25	7	200,50
162	-0.25	-0.25	7	200,50
162	-0.25	-0.75	7	200,50
162	-1.75	-0.75	7	200,50
112	-0.25	-0.25	44	150,0
112	-0.25	0.25	44	150,0
112	0.25	0.75	44	150,0
112	1.75	0.75	44	150,0
112	2.25	0.25	44	150,0
112	2.25	-0.25	44	150,0
112	-0.25	-0.25	44	150,0
93	-41.25	8.75	32	200,0
93	-41.25	9.25	32	200,0
93	-40.25	10.25	32	200,0
93	-39.25	10.25	32	200,0
93	-36.75	12.75	32	200,0
93	-34.75	12.75	32	200,0
93	-34.75	13.25	32	200,0
93	-35.25	13.75	32	200,0
93	-35.25	14.25	32	200,0
93	-34.25	15.25	32	200,0
93	-33.25	15.25	32	200,0
93	-33.25	16.25	32	200,0
93	-32.25	17.25	32	200,0
93	-30.25	17.25	32	200,0
93	-24.25	23.25	32	200,0
93	-23.75	23.25	32	200,0
93	-23.75	22.75	32	200,0
93	-29.25	17.25	32	200,0
93	-29.25	16.75	32	200,0
93	-27.75	15.25	32	200,0
93	-27.75	14.75	32	200,0
93	-28.25	14.25	32	200,0
93	-28.25	13.75	32	200,0
93	-26.75	12.25	32	200,0
93	-26.75	11.75	32	200,0
93	-27.25	11.25	32	200,0
93	-27.75	11.25	32	200,0
93	-29.25	12.75	32	200,0
93	-29.75	12.75	32	200,0
93	-31.75	10.75	32	200,0
93	-32.25	10.75	32	200,0
93	-32.25	11.25	32	200,0
93	-30.75	12.75	32	200,0
93	-30.75	13.25	32	200,0
93	-31.25	13.75	32	200,0
93	-31.75	13.75	32	200,0
93	-37.75	7.75	32	200,0
93	-37.75	6.75	32	200,0
93	-38.25	6.25	32	200,0
93	-39.25	6.25	32	200,0
93	-41.25	4.25	32	200,0
93	-41.25	3.75	32	200,0
93	-40.75	3.25	32	200,0
93	-40.75	2.75	32	200,0
93	-42.75	0.75	32	200,0
93	-43.25	0.75	32	200,0
93	-43.75	1.25	32	200,0
93	-43.75	2.75	32	200,0
93	-43.25	3.25	32	200,0
93	-43.25	3.75	32	200,0
93	-43.75	3.75	32	200,0
93	-44.75	2.75	32	200,0
93	-45.25	2.75	32	200,0
93	-45.25	3.25	32	200,0
93	-44.75	3.75	32	200,0
93	-44.75	4.75	32	200,0
93	-43.75	5.75	32	200,0
93	-43.25	5.75	32	200,0
93	-42.75	5.25	32	200,0
93	-42.25	5.25	32	200,0
93	-40.25	7.25	32	200,0
93	-40.25	7.75	32	200,0
93	-41.25	8.75	32	200,0
93	4.25	3.25	32	150,0
93	4.25	3.75	32	150,0
93	4.75	3.75	32	150,0
93	4.75	3.25	32	150,0
93	4.25	3.25	32	150,0
78	-23.75	25.25	22	200,0
78	-23.75	25.75	22	200,0
78	-20.75	28.75	22	200,0
78	-20.25	28.75	22	200,0
78	-19.75	28.25	22	200,0
78	-19.25	28.25	22	200,0
78	-18.25	29.25	22	200,0
78	-18.25	29.75	22	200,0
78	-18.75	30.25	22	200,0
78	-18.75	30.75	22	200,0
78	-18.25	31.25	22	200,0
78	-17.75	31.25	22	200,0
78	-17.25	30.75	22	200,0
78	-16.75	30.75	22	200,0
78	-11.75	35.75	22	200,0
78	-11.75	36.25	22	200,0
78	-12.25	36.75	22	200,0
78	-12.25	37.25	22	200,0
78	-8.25	41.25	22	200,0
78	-7.75	41.25	22	200,0
78	-7.25	40.75	22	200,0
78	-6.75	40.75	22	200,0
78	-6.75	41.25	22	200,0
78	-7.25	41.75	22	200,0
78	-7.25	42.25	22	200,0
78	-6.75	42.75	22	200,0
78	-4.75	42.75	22	200,0
78	-2.25	45.25	22	200,0
78	-2.25	46.25	22	200,0
78	-1.75	46.75	22	200,0
78	-0.75	46.75	22	200,0
78	0.75	48.25	22	200,0
78	1.25	48.25	22	200,0
78	1.75	47.75	22	200,0
78	1.75	47.25	22	200,0
78	-3.25	42.25	22	200,0
78	-3.25	40.75	22	200,0
78	-1.75	40.75	22	200,0
78	3.25	45.75	22	200,0
78	3.75	45.75	22	200,0
78	5.25	44.25	22	200,0
78	5.25	29.75	22	200,0
78	3.25	27.75	22	200,0
78	3.25	27.25	22	200,0
78	3.75	27.25	22	200,0
78	4.25	27.75	22	200,0
78	4.75	27.75	22	200,0
78	5.25	27.25	22	200,0
78	5.25	26.75	22	200,0
78	2.75	24.25	22	200,0
78	2.25	24.25	22	200,0
78	-1.75	28.25	22	200,0
78	-1.75	29.25	22	200,0
78	-2.25	29.75	22	200,0
78	-2.75	29.75	22	200,0
78	-3.25	29.25	22	200,0
78	-3.75	29.25	22	200,0
78	-4.25	29.75	22	200,0
78	-4.75	29.75	22	200,0
78	-5.75	28.75	22	200,0
78	-6.25	28.75	22	200,0
78	-6.75	29.25	22	200,0
78	-8.25	29.25	22	200,0
78	-11.75	25.75	22	200,0
78	-12.75	25.75	22	200,0
78	-12.75	24.75	22	200,0
78	-14.25	23.25	22	200,0
78	-14.75	23.25	22	200,0
78	-15.25	23.75	22	200,0
78	-15.25	24.25	22	200,0
78	-14.25	25.25	22	200,0
78	-14.25	25.75	22	200,0
78	-14.75	26.25	22	200,0
78	-14.75	27.25	22	200,0
78	-15.25	27.75	22	200,0
78	-15.25	28.25	22	200,0
78	-14.25	28.25	22	200,0
78	-9.25	33.25	22	200,0
78	-9.25	33.75	22	200,0
78	-10.75	35.25	22	200,0
78	-11.25	35.25	22	200,0
78	-15.25	31.25	22	200,0
78	-15.25	30.25	22	200,0
78	-15.75	29.75	22	200,0
78	-15.75	28.75	22	200,0
78	-16.75	28.75	22	200,0
78	-18.25	27.25	22	200,0
78	-18.25	26.75	22	200,0
78	-17.25	25.75	22	200,0
78	-17.25	24.75	22	200,0
78	-16.25	24.75	22	200,0
78	-16.25	23.25	22	200,0
78	-16.75	22.75	22	200,0
78	-16.75	22.25	22	200,0
78	-16.25	21.75	22	200,0
78	-15.75	21.75	22	200,0
78	-15.25	22.25	22	200,0
78	-13.75	22.25	22	200,0
78	-13.25	21.75	22	200,0
78	-13.25	20.75	22	200,0
78	-12.75	20.25	22	200,0
78	-12.75	19.75	22	200,0
78	-14.75	17.75	22	200,0
78	-15.25	17.75	22	200,0
78	-18.75	21.25	22	200,0
78	-19.75	21.25	22	200,0
78	-19.75	22.75	22	200,0
78	-18.25	24.25	22	200,0
78	-18.25	24.75	22	200,0
78	-19.25	25.75	22	200,0
78	-19.75	25.75	22	200,0
78	-21.25	24.25	22	200,0
78	-22.25	24.25	22	200,0
78	-22.25	23.75	22	200,0
78	-20.75	22.25	22	200,0
78	-20.75	21.75	22	200,0
78	-21.25	21.75	22	200,0
78	-22.25	22.75	22	200,0
78	-22.75	22.75	22	200,0
78	-28.75	16.75	22	200,0
78	-29.25	16.75	22	200,0
78	-29.25	17.25	22	200,0
78	-23.75	22.75	22	200,0
78	-23.75	25.25	22	200,0
78	-44.75	43.25	22	250,0
78	-44.75	43.75	22	250,0
78	-44.25	43.75	22	250,0
78	-36.75	36.25	22	250,0
78	-36.75	35.75	22	250,0
78	-37.25	35.75	22	250,0
78	-37.75	36.25	22	250,0
78	-38.25	36.25	22	250,0
78	-38.25	35.75	22	250,0
78	-37.25	34.75	22	250,0
78	-37.25	34.25	22	250,0
78	-37.75	34.25	22	250,0
78	-38.75	35.25	22	250,0
78	-39.75	35.25	22	250,0
78	-41.25	36.75	22	250,0
78	-41.75	36.75	22	250,0
78	-41.75	36.25	22	250,0
78	-40.25	34.75	22	250,0
78	-40.25	34.25	22	250,0
78	-43.75	30.75	22	250,0
78	-43.75	30.25	22	250,0
78	-42.75	29.25	22	250,0
78	-42.75	28.75	22	250,0
78	-43.25	28.25	22	250,0
78	-43.75	28.25	22	250,0
78	-44.75	29.25	22	250,0
78	-44.75	43.25	22	250,0
164	2.75	-0.25	71	150,0
164	2.75	0.25	71	150,0
164	3.25	0.75	71	150,0
164	4.75	0.75	71	150,0
164	4.75	0.25	71	150,0
164	4.25	-0.25	71	150,0
164	2.75	-0.25	71	150,0
164	-45.25	-0.25	71	200,0
164	-45.25	0.25	71	200,0
164	-44.25	1.25	71	200,0
164	-43.75	1.25	71	200,0
164	-42.75	0.25	71	200,0
164	-42.75	-0.25	71	200,0
164	-45.25	-0.25	71	200,0
109	-22.25	23.75	43	200,0
109	-22.25	24.25	43	200,0
109	-21.25	24.25	43	200,0
109	-19.75	25.75	43	200,0
109	-19.25	25.75	43	200,0
109	-18.25	24.75	43	200,0
109	-18.25	24.25	43	200,0
109	-19.75	22.75	43	200,0
109	-19.75	21.25	43	200,0
109	-18.75	21.25	43	200,0
109	-15.25	17.75	43	200,0
109	-14.75	17.75	43	200,0
109	-12.75	19.75	43	200,0
109	-12.75	20.25	43	200,0
109	-13.25	20.75	43	200,0
109	-13.25	21.75	43	200,0
109	-13.75	22.25	43	200,0
109	-15.25	22.25	43	200,0
109	-15.75	21.75	43	200,0
109	-16.25	21.75	43	200,0
109	-16.75	22.25	43	200,0
109	-16.75	22.75	43	200,0
109	-16.25	23.25	43	200,0
109	-16.25	24.75	43	200,0
109	-17.25	24.75	43	200,0
109	-17.25	25.25	43	200,0
109	-15.25	27.25	43	200,0
109	-14.75	27.25	43	200,0
109	-14.75	26.25	43	200,0
109	-14.25	25.75	43	200,0
109	-14.25	25.25	43	200,0
109	-15.25	24.25	43	200,0
109	-15.25	23.75	43	200,0
109	-14.75	23.25	43	200,0
109	-14.25	23.25	43	200,0
109	-12.75	24.75	43	200,0
109	-12.75	25.75	43	200,0
109	-11.75	25.75	43	200,0
109	-8.25	29.25	43	200,0
109	-6.75	29.25	43	200,0
109	-6.25	28.75	43	200,0
109	-5.75	28.75	43	200,0
109	-4.75	29.75	43	200,0
109	-4.25	29.75	43	200,0
109	-3.75	29.25	43	200,0
109	-3.25	29.25	43	200,0
109	-2.75	29.75	43	200,0
109	-2.25	29.75	43	200,0
109	-1.75	29.25	43	200,0
109	-1.75	28.25	43	200,0
109	2.25	24.25	43	200,0
109	2.75	24.25	43	200,0
109	4.75	26.25	43	200,0
109	5.25	26.25	43	200,0
109	5.25	15.75	43	200,0
109	4.75	15.75	43	200,0
109	4.25	16.25	43	200,0
109	4.25	17.25	43	200,0
109	3.75	17.25	43	200,0
109	2.75	16.25	43	200,0
109	2.75	15.25	43	200,0
109	2.25	14.75	43	200,0
109	1.25	14.75	43	200,0
109	0.25	13.75	43	200,0
109	0.25	13.25	43	200,0
109	2.75	10.75	43	200,0
109	2.75	10.25	43	200,0
109	2.25	9.75	43	200,0
109	1.75	9.75	43	200,0
109	0.75	10.75	43	200,0
109	0.25	10.75	43	200,0
109	0.25	10.25	43	200,0
109	1.25	9.25	43	200,0
109	1.25	8.25	43	200,0
109	1.75	7.75	43	200,0
109	1.75	6.75	43	200,0
109	2.75	5.75	43	200,0
109	2.75	5.25	43	200,0
109	2.25	5.25	43	200,0
109	-2.25	9.75	43	200,0
109	-2.75	9.75	43	200,0
109	-5.25	7.25	43	200,0
109	-5.25	6.75	43	200,0
109	-3.25	4.75	43	200,0
109	-3.25	4.25	43	200,0
109	-3.75	4.25	43	200,0
109	-5.75	6.25	43	200,0
109	-6.75	6.25	43	200,0
109	-21.25	20.75	43	200,0
109	-21.25	21.25	43	200,0
109	-20.75	21.75	43	200,0
109	-20.75	22.25	43	200,0
109	-22.25	23.75	43	200,0
109	-41.75	36.25	43	250,0
109	-41.75	36.75	43	250,0
109	-41.25	36.75	43	250,0
109	-39.75	35.25	43	250,0
109	-38.75	35.25	43	250,0
109	-37.75	34.25	43	250,0
109	-37.25	34.25	43	250,0
109	-37.25	34.75	43	250,0
109	-38.25	35.75	43	250,0
109	-38.25	36.25	43	250,0
109	-37.75	36.25	43	250,0
109	-37.25	35.75	43	250,0
109	-36.25	35.75	43	250,0
109	-24.75	24.25	43	250,0
109	-24.75	23.75	43	250,0
109	-25.25	23.25	43	250,0
109	-25.25	22.25	43	250,0
109	-26.75	20.75	43	250,0
109	-28.25	20.75	43	250,0
109	-28.25	21.75	43	250,0
109	-29.25	21.75	43	250,0
109	-29.75	22.25	43	250,0
109	-29.75	23.25	43	250,0
109	-30.75	24.25	43	250,0
109	-31.75	24.25	43	250,0
109	-32.25	24.75	43	250,0
109	-32.25	25.75	43	250,0
109	-34.25	27.75	43	250,0
109	-34.75	27.75	43	250,0
109	-37.25	25.25	43	250,0
109	-37.25	24.75	43	250,0
109	-35.25	22.75	43	250,0
109	-35.25	21.75	43	250,0
109	-34.75	21.75	43	250,0
109	-33.75	22.75	43	250,0
109	-33.25	22.75	43	250,0
109	-33.25	22.25	43	250,0
109	-33.75	21.75	43	250,0
109	-33.75	21.25	43	250,0
109	-33.25	20.75	43	250,0
109	-33.25	19.75	43	250,0
109	-31.75	18.25	43	250,0
109	-31.75	17.75	43	250,0
109	-32.25	17.25	43	250,0
109	-32.75	17.25	43	250,0
109	-34.75	19.25	43	250,0
109	-36.25	19.25	43	250,0
109	-36.75	18.75	43	250,0
109	-37.25	18.75	43	250,0
109	-37.75	19.25	43	250,0
109	-37.75	19.75	43	250,0
109	-37.25	20.25	43	250,0
109	-37.25	20.75	43	250,0
109	-39.25	22.75	43	250,0
109	-39.75	22.75	43	250,0
109	-42.75	19.75	43	250,0
109	-42.75	19.25	43	250,0
109	-40.75	17.25	43	250,0
109	-40.75	16.75	43	250,0
109	-42.25	15.25	43	250,0
109	-44.75	15.25	43	250,0
109	-44.75	28.75	43	250,0
109	-44.25	28.75	43	250,0
109	-43.75	28.25	43	250,0
109	-43.25	28.25	43	250,0
109	-42.75	28.75	43	250,0
109	-42.75	29.25	43	250,0
109	-43.75	30.25	43	250,0
109	-43.75	30.75	43	250,0
109	-40.25	34.25	43	250,0
109	-40.25	34.75	43	250,0
109	-41.75	36.25	43	250,0
110	-13.75	15.25	43	200,0
110	-13.75	15.75	43	200,0
110	-11.25	18.25	43	200,0
110	-10.75	18.25	43	200,0
110	-5.25	12.75	43	200,0
110	-5.25	12.25	43	200,0
110	-7.25	10.25	43	200,0
110	-7.75	10.25	43	200,0
110	-8.75	11.25	43	200,0
110	-9.75	11.25	43	200,0
110	-13.75	15.25	43	200,0
111	3.25	27.25	43	200,0
111	3.25	27.75	43	200,0
111	4.75	29.25	43	200,0
111	5.25	29.25	43	200,0
111	5.25	27.75	43	200,0
111	4.25	27.75	43	200,0
111	3.75	27.25	43	200,0
111	3.25	27.25	43	200,0
129	-15.25	30.75	54	200,0
129	-15.25	31.25	54	200,0
129	-11.25	35.25	54	200,0
129	-10.75	35.25	54	200,0
129	-9.25	33.75	54	200,0
129	-9.25	33.25	54	200,0
129	-14.25	28.25	54	200,0
129	-15.25	28.25	54	200,0
129	-15.25	27.25	54	200,0
129	-16.75	25.75	54	200,0
129	-17.25	25.75	54	200,0
129	-18.25	26.75	54	200,0
129	-18.25	27.25	54	200,0
129	-16.75	28.75	54	200,0
129	-15.75	28.75	54	200,0
129	-15.75	29.75	54	200,0
129	-15.25	30.25	54	200,0
129	-15.25	30.75	54	200,0
139	-41.25	3.75	62	200,0
139	-41.25	4.25	62	200,0
139	-39.25	6.25	62	200,0
139	-38.25	6.25	62	200,0
139	-37.75	6.75	62	200,0
139	-37.75	7.75	62	200,0
139	-31.75	13.75	62	200,0
139	-31.25	13.75	62	200,0
139	-30.75	13.25	62	200,0
139	-30.75	12.75	62	200,0
139	-32.25	11.25	62	200,0
139	-32.25	10.25	62	200,0
139	-36.25	6.25	62	200,0
139	-37.25	6.25	62	200,0
139	-37.75	5.75	62	200,0
139	-37.75	4.75	62	200,0
139	-39.75	2.75	62	200,0
139	-40.25	2.75	62	200,0
139	-41.25	3.75	62	200,0
19	-28.75	16.25	102	200,0
19	-28.75	16.75	102	200,0
19	-22.75	22.75	102	200,0
19	-22.25	22.75	102	200,0
19	-21.25	21.75	102	200,0
19	-21.25	21.25	102	200,0
19	-27.25	15.25	102	200,0
19	-27.75	15.25	102	200,0
19	-28.75	16.25	102	200,0
126	-3.25	41.75	51	200,0
126	-3.25	42.25	51	200,0
126	1.75	47.25	51	200,0
126	2.25	47.25	51	200,0
126	3.25	46.25	51	200,0
126	3.25	45.75	51	200,0
126	-1.75	40.75	51	200,0
126	-3.25	40.75	51	200,0
126	-3.25	41.75	51	200,0
96	-42.75	0.25	35	200,0
96	-42.75	0.75	35	200,0
96	-40.75	2.75	35	200,0
96	-39.75	2.75	35	200,0
96	-37.25	5.25	35	200,0
96	-36.75	5.25	35	200,0
96	-35.25	3.75	35	200,0
96	-33.75	3.75	35	200,0
96	-32.75	4.75	35	200,0
96	-32.25	4.75	35	200,0
96	-30.25	2.75	35	200,0
96	-29.75	2.75	35	200,0
96	-29.25	3.25	35	200,0
96	-28.75	3.25	35	200,0
96	-28.25	2.75	35	200,0
96	-26.75	2.75	35	200,0
96	-25.75	3.75	35	200,0
96	-24.75	3.75	35	200,0
96	-23.75	4.75	35	200,0
96	-23.25	4.75	35	200,0
96	-21.75	3.25	35	200,0
96	-20.75	3.25	35	200,0
96	-19.75	2.25	35	200,0
96	-19.25	2.25	35	200,0
96	-17.75	3.75	35	200,0
96	-17.75	4.25	35	200,0
96	-18.25	4.75	35	200,0
96	-18.25	5.25	35	200,0
96	-16.75	6.75	35	200,0
96	-15.25	6.75	35	200,0
96	-15.25	6.25	35	200,0
96	-16.75	4.75	35	200,0
96	-16.75	4.25	35	200,0
96	-13.75	1.25	35	200,0
96	-13.75	0.75	35	200,0
96	-23.75	0.75	35	200,0
96	-24.25	0.25	35	200,0
96	-24.75	0.25	35	200,0
96	-25.25	0.75	35	200,0
96	-30.25	0.75	35	200,0
96	-30.75	1.25	35	200,0
96	-31.25	1.25	35	200,0
96	-31.75	0.75	35	200,0
96	-33.75	0.75	35	200,0
96	-34.25	0.25	35	200,0
96	-34.75	0.25	35	200,0
96	-35.25	0.75	35	200,0
96	-40.25	0.75	35	200,0
96	-40.75	1.25	35	200,0
96	-41.25	1.25	35	200,0
96	-42.25	0.25	35	200,0
96	-42.75	0.25	35	200,0
130	-37.75	5.25	55	200,0
130	-37.75	5.75	55	200,0
130	-37.25	6.25	55	200,0
130	-36.25	6.25	55	200,0
130	-29.75	12.75	55	200,0
130	-29.25	12.75	55	200,0
130	-27.75	11.25	55	200,0
130	-27.25	11.25	55	200,0
130	-26.75	11.75	55	200,0
130	-26.75	12.25	55	200,0
130	-28.25	13.75	55	200,0
130	-28.25	14.25	55	200,0
130	-27.25	15.25	55	200,0
130	-26.25	15.25	55	200,0
130	-25.75	15.75	55	200,0
130	-25.25	15.75	55	200,0
130	-24.75	15.25	55	200,0
130	-24.75	14.75	55	200,0
130	-25.75	13.75	55	200,0
130	-25.75	13.25	55	200,0
130	-24.75	12.25	55	200,0
130	-24.25	12.25	55	200,0
130	-23.25	13.25	55	200,0
130	-22.75	13.25	55	200,0
130	-22.25	12.75	55	200,0
130	-22.25	12.25	55	200,0
130	-22.75	11.75	55	200,0
130	-22.75	11.25	55	200,0
130	-22.25	11.25	55	200,0
130	-21.25	12.25	55	200,0
130	-20.75	12.25	55	200,0
130	-20.75	11.75	55	200,0
130	-22.25	10.25	55	200,0
130	-22.25	9.75	55	200,0
130	-21.25	8.75	55	200,0
130	-20.75	8.75	55	200,0
130	-18.25	11.25	55	200,0
130	-16.75	11.25	55	200,0
130	-14.75	9.25	55	200,0
130	-14.25	9.25	55	200,0
130	-13.25	10.25	55	200,0
130	-12.75	10.25	55	200,0
130	-12.25	9.75	55	200,0
130	-12.25	9.25	55	200,0
130	-13.25	8.25	55	200,0
130	-13.25	7.75	55	200,0
130	-12.25	6.75	55	200,0
130	-11.75	6.75	55	200,0
130	-10.75	7.75	55	200,0
130	-10.25	7.75	55	200,0
130	-10.25	7.25	55	200,0
130	-11.25	6.25	55	200,0
130	-11.25	5.75	55	200,0
130	-10.25	4.75	55	200,0
130	-10.25	4.25	55	200,0
130	-13.25	1.25	55	200,0
130	-13.75	1.25	55	200,0
130	-16.75	4.25	55	200,0
130	-16.75	4.75	55	200,0
130	-15.25	6.25	55	200,0
130	-15.25	6.75	55	200,0
130	-16.75	6.75	55	200,0
130	-18.25	5.25	55	200,0
130	-18.25	4.75	55	200,0
130	-17.75	4.25	55	200,0
130	-17.75	3.75	55	200,0
130	-19.25	2.25	55	200,0
130	-19.75	2.25	55	200,0
130	-20.75	3.25	55	200,0
130	-21.75	3.25	55	200,0
130	-23.25	4.75	55	200,0
130	-23.75	4.75	55	200,0
130	-24.75	3.75	55	200,0
130	-25.75	3.75	55	200,0
130	-26.75	2.75	55	200,0
130	-28.25	2.75	55	200,0
130	-28.75	3.25	55	200,0
130	-29.25	3.25	55	200,0
130	-29.75	2.75	55	200,0
130	-30.25	2.75	55	200,0
130	-32.25	4.75	55	200,0
130	-32.75	4.75	55	200,0
130	-33.75	3.75	55	200,0
130	-35.25	3.75	55	200,0
130	-36.75	5.25	55	200,0
130	-37.75	5.25	55	200,0
192	-42.25	-0.25	88	200,0
192	-42.25	0.25	88	200,0
192	-41.25	1.25	88	200,0
192	-40.75	1.25	88	200,0
192	-40.25	0.75	88	200,0
192	-35.25	0.75	88	200,0
192	-34.75	0.25	88	200,0
192	-34.75	-0.25	88	200,0
192	-42.25	-0.25	88	200,0
131	-26.75	15.25	56	200,0
131	-26.75	15.75	56	200,0
131	-21.75	20.75	56	200,0
131	-21.25	20.75	56	200,0
131	-6.75	6.25	56	200,0
131	-5.75	6.25	56	200,0
131	-3.75	4.25	56	200,0
131	-2.75	4.25	56	200,0
131	-0.75	2.25	56	200,0
131	-0.75	1.75	56	200,0
131	-1.25	1.75	56	200,0
131	-2.25	2.75	56	200,0
131	-3.25	2.75	56	200,0
131	-3.75	3.25	56	200,0
131	-4.25	3.25	56	200,0
131	-4.75	2.75	56	200,0
131	-5.25	2.75	56	200,0
131	-7.25	4.75	56	200,0
131	-7.25	5.75	56	200,0
131	-7.75	5.75	56	200,0
131	-9.25	4.25	56	200,0
131	-9.75	4.25	56	200,0
131	-11.25	5.75	56	200,0
131	-11.25	6.25	56	200,0
131	-10.25	7.25	56	200,0
131	-10.25	7.75	56	200,0
131	-10.75	7.75	56	200,0
131	-11.75	6.75	56	200,0
131	-12.25	6.75	56	200,0
131	-13.25	7.75	56	200,0
131	-13.25	8.25	56	200,0
131	-12.25	9.25	56	200,0
131	-12.25	9.75	56	200,0
131	-12.75	10.25	56	200,0
131	-13.25	10.25	56	200,0
131	-14.25	9.25	56	200,0
131	-14.75	9.25	56	200,0
131	-16.75	11.25	56	200,0
131	-18.25	11.25	56	200,0
131	-20.75	8.75	56	200,0
131	-21.25	8.75	56	200,0
131	-22.25	9.75	56	200,0
131	-22.25	10.25	56	200,0
131	-20.75	11.75	56	200,0
131	-20.75	12.25	56	200,0
131	-21.25	12.25	56	200,0
131	-22.25	11.25	56	200,0
131	-22.75	11.25	56	200,0
131	-22.75	11.75	56	200,0
131	-22.25	12.25	56	200,0
131	-22.25	12.75	56	200,0
131	-22.75	13.25	56	200,0
131	-23.25	13.25	56	200,0
131	-24.25	12.25	56	200,0
131	-24.75	12.25	56	200,0
131	-25.75	13.25	56	200,0
131	-25.75	13.75	56	200,0
131	-24.75	14.75	56	200,0
131	-24.75	15.25	56	200,0
131	-25.25	15.75	56	200,0
131	-25.75	15.75	56	200,0
131	-26.25	15.25	56	200,0
131	-26.75	15.25	56	200,0
100	-34.25	-0.25	37	200,0
100	-34.25	0.25	37	200,0
100	-33.75	0.75	37	200,0
100	-31.75	0.75	37	200,0
100	-31.25	1.25	37	200,0
100	-30.75	1.25	37	200,0
100	-30.25	0.75	37	200,0
100	-25.25	0.75	37	200,0
100	-24.75	0.25	37	200,0
100	-24.75	-0.25	37	200,0
100	-34.25	-0.25	37	200,0
127	-13.75	15.25	52	200,0
127	-13.75	15.75	52	200,0
127	-11.25	18.25	52	200,0
127	-10.75	18.25	52	200,0
127	-5.25	12.75	52	200,0
127	-5.25	12.25	52	200,0
127	-7.25	10.25	52	200,0
127	-7.75	10.25	52	200,0
127	-8.75	11.25	52	200,0
127	-9.75	11.25	52	200,0
127	-13.75	15.25	52	200,0
206	-24.25	-0.25	98	200,0
206	-24.25	0.25	98	200,0
206	-23.75	0.75	98	200,0
206	-6.75	0.75	98	200,0
206	-6.25	1.25	98	200,0
206	-5.75	1.25	98	200,0
206	-5.25	0.75	98	200,0
206	-4.75	0.75	98	200,0
206	-4.25	1.25	98	200,0
206	-3.75	1.25	98	200,0
206	-3.25	0.75	98	200,0
206	4.75	0.75	98	200,0
206	5.25	0.25	98	200,0
206	5.25	-0.25	98	200,0
206	-24.25	-0.25	98	200,0
206	-44.75	0.25	98	250,0
206	-44.75	0.75	98	250,0
206	-42.25	0.75	98	250,0
206	-41.75	0.25	98	250,0
206	-41.75	-0.25	98	250,0
206	-44.25	-0.25	98	250,0
206	-44.75	0.25	98	250,0
107	-13.25	0.75	41	200,0
107	-13.25	1.25	41	200,0
107	-10.25	4.25	41	200,0
107	-9.25	4.25	41	200,0
107	-7.75	5.75	41	200,0
107	-7.25	5.75	41	200,0
107	-7.25	4.75	41	200,0
107	-5.25	2.75	41	200,0
107	-4.75	2.75	41	200,0
107	-4.25	3.25	41	200,0
107	-3.75	3.25	41	200,0
107	-3.25	2.75	41	200,0
107	-2.25	2.75	41	200,0
107	-1.25	1.75	41	200,0
107	-0.75	1.75	41	200,0
107	-0.25	2.25	41	200,0
107	0.25	2.25	41	200,0
107	1.25	1.25	41	200,0
107	1.25	0.75	41	200,0
107	-3.25	0.75	41	200,0
107	-3.75	1.25	41	200,0
107	-4.25	1.25	41	200,0
107	-4.75	0.75	41	200,0
107	-5.25	0.75	41	200,0
107	-5.75	1.25	41	200,0
107	-6.25	1.25	41	200,0
107	-6.75	0.75	41	200,0
107	-13.25	0.75	41	200,0
66	0.25	13.25	17	200,0
66	0.25	13.75	17	200,0
66	1.25	14.75	17	200,0
66	2.25	14.75	17	200,0
66	2.75	15.25	17	200,0
66	2.75	16.25	17	200,0
66	3.75	17.25	17	200,0
66	4.25	17.25	17	200,0
66	4.25	16.25	17	200,0
66	5.25	15.25	17	200,0
66	5.25	11.75	17	200,0
66	4.75	11.25	17	200,0
66	4.75	10.75	17	200,0
66	5.25	10.25	17	200,0
66	5.25	0.75	17	200,0
66	1.75	0.75	17	200,0
66	1.75	1.25	17	200,0
66	3.75	3.25	17	200,0
66	3.75	3.75	17	200,0
66	2.75	4.75	17	200,0
66	2.75	5.75	17	200,0
66	1.75	6.75	17	200,0
66	1.75	7.75	17	200,0
66	1.25	8.25	17	200,0
66	1.25	9.25	17	200,0
66	0.25	10.25	17	200,0
66	0.25	10.75	17	200,0
66	0.75	10.75	17	200,0
66	1.75	9.75	17	200,0
66	2.25	9.75	17	200,0
66	2.75	10.25	17	200,0
66	2.75	10.75	17	200,0
66	0.25	13.25	17	200,0
66	-44.75	14.25	17	250,0
66	-44.75	14.75	17	250,0
66	-44.25	14.75	17	250,0
66	-43.25	13.75	17	250,0
66	-43.25	13.25	17	250,0
66	-44.25	12.25	17	250,0
66	-44.75	12.25	17	250,0
66	-44.75	14.25	17	250,0
194	-5.25	6.75	9	200,0
194	-5.25	7.25	9	200,0
194	-2.75	9.75	9	200,0
194	-2.25	9.75	9	200,0
194	3.75	3.75	9	200,0
194	3.75	3.25	9	200,0
194	1.75	1.25	9	200,0
194	1.25	1.25	9	200,0
194	0.25	2.25	9	200,0
194	-0.75	2.25	9	200,0
194	-5.25	6.75	9	200,0
18	-42.75	19.25	101	250,0
18	-42.75	19.75	101	250,0
18	-39.75	22.75	101	250,0
18	-39.25	22.75	101	250,0
18	-37.25	20.75	101	250,0
18	-37.25	20.25	101	250,0
18	-37.75	19.75	101	250,0
18	-37.75	19.25	101	250,0
18	-37.25	18.75	101	250,0
18	-36.75	18.75	101	250,0
18	-36.25	19.25	101	250,0
18	-35.75	19.25	101	250,0
18	-34.75	18.25	101	250,0
18	-34.75	17.75	101	250,0
18	-35.25	17.25	101	250,0
18	-35.25	16.75	101	250,0
18	-34.25	15.75	101	250,0
18	-34.25	15.25	101	250,0
18	-36.25	13.25	101	250,0
18	-36.75	13.25	101	250,0
18	-42.75	19.25	101	250,0
76	-37.25	24.75	20	250,0
76	-37.25	25.25	20	250,0
76	-34.75	27.75	20	250,0
76	-34.25	27.75	20	250,0
76	-32.25	25.75	20	250,0
76	-32.25	24.75	20	250,0
76	-31.75	24.25	20	250,0
76	-30.75	24.25	20	250,0
76	-29.75	23.25	20	250,0
76	-29.75	22.25	20	250,0
76	-29.25	21.75	20	250,0
76	-28.25	21.75	20	250,0
76	-28.25	20.25	20	250,0
76	-30.25	18.25	20	250,0
76	-30.25	17.75	20	250,0
76	-27.75	15.25	20	250,0
76	-27.25	15.25	20	250,0
76	-22.25	20.25	20	250,0
76	-20.75	20.25	20	250,0
76	-6.75	6.25	20	250,0
76	-6.75	5.75	20	250,0
76	-8.75	5.75	20	250,0
76	-8.75	4.75	20	250,0
76	-9.25	4.75	20	250,0
76	-9.75	5.25	20	250,0
76	-10.25	5.25	20	250,0
76	-10.75	4.75	20	250,0
76	-11.75	4.75	20	250,0
76	-13.75	2.75	20	250,0
76	-15.25	2.75	20	250,0
76	-19.25	6.75	20	250,0
76	-19.25	7.75	20	250,0
76	-20.25	8.75	20	250,0
76	-20.25	9.25	20	250,0
76	-19.25	9.25	20	250,0
76	-18.25	10.25	20	250,0
76	-18.25	11.75	20	250,0
76	-21.25	14.75	20	250,0
76	-21.75	14.75	20	250,0
76	-24.25	12.25	20	250,0
76	-24.25	11.75	20	250,0
76	-21.25	8.75	20	250,0
76	-21.25	7.75	20	250,0
76	-19.75	6.25	20	250,0
76	-19.75	5.75	20	250,0
76	-23.75	1.75	20	250,0
76	-25.25	1.75	20	250,0
76	-29.75	6.25	20	250,0
76	-29.75	7.25	20	250,0
76	-30.25	7.25	20	250,0
76	-30.75	6.75	20	250,0
76	-31.75	6.75	20	250,0
76	-32.25	6.25	20	250,0
76	-32.75	6.25	20	250,0
76	-33.25	6.75	20	250,0
76	-34.75	6.75	20	250,0
76	-38.75	2.75	20	250,0
76	-39.25	2.75	20	250,0
76	-39.25	3.25	20	250,0
76	-33.25	9.25	20	250,0
76	-33.25	9.75	20	250,0
76	-35.25	11.75	20	250,0
76	-35.75	11.75	20	250,0
76	-38.25	9.25	20	250,0
76	-39.25	9.25	20	250,0
76	-41.25	7.25	20	250,0
76	-41.75	7.25	20	250,0
76	-41.75	7.75	20	250,0
76	-39.75	9.75	20	250,0
76	-39.75	10.25	20	250,0
76	-40.25	10.75	20	250,0
76	-40.25	11.75	20	250,0
76	-41.25	11.75	20	250,0
76	-41.75	12.25	20	250,0
76	-42.25	12.25	20	250,0
76	-42.75	11.75	20	250,0
76	-43.75	11.75	20	250,0
76	-44.25	11.25	20	250,0
76	-44.75	11.25	20	250,0
76	-44.75	11.75	20	250,0
76	-43.25	13.25	20	250,0
76	-43.25	13.75	20	250,0
76	-44.25	14.75	20	250,0
76	-44.25	15.25	20	250,0
76	-42.25	15.25	20	250,0
76	-40.75	16.75	20	250,0
76	-40.25	16.75	20	250,0
76	-36.75	13.25	20	250,0
76	-36.25	13.25	20	250,0
76	-34.25	15.25	20	250,0
76	-34.25	15.75	20	250,0
76	-35.25	16.75	20	250,0
76	-35.25	17.25	20	250,0
76	-34.75	17.75	20	250,0
76	-34.75	18.25	20	250,0
76	-35.25	18.75	20	250,0
76	-35.25	19.25	20	250,0
76	-34.75	19.25	20	250,0
76	-32.75	17.25	20	250,0
76	-32.25	17.25	20	250,0
76	-31.75	17.75	20	250,0
76	-31.75	18.25	20	250,0
76	-33.25	19.75	20	250,0
76	-33.25	20.75	20	250,0
76	-33.75	21.25	20	250,0
76	-33.75	21.75	20	250,0
76	-33.25	22.25	20	250,0
76	-33.25	22.75	20	250,0
76	-33.75	22.75	20	250,0
76	-34.75	21.75	20	250,0
76	-35.25	21.75	20	250,0
76	-35.25	22.75	20	250,0
76	-37.25	24.75	20	250,0
76	4.75	10.75	20	200,0
76	4.75	11.25	20	200,0
76	5.25	11.25	20	200,0
76	5.25	10.75	20	200,0
76	4.75	10.75	20	200,0
67	-44.75	10.25	17	250,0
67	-44.75	10.75	17	250,0
67	-43.75	11.75	17	250,0
67	-42.75	11.75	17	250,0
67	-42.25	12.25	17	250,0
67	-41.75	12.25	17	250,0
67	-41.25	11.75	17	250,0
67	-40.25	11.75	17	250,0
67	-40.25	10.75	17	250,0
67	-39.75	10.25	17	250,0
67	-39.75	9.75	17	250,0
67	-41.75	7.75	17	250,0
67	-41.75	6.75	17	250,0
67	-42.25	6.25	17	250,0
67	-42.25	5.75	17	250,0
67	-39.75	3.25	17	250,0
67	-39.75	2.75	17	250,0
67	-41.75	0.75	17	250,0
67	-44.25	0.75	17	250,0
67	-44.75	1.25	17	250,0
67	-44.75	10.25	17	250,0
92	-42.25	5.75	31	250,0
92	-42.25	6.25	31	250,0
92	-39.25	9.25	31	250,0
92	-38.25	9.25	31	250,0
92	-35.75	11.75	31	250,0
92	-35.25	11.75	31	250,0
92	-33.25	9.75	31	250,0
92	-33.25	9.25	31	250,0
92	-39.25	3.25	31	250,0
92	-39.75	3.25	31	250,0
92	-42.25	5.75	31	250,0
177	-30.25	17.75	79	250,0
177	-30.25	18.25	79	250,0
177	-27.75	20.75	79	250,0
177	-26.75	20.75	79	250,0
177	-25.25	22.25	79	250,0
177	-25.25	23.25	79	250,0
177	-24.75	23.75	79	250,0
177	-24.25	23.75	79	250,0
177	-21.25	20.75	79	250,0
177	-21.25	20.25	79	250,0
177	-22.25	20.25	79	250,0
177	-27.25	15.25	79	250,0
177	-27.75	15.25	79	250,0
177	-30.25	17.75	79	250,0
135	-41.75	0.25	6	250,0
135	-41.75	0.75	6	250,0
135	-39.75	2.75	6	250,0
135	-38.75	2.75	6	250,0
135	-37.75	3.75	6	250,0
135	-37.25	3.75	6	250,0
135	-36.75	3.25	6	250,0
135	-36.25	3.25	6	250,0
135	-35.75	3.75	6	250,0
135	-35.25	3.75	6	250,0
135	-35.25	3.25	6	250,0
135	-35.75	2.75	6	250,0
135	-35.75	2.25	6	250,0
135	-35.25	1.75	6	250,0
135	-34.75	1.75	6	250,0
135	-33.25	3.25	6	250,0
135	-31.75	3.25	6	250,0
135	-30.25	1.75	6	250,0
135	-29.75	1.75	6	250,0
135	-29.25	2.25	6	250,0
135	-28.75	2.25	6	250,0
135	-28.25	1.75	6	250,0
135	-28.25	1.25	6	250,0
135	-28.75	0.75	6	250,0
135	-31.25	0.75	6	250,0
135	-31.75	1.25	6	250,0
135	-33.25	1.25	6	250,0
135	-33.75	0.75	6	250,0
135	-35.75	0.75	6	250,0
135	-36.25	0.25	6	250,0
135	-36.75	0.25	6	250,0
135	-37.25	0.75	6	250,0
135	-38.75	0.75	6	250,0
135	-39.75	-0.25	6	250,0
135	-41.25	-0.25	6	250,0
135	-41.75	0.25	6	250,0
104	-37.25	3.75	4	250,0
104	-37.25	4.25	4	250,0
104	-34.75	6.75	4	250,0
104	-33.25	6.75	4	250,0
104	-32.75	6.25	4	250,0
104	-32.25	6.25	4	250,0
104	-31.75	6.75	4	250,0
104	-30.75	6.75	4	250,0
104	-30.25	7.25	4	250,0
104	-29.75	7.25	4	250,0
104	-29.75	6.25	4	250,0
104	-25.25	1.75	4	250,0
104	-23.75	1.75	4	250,0
104	-19.75	5.75	4	250,0
104	-19.75	6.25	4	250,0
104	-21.25	7.75	4	250,0
104	-21.25	8.75	4	250,0
104	-24.25	11.75	4	250,0
104	-24.25	12.25	4	250,0
104	-21.75	14.75	4	250,0
104	-21.25	14.75	4	250,0
104	-18.25	11.75	4	250,0
104	-18.25	10.25	4	250,0
104	-19.25	9.25	4	250,0
104	-20.25	9.25	4	250,0
104	-20.25	8.75	4	250,0
104	-19.25	7.75	4	250,0
104	-19.25	6.75	4	250,0
104	-15.25	2.75	4	250,0
104	-13.75	2.75	4	250,0
104	-11.75	4.75	4	250,0
104	-10.75	4.75	4	250,0
104	-10.25	5.25	4	250,0
104	-9.75	5.25	4	250,0
104	-9.25	4.75	4	250,0
104	-8.75	4.75	4	250,0
104	-8.75	5.75	4	250,0
104	-6.25	5.75	4	250,0
104	-1.75	1.25	4	250,0
104	-1.75	0.75	4	250,0
104	-3.75	0.75	4	250,0
104	-4.25	0.25	4	250,0
104	-4.75	0.25	4	250,0
104	-5.25	0.75	4	250,0
104	-9.25	0.75	4	250,0
104	-10.25	1.75	4	250,0
104	-10.75	1.75	4	250,0
104	-11.75	0.75	4	250,0
104	-16.25	0.75	4	250,0
104	-16.75	1.25	4	250,0
104	-17.25	1.25	4	250,0
104	-17.75	0.75	4	250,0
104	-22.75	0.75	4	250,0
104	-23.25	0.25	4	250,0
104	-23.75	0.25	4	250,0
104	-24.25	0.75	4	250,0
104	-27.25	0.75	4	250,0
104	-28.75	2.25	4	250,0
104	-29.25	2.25	4	250,0
104	-29.75	1.75	4	250,0
104	-30.25	1.75	4	250,0
104	-31.75	3.25	4	250,0
104	-33.25	3.25	4	250,0
104	-34.75	1.75	4	250,0
104	-35.25	1.75	4	250,0
104	-35.75	2.25	4	250,0
104	-35.75	2.75	4	250,0
104	-35.25	3.25	4	250,0
104	-35.25	3.75	4	250,0
104	-35.75	3.75	4	250,0
104	-36.25	3.25	4	250,0
104	-36.75	3.25	4	250,0
104	-37.25	3.75	4	250,0
44	-39.25	-0.25	122	250,0
44	-39.25	0.25	122	250,0
44	-38.75	0.75	122	250,0
44	-37.25	0.75	122	250,0
44	-36.75	0.25	122	250,0
44	-36.75	-0.25	122	250,0
44	-39.25	-0.25	122	250,0
42	-36.25	-0.25	120	250,0
42	-36.25	0.25	120	250,0
42	-35.75	0.75	120	250,0
42	-33.75	0.75	120	250,0
42	-33.25	1.25	120	250,0
42	-31.75	1.25	120	250,0
42	-31.25	0.75	120	250,0
42	-28.75	0.75	120	250,0
42	-28.25	1.25	120	250,0
42	-27.75	1.25	120	250,0
42	-27.25	0.75	120	250,0
42	-24.25	0.75	120	250,0
42	-23.75	0.25	120	250,0
42	-23.75	-0.25	120	250,0
42	-36.25	-0.25	120	250,0
22	-23.25	-0.25	105	250,0
22	-23.25	0.25	105	250,0
22	-22.75	0.75	105	250,0
22	-17.75	0.75	105	250,0
22	-17.25	1.25	105	250,0
22	-16.75	1.25	105	250,0
22	-16.25	0.75	105	250,0
22	-11.75	0.75	105	250,0
22	-10.75	1.75	105	250,0
22	-10.25	1.75	105	250,0
22	-9.25	0.75	105	250,0
22	-5.25	0.75	105	250,0
22	-4.75	0.25	105	250,0
22	-4.75	-0.25	105	250,0
22	-23.25	-0.25	105	250,0
168	-4.25	-0.25	75	250,0
168	-4.25	0.25	75	250,0
168	-3.75	0.75	75	250,0
168	-1.25	0.75	75	250,0
168	-0.75	0.25	75	250,0
168	-0.75	-0.25	75	250,0
168	-4.25	-0.25	75	250,0
