x	y	clickSelects
-0.064933747607929	0.365157181167079	86
-0.112191406320363	0.258336233566236	86
-0.00982503347351599	0.765862208473441	86
-0.043633330526232	0.580657335518568	86
-0.037731967319959	0.645670815871307	86
-0.069627982191747	0.469668668255781	86
0.083741862849643	0.916420772550854	86
-0.028447772445433	0.638121997756347	86
0.072057382556034	0.750339096034548	86
-0.108524504440986	0.296613642652879	86
0.00385908828814702	0.532583323017231	86
-0.01395642580998	0.637206257514938	86
0.057171647565114	0.853626990834123	86
0.094289970831589	0.478405781342763	113
-0.107657316414847	0.222102898469043	113
0.104658703124759	0.826961792569589	113
-0.083125513530336	0.171357500941435	113
0.099216333511608	0.497076564740558	113
-0.052602088955894	0.191194452770845	113
-0.096761318063496	0.10140904774548	113
0.027521144683532	0.214116619166264	113
0.042358078654755	0.248483217389008	113
0.12182301552952	0.207276503848697	113
0.119446897716731	0.221404717103094	113
-0.012370957870023	0.415517806499073	113
-0.013311696730255	0.273988411906312	113
-0.113968182835911	0.126413007000148	113
-0.027343569994479	0.127340187767187	113
-0.021708939743669	0.203227792055146	113
0.078512102107259	0.0854230851530388	45
-0.113338798686444	0.127064018249679	45
-0.00219315609113399	0.35572470678152	5
0.119619990132929	0.236872537820107	5
-0.042927589771122	0.109938842804801	5
0.120098651114756	0.206137457593075	5
-0.015430147211318	0.143532156437334	5
0.123987544393608	0.208581357709206	28
0.113186207659759	0.152698297839411	28
0.107502086265972	0.132466221999589	28
-0.014248858411602	0.361267655410706	28
0.081613523975706	0.577917279553342	28
-0.042635399120439	0.110094732135464	28
0.12182301552952	0.207276503848697	28
0.119182308114273	0.189483235714214	28
0.123527429899439	0.285153257479302	126
0.052618006629185	0.269698167871894	126
-0.064230789517021	0.173094607120225	126
0.02719348201644	0.394462506121251	23
-0.063060683684457	1.2967399108233	13
-0.121543716422731	0.746184806507043	81
0.012042272195918	1.92925887791661	81
-0.089794511108323	0.34007998281473	73
-0.05563577207432	0.301751682512293	113
0.059391419892874	0.747654316977992	73
0.072469079648319	0.796977994856485	73
-0.00999945536879299	0.22326359527607	113
-0.084540302644988	0.169674068122884	113
0.052029896445201	0.399181203500023	113
-0.024843055795671	0.192892942695023	113
0.078733631843309	0.563042118627189	110
-0.080066594038752	0.22033192473373	110
-0.054588532516696	0.280006903069674	110
-0.023340571688869	0.442681550650485	110
0.025856432392644	0.532113167939364	110
-0.120974063095159	0.263951527202327	110
0.097439395898287	0.934122688872112	110
-0.047638465579607	0.528185023094619	21
-0.066176006843433	0.0897216433545527	45
-0.029966108775299	1.20454456885452	15
-0.095984278619785	0.262834609272445	16
-0.093191807007599	0.210332417267121	16
-0.049216775838795	0.231148457993692	5
-0.121834514017231	0.144399513801255	5
0.042281616769344	0.367815497827691	5
0.015532623585553	0.418081189550193	5
-0.045984402251241	0.336043173449408	5
0.120144139089597	0.252379740867899	28
-0.076383734057232	0.121872402819643	28
-0.069541749527713	0.220523649944067	28
-0.094127090237421	0.513197596065607	14
-0.123976901839407	0.154145190187068	47
0.085012223635698	0.415496615011812	47
0.07667944566786	0.373790401675755	28
0.076984903137203	0.364106495850614	28
-0.061015366896124	0.571384063586643	47
0.016114245474269	0.65275239925633	47
-0.01162613215289	0.371239083486959	23
0.047758508150186	0.38437077026862	23
-0.055136582612275	0.275172620275367	23
-0.111526143613075	0.831329439673438	13
0.061256736993118	0.775450122410032	72
-0.012446872323357	0.826616741845256	73
-0.083256811869456	0.476137869810053	73
0.026640650226881	0.601452610823628	73
-0.016809499428546	0.263412238411676	113
0.063668533143532	0.451476957056472	113
-0.106292036267576	0.184696338754885	113
-0.119626313944801	0.147221264310735	113
0.00547236174600202	0.432817163145733	110
0.024760827473577	0.449160785351882	110
-0.030967903546383	0.37606276308119	110
-0.010091473819556	0.465562459695449	110
-0.023266224591554	0.44292331897181	110
-0.075665581765425	0.230538080489476	110
0.067455967892625	0.33030873784261	113
0.088066875068258	0.429992493717437	113
0.04182978448013	0.456408636763552	113
-0.113501894372215	0.255367170413182	118
-0.118519274953218	0.41960184136994	112
-0.101001372214536	0.332994261585763	21
0.040290894370511	0.790140056071419	21
0.122248900306061	0.81634202007496	87
-0.120506083489263	0.283179027248245	15
-0.123324301898618	0.442647244796857	15
-0.091110398595728	0.309029152553666	16
-0.083228586560949	0.285688557299482	16
-0.104900254452843	0.214082191941211	16
-0.058713726906983	0.214014967824374	5
-0.079056588986373	0.199837417609347	5
-0.0309717297847	0.233463813022579	5
-0.045696755139813	0.332880688112722	16
-0.088767533885679	0.200658714329672	5
-0.097853961718122	0.125154765621979	5
-0.00223172545067399	0.239645754112725	28
-0.038956348300609	0.324499162914115	47
-0.111242851542383	0.145864283767316	47
0.077974097000094	0.375720039750481	28
-0.026794461407117	0.318644209297983	23
0.071185326347206	0.632838868846268	23
-0.00938345582105901	0.223918421531069	126
-0.116630291203728	0.164508955384936	23
-0.082735340087028	1.04231844213801	81
-0.108156721627741	0.823952217533484	13
-0.116932621081387	0.514440243075247	72
-0.123908822652833	0.450982347915574	72
-0.030514279452893	0.982306068508104	72
0.01987476074684	1.02173937885135	72
-0.078437485944799	0.445979130199016	72
-0.124220521093219	0.2441861252464	110
-0.075186950426708	0.330909421181922	110
0.084832032111784	0.904769539542201	110
0.045117785388253	0.560068824652798	110
-0.037133709916363	0.439128100688307	110
-0.009690368611247	0.633485437262535	110
-0.039427653632839	0.497816607655975	110
-0.007645011132311	0.723277377593868	110
-0.089110739852434	0.282553666759899	110
0.04455827664159	0.468921988218646	110
-0.023508362717117	0.405798282866337	110
0.031683163781215	0.921735974216396	118
0.097412106397646	1.61761377076014	21
-0.086569186201177	0.430061993970447	21
0.079572387017672	0.0856896875218007	45
-0.032706236373401	0.407071490146205	16
-0.060837996039091	0.396643313803221	16
0.070599720995561	0.638776918827812	16
-0.020434531161239	0.339554080595962	5
-0.081748786016909	0.291715997926789	5
-0.088920330366402	0.220128423399006	5
-0.010169441072065	0.474631252442809	16
0.118090989984007	0.250614874770819	28
-0.033830467483067	0.430327124432611	1
-0.038173285135628	0.816031837442085	14
-0.040841461232853	0.906851918553933	14
-0.083404903725688	0.637152235712771	14
0.056031095545381	0.543286407544813	23
-0.073805606266382	0.350408070811895	47
-0.028128423343433	0.237123408207147	23
0.024377378089411	0.588963467166029	23
-0.122645185974634	0.531364171016568	81
-0.112700491684811	0.381505215823114	81
-0.121753021802968	0.73303802225234	13
-0.080487497713828	0.687371014152309	72
-0.121875730061626	0.48237536597455	72
-0.101165505055906	0.623723873316006	72
-0.088269373618851	0.797945468225156	72
-0.116486297199344	0.483844920628458	72
-0.113604414569515	0.490952953272141	72
-0.11104503524611	0.652471300379018	72
0.044733761815609	1.5500117412446	72
-0.086163243956946	0.463013659802494	118
-0.081960179707995	0.510400498127591	118
-0.123957175929156	0.354663397653116	118
-0.112280934648983	0.422856381504379	118
0.039166207786597	1.08179683944734	118
-0.11785899550349	0.519798970364724	112
-0.035023777582814	0.299834047166579	87
-0.001982877792816	0.400967838155681	8
-0.089145167363624	0.160527401257279	8
-0.022421056067634	0.577290149186177	15
0.06630655562567	1.09096688578645	16
-0.104698811211353	0.267700048063247	16
0.00731359314683799	0.542303637047442	16
-0.039504607692974	0.634957816185147	16
0.00617185069577503	0.837545932568762	16
-0.116371992119507	0.255822489043962	16
-0.043623128699333	0.307480944966215	5
-0.071422086196344	0.279803225445956	5
-0.013972619124686	0.356700855479178	5
0.074077783814186	0.640509470215045	5
0.093306569890087	1.28701969046505	14
0.014702725059407	0.533618297836781	47
0.008217680692019	0.594615094127487	47
-0.062972026982615	0.349093666370811	47
0.000440173434679003	0.560494909261811	47
-0.116964596029899	0.282339108587883	47
0.017989365597983	1.12185414814353	14
-0.119129234211524	0.368200929000473	14
0.00915507139497102	0.547469227587242	23
0.021781339930253	0.907679227004589	23
-0.041274830703948	0.635488263587463	23
-0.035905468975455	1.43080774314683	81
-0.099763592042878	0.66104907396621	72
-0.068448630196983	0.905908816129015	72
-0.102869962621557	0.567412611545489	72
-0.000193068872582997	1.06968095640334	118
-0.098686814534316	0.509459721605038	118
-0.056022455637238	0.692072328026626	118
-0.011761632213089	0.837745418218451	118
-0.076432182372728	0.557243712454213	118
-0.045789301753726	0.799721250874136	118
-0.009613213607338	0.962029956122732	118
-0.011532177096933	0.883060533890481	118
0.016117741596172	1.13132907898968	118
-0.102086818192421	0.506191734434451	21
-0.04146185595495	0.851574715702988	21
0.016828601171441	0.475033867357036	87
-0.010534017612454	0.464539517638234	8
0.108816743568083	0.621035424823479	8
-0.065381228239313	0.437957720430142	8
-0.080676063733395	0.492903360512854	15
-0.119202077896392	0.335218743249846	1
-0.071426431952412	0.419666634665691	16
-0.116917430528827	0.38627811081397	1
0.042791321460357	1.04369969463165	1
-0.024180847248248	0.709402547264749	1
-0.078516776902226	0.483437962595833	16
-0.090995799346447	0.381370165976729	16
-0.123562168363591	0.227247960401837	16
-0.078602077719244	0.538781842499981	16
0.00989960507917398	0.713957102394514	1
-0.079198249558537	0.400122729313376	1
-0.032012769776864	0.973573894755255	14
-0.010918805882599	0.926187845202495	14
-0.11295613875549	0.360471615209264	14
-0.105474834587973	0.336807468054753	47
-0.06391219730278	0.429084403295129	47
-0.06491740228825	0.388960768283236	47
-0.014612471443667	0.47444303250574	47
-0.113282880468497	0.324878508386841	47
-0.032844559305698	0.68806141283859	47
-0.117315188096341	0.41797850529138	14
-0.081252567598815	0.567880412321192	14
-0.000869161094638998	0.457011683116216	23
-0.085371386998551	1.0529659282383	81
-0.100145145960699	0.718288495550518	72
-0.06596588809626	0.668819532142823	118
-0.034911692668986	0.981830757254101	72
0.069439365261462	1.00248996896426	131
-0.052730603520625	0.547638913558992	131
-0.000307319312119997	0.563216397343975	131
-0.10356449775907	0.327889382362481	18
0.025434332157127	0.664617156977484	18
0.116978435952958	1.14575073704757	18
-0.090309685159669	0.251086786707998	18
-0.096156658082485	0.526239835773945	21
-0.110499485983623	0.252649188166659	21
-0.114853922285541	0.0842193727048332	45
-0.116472456132145	0.2244454475215	8
-0.072624658492793	0.611427014232809	15
-0.000517128439559006	0.729120958607232	1
-0.104268982155495	0.326788811831448	16
0.079204103356275	0.556169299645004	16
-0.017700781334914	0.578817856322679	16
-0.015583908725145	0.655689452844187	16
0.122012948124842	0.283756288406744	5
-0.074188537192698	0.250849075046796	5
0.061199228622627	0.301080399371989	5
-0.08791279037931	0.221753738522787	5
0.032675774991467	0.846896055776882	47
0.033816413216204	0.500402830278219	91
0.010918549500771	0.334327736954817	91
-0.106269517573952	0.198523495506544	91
-0.057720419019597	0.55492377682923	47
-0.092601339101085	0.590960423721746	14
-0.090459875357247	0.324593653094999	14
-0.013980008552327	0.411774068231001	23
-0.100200684160017	0.90026093725706	81
-0.110045495996403	0.797690086385194	13
-0.05972992694364	1.22761856932328	72
-0.106787636937274	0.378602962528553	118
-0.066205102542032	0.402523519024447	131
-0.033751179179786	0.572208092263264	131
-0.073095353516431	0.335859437179185	131
-0.005642860109664	0.744856254968272	118
-0.077879686147373	0.432538371285614	118
-0.107885907094334	0.394573976843097	118
-0.042927587101078	0.854211019674767	118
0.028273683818357	0.746858683989144	18
-0.00355734934551299	0.445623822345848	18
-0.013642164369945	0.63832409446764	18
0.088059673142647	1.38931646403993	21
0.061596133382147	0.878157248637246	21
-0.059388971571299	0.403919809818548	8
-0.015336806127678	0.960020659442512	15
-0.07314100608398	0.461583504660286	1
-0.00123577488608301	0.623447647825208	16
-0.099851066371914	0.31143012056833	16
0.020363554137896	0.560317368704757	16
-0.070357975615252	0.381722413039544	16
-0.031405628564668	0.414330738410401	16
0.051681402296859	0.701567268958188	16
-0.07813050691211	0.403231397158889	16
-0.051979774099759	0.191884149412505	5
-0.025378284029296	0.246266508761896	5
-0.034650696960893	1.25679466912622	14
-0.104772924290958	0.387253018019019	14
-0.050910378705326	0.286398904055816	91
0.00588463723194399	1.03197798958434	14
-0.056730402440807	0.612806852872054	14
-0.089631810042258	0.459754795990637	14
0.100394719122556	0.761667458891551	23
-0.068458457047365	0.329970351982336	23
-0.077884664962958	0.337357501661645	23
-0.068840805709159	1.23200088412102	13
-0.110459003686447	0.827684126245332	13
-0.079159523757367	1.08797248921841	13
-0.062910538622255	0.629054977052667	118
-0.06176046856505	0.947589237532467	72
-0.116841592269795	0.453241096739695	118
-0.096227146042588	0.386922285963315	118
-0.102912393808942	0.174718818207091	131
-0.027705703763596	0.387497177195793	131
0.10546643994668	0.57617927923115	131
-0.101840519603652	0.454182342535303	118
0.017405009135748	1.31663796444875	118
-0.050163265776286	0.420723419118034	18
-0.09382187730662	0.401220375390044	18
-0.06240839991039	0.17502413802276	132
-0.084927828886326	0.690074734432701	112
-0.028644262383935	0.764573560545681	21
-0.086481648043128	0.485737252700102	21
0.049581191107448	0.387263814425896	87
-0.097700833701235	0.354395738173139	8
0.009887559110276	0.504593090004794	8
0.010465819937987	1.02254772982408	66
-0.118437144953119	0.607836763417668	15
-0.086820713940011	0.579831347926114	1
-0.105401305306444	0.228671150054956	16
-0.050243112250408	0.542892171332631	16
0.028832437050975	1.16359030642287	16
0.051455993062492	0.686956832748247	5
-0.062136250668605	0.139118873247877	5
-0.077566280565878	0.265152285437209	5
-0.049223689330529	0.15639258579452	5
-0.021661055305059	0.337564857891675	5
-0.097466413180079	0.796160199117568	14
0.00965860755461201	1.13582598412693	14
-0.021041600468965	0.602870780205269	14
0.041375522866323	0.63016464847484	47
-0.037971598918419	0.560891762926803	47
-0.080857948203579	0.25600944099399	91
-0.011073469816164	0.619567635694758	47
-0.07623124760329	0.563628221333474	14
-0.096594231184109	0.521470795235036	14
0.076197477096885	1.75607414878081	14
-0.021203206384767	0.657616558383749	114
-0.111083873119254	0.160927635801952	23
-0.112726264987017	0.19831930950891	23
0.07172535444005	0.95290481198755	23
-0.081766121000525	0.254368646313964	23
-0.036298699239339	1.34624652203384	13
-0.038296855728536	1.54855484099603	13
-0.077475816031101	0.681813309320894	118
-0.075072935834449	0.4714071935688	118
-0.031469755298385	0.440531690831601	131
0.023200554239072	0.568138609661919	131
-0.023135421963262	0.653857298390829	118
-0.047018192786853	0.778986098026249	118
-0.022876836220979	0.411627818985266	18
-0.006554446219324	0.474708438300906	18
0.062197278307251	0.448663271676411	18
-0.025605429650672	0.464531503289415	21
-0.068783513182239	0.346155415220465	8
-0.026874206686982	0.999945467523874	15
0.027263898912067	0.869076909338628	1
-0.122626161389869	0.386026622830155	1
-0.025909445645178	0.565335500221842	16
0.124032421013707	0.926531690247762	16
0.00700989849074801	0.321887711621254	16
-0.06440933890562	0.090638639218792	5
0.121776164236147	0.253701813738382	5
0.067776737566689	0.483517901676411	5
-0.073360711625154	0.725734774651443	14
0.033719185837173	1.20262911462814	14
-0.018652130124543	0.3479470844064	47
-0.084768549171933	0.394576734993005	47
-0.020075699138089	0.303666512469099	91
-0.072137778955028	0.335054485275873	47
0.069236633729062	0.74872223194145	47
0.057042315821703	1.36606672964617	14
-0.038324846102421	0.172910681232558	23
-0.06345531921997	0.203558990037771	23
-0.110346206279725	0.214763925301298	23
-0.109811746688995	0.251948398206877	23
-0.109138412811934	0.850370471794104	13
-0.068138259673741	1.1561937706444	72
-0.012944987288417	0.820210450485314	118
-0.030742207852086	0.594190779469644	118
-0.043791785880943	0.55196065214477	118
-0.051701289832097	0.28505529758969	131
-0.026393382751465	0.28346189576504	131
-0.100721051708196	0.357178002344356	118
-0.011208444504842	0.664726970464008	118
-0.084667238091914	0.40829844753577	118
0.00072978443854399	0.460865390041741	18
0.116936834183686	0.697248394660569	18
-0.07253845254856	0.188059434320244	132
0.01853705523495	0.8371214410307	18
-0.057694745794428	1.1212301838461	112
-0.06479453071907	0.489302528317779	21
-0.00652179504421199	0.842386149127055	21
-0.115701727368856	0.259439834748596	21
0.112725778297541	0.152489951674982	45
-0.05602849810093	0.469270636415549	8
-0.105723009847828	0.530573181485866	15
-0.00314002594618401	1.53555338882128	15
0.048705608192097	1.09218517511957	1
-0.026621460696551	0.394330928848771	16
-0.00633718263472399	0.342820006450589	16
0.024999869398123	0.837731876422936	16
-0.021031612483255	0.302066791981505	16
-0.090853916188703	0.406532587579162	16
-0.079572714234349	0.199139289848431	5
-0.076000926211439	0.183792687017572	5
-0.0847415143332	0.142143003231226	5
-0.03132911420431	0.270977918365997	5
0.00210866679376598	0.314176355832059	5
0.089481407693803	1.49280494721286	14
-0.105329175272245	0.314525413335067	47
0.013515393083039	0.344904158152348	91
-0.066164066994004	0.171023818981811	91
-0.097692774865002	0.231999932630382	47
-0.063489634366751	0.386290086808722	47
0.03523233341657	1.14316367692194	14
-0.038690777911658	0.467781204797624	114
0.016914336685057	0.356927639179081	23
-0.05819774017345	0.214698375264726	23
0.064765672110617	0.46957167237705	23
-0.074743176490447	0.253198059507502	23
-0.011469938958063	0.90235864004391	72
-0.043134368668361	0.980666511916634	72
-0.09842802119823	0.560566045706913	118
0.115570665749996	0.74024909088744	131
-0.065265114865518	0.517746519410844	131
0.08093226770157	0.560066935177143	131
-0.098460492541177	0.284196341026768	131
-0.041099658528499	0.375413390238378	131
-0.007028689415154	0.385544212234632	18
-0.088920330366402	0.220128423399006	18
-0.074129476836797	0.349616084822007	18
-0.027159803848168	0.712323797023814	18
0.119080268923684	0.18942000240109	45
-0.117573292364896	0.313987541125288	8
-0.0250366485602	0.429823259869206	8
-0.050165900323788	1.15030067785254	15
0.026590889868548	0.751889380767285	1
-0.094926566356161	0.418452042541358	1
-0.080729954697351	0.287957704564538	16
0.021255067721271	0.508892001999771	16
-0.073192794277522	0.296610190812613	16
-0.079983961290814	0.260641833253857	16
-0.107952465520415	0.246151520365136	16
0.008998772433779	0.331328918216878	5
-0.107358119645484	0.183109969510774	5
-0.008912030853473	0.622454552736703	47
-0.107782423685471	0.19608353862187	91
0.064852269944394	0.461771379743016	91
-0.112380875483894	0.14452342351779	91
0.111230619943029	1.77428878649792	14
-0.116537713454664	0.151102323998927	23
0.020355932018546	0.50660834070692	23
-0.092050121864557	0.88677009554573	13
-0.104870518918756	0.796004258859743	72
-0.104742408023148	0.608044491712676	118
-0.00753497587885901	1.45406229081815	72
-0.043165192177748	0.827177813230175	118
-0.108805190424314	0.464684379875197	118
-0.052513193302233	0.458893203394632	131
0.025016543949131	0.590810275057865	131
-0.00487786523268599	0.758117669733553	118
0.026403043078645	0.533601561569897	18
0.029406302964391	0.553403737452688	18
-0.070318623905807	0.795139660391427	112
-0.047783657342142	0.520916592192382	8
-0.082335006758194	0.649561792237623	15
-0.089658505148533	0.560127374020458	15
0.041073621582776	0.793300875289497	16
-0.118801437390701	0.208773995534854	16
0.029808877190208	0.703162871423567	16
-0.050164114572297	0.557179879317615	16
0.076984903137203	0.364106495850614	5
-0.121213180393427	0.158133844661438	5
0.034713327162637	0.33354162291807	5
-0.081560572867311	0.214648588285259	5
-0.109524767156889	0.520446796772753	14
0.00317138327872901	0.371134577795821	91
0.082006277239805	0.562482525433991	91
-0.035644185122541	0.484580753038059	47
0.084465840404139	1.08434382641228	47
0.098156129873032	1.2574680436974	47
-0.108655458915559	0.427641089410607	14
-0.064353552612554	0.609468817632189	14
-0.09791285129444	0.242727457468767	23
0.121384817208026	0.727696859169083	23
0.109924374174357	0.623728886131145	23
-0.039174948555843	0.466399909887116	23
-0.063641733365504	0.772584147763504	13
-0.081109435078628	1.0740749208382	72
-0.086029072564442	0.593104290781751	118
-0.043581440904771	0.892484119011469	118
0.104678168962859	1.45090740118502	118
0.103238726280173	1.45988389021193	118
-0.027431987415578	0.653358132741444	131
0.048779264145749	0.981273638157186	131
-0.00491408576508901	0.717042972855901	118
-0.025338180052843	0.754388451033949	118
-0.038486404168413	0.678252036730513	118
-0.06578958619032	0.455936054735845	18
-0.054179993866109	0.676991305600356	18
-0.108863527866508	0.515995531400507	112
-0.051340174162483	0.860010145580012	112
-0.109485137804863	0.510725590950766	21
0.124579771102618	1.86873040814754	21
-0.013226956220303	0.320224684824014	87
-0.00123880162720599	0.303275740092248	45
-0.00118836105874101	0.407890741040413	8
-0.120807770362923	0.380536239157699	66
-0.099718077295566	0.211815242658864	8
-0.067833039179627	0.70934626200772	15
-0.080986336727961	0.427582528763953	1
-0.121281325911765	0.263163945598533	1
0.109121723461528	0.886601901134244	16
0.071833872945608	1.04137146818897	16
0.048177834442258	0.745928370021969	16
-0.013668750193345	0.481594493392658	16
-0.07031325034345	0.384958576626664	16
0.089318848897745	0.450617393933527	5
0.092582541711524	0.465949128487659	5
-0.062424459464297	0.566716648166307	14
0.037124986891585	1.12072613411602	14
0.083340731052238	1.13996713196309	14
-0.113470965979759	0.384648452112349	14
0.054444402546279	1.16895516262663	14
-0.095730932579595	0.235585607667814	23
-0.057550428367671	0.487885041211547	23
0.013592013554456	2.03673963459994	13
-0.092042926246982	0.886121881104457	72
-0.090769425653904	0.987019862508629	72
-0.08137325991191	1.10899321674672	13
-0.102822186160094	0.51941527372444	118
-0.119035906573285	0.429684111750943	118
-0.097870706988383	0.495699863752685	118
-0.116493402769551	0.399491796036565	118
0.00212418780358598	0.932591536971077	118
-0.096586714193805	0.511530089836264	118
-0.089698089035215	0.515656428746077	118
-0.105182855347525	0.494507242408747	118
-0.00300979280335201	0.801294006906739	18
0.035046643027939	1.94214568771069	21
0.110518635609866	2.08842106094892	21
-0.055378673278962	0.21837883085216	45
0.038379975486147	0.234259655665203	45
-0.03387160480956	0.301798374358997	8
0.066898559523943	1.08075005819867	1
-0.105577085292877	0.325092542986123	16
0.034918337822845	0.801956690751398	16
-0.065248977132743	0.405181964812924	16
-0.095835277157133	0.420020306029022	16
-0.107446390733807	0.259330526095673	5
-0.039458097288373	0.349664722188342	5
-0.067248781626366	0.247496030395281	5
-0.058525264577863	0.31179951503326	5
-0.0626984750115	0.303544666647183	5
0.109699907880188	0.632470968448549	5
0.123869031450514	0.849813412722028	1
0.04691582517099	0.860431968657024	1
-0.017863383542645	0.952922609319955	14
-0.10962033295935	0.55275044521907	14
0.039536016829313	1.30273905289946	14
-0.097981039277561	0.35134853121085	47
0.082739224350874	0.896758828337833	47
-0.106734219841639	0.335160950816089	47
0.037798364339726	0.848865691070873	47
-0.074312071071481	0.381006859504062	114
-0.045344977364432	0.409983132314013	23
-0.053137602901648	0.460395702242232	23
-0.099342784562743	0.894671545196744	13
-0.060015003615934	0.610781916188413	72
-0.00212003238516001	1.0591962493661	72
0.044427880473302	0.907409756505217	10
0.11280892641692	0.899097962568255	10
0.04851544873927	0.740416669219787	94
-0.096963452507667	0.260835467484971	94
-0.092745371792284	0.365812479980621	10
0.031892982059657	1.34210994982686	118
0.00658629947752198	0.643692595113018	18
-0.04207648789415	0.482098102810068	18
-0.115108750249079	0.229262562055125	18
-0.093751362843824	0.42255589501842	18
-0.019839010366144	0.46074720751193	18
-0.104084340080622	0.17314141290072	18
-0.120442512911025	0.363935860820127	21
-0.008330013757468	0.829361312790947	8
0.08806246944318	0.808564134492969	8
-0.057192050306696	1.08332044444829	15
0.086095936942485	1.54571412225226	1
-0.052656977463335	0.748580133189682	1
0.116954041212665	1.01680290783002	16
-0.097927933213377	0.316372305228316	16
-0.085422755496552	0.208934172859527	5
0.053257681175051	0.747308390116219	1
-0.063016226536829	0.460629763371189	14
-0.08939008746209	0.44231889917984	47
-0.059424824087515	0.634213295283835	14
-0.121852791273992	0.40925530702344	14
0.081023555442493	0.5684621008572	104
-0.077214239106368	0.354692008294881	23
-0.124724045337441	0.25102893435506	23
0.056190867622894	1.35620730757392	72
-0.00777701061007	0.907219146763451	72
-0.114946867292131	0.417630878431314	10
-0.093165397910012	0.336174103916864	10
0.101524003479662	0.530139997466662	10
-0.043035241488767	0.308642228659585	10
-0.022620922943831	0.412261230205101	10
-0.108569064097232	0.327827743403717	10
-0.092700909544107	0.274868626392788	94
0.018478843387354	0.288354889333126	94
0.107190468668126	0.853162827460752	10
-0.024593599902382	0.494690057687342	10
-0.07495337069815	0.41849506390598	10
0.019596638968374	0.75991646128458	10
0.04029887009727	0.541617510462523	18
0.026891477746324	0.540753931806677	18
-0.021524883009135	0.251336367791605	18
-0.055539385944775	0.528069922746517	21
-0.039795590571992	0.28719267492536	21
-0.08130439535658	0.238719707928079	87
-0.035884202695407	0.175189535071008	45
-0.118974384988351	0.289131414233965	8
0.055655807432702	1.0456043735611	15
-0.050649568966961	0.843608111607691	15
-0.106029657962597	0.358591763837106	1
-0.049143174408534	0.721152518694032	1
-0.071901542266071	0.393695152959882	16
-0.101294680612919	0.209208636943294	16
0.04010458356797	0.601043275015072	16
0.035357217747406	0.429900936031619	16
-0.018513553726524	0.492844025872077	16
-0.023116272267447	0.613184763654696	16
-0.118842613816885	0.277547523008335	16
0.037714102518358	0.345662888061409	5
0.121154164969438	0.282915275030569	116
-0.105148377228465	0.256135095146367	47
-0.111958958177672	0.159758069538927	24
-0.036479086242906	0.174637542341694	24
-0.053467465195424	0.306059336125559	47
-0.104665017114265	0.318444344826524	47
-0.038731248813931	0.717167013063175	14
-0.010900873493958	0.970942310162468	14
0.117880637500211	0.718678886289639	114
-0.102936578964828	0.273924869348259	114
-0.103230470835609	0.158511731868579	104
-0.071163555312276	1.18417469828006	13
-0.12414539453297	0.589406900759021	72
0.054375129937817	1.15676936171563	10
-0.042468104344573	0.739033965543185	10
0.101406779046694	1.29100981150552	10
-0.028105097443102	0.56591914241172	10
-0.103996927929751	0.231311779608778	94
0.076078682115311	0.986677254421727	10
0.038680338635501	0.765603066479358	10
-0.102442497199784	0.312490819838618	10
-0.078766030800948	0.386710527069872	10
0.05756602404247	0.970539455184136	10
0.031591095141421	0.64036734534407	18
-0.021380342549248	0.410601806258557	18
-0.091666506116768	0.230952102919569	18
-0.072593868783277	0.712219257140493	112
-0.029528844898152	0.828341471665649	21
0.044404089635588	0.825097543714405	21
0.121809402617126	0.283399140260056	45
0.114224528983161	0.959648467990885	8
-0.110284295515049	0.217245982088867	8
-0.112723866657402	0.399665438628801	15
-0.017022896205503	0.87518658328304	1
-0.112381722469044	0.257815524354992	16
0.058406045478717	0.643657049334082	16
-0.024286826202113	0.508705535575029	16
0.060542512689787	0.568221229959958	16
-0.065225096264132	0.340578668483766	16
-0.071823673007199	0.299319159713439	16
-0.036602150068088	0.419232347792858	16
0.011277811051256	0.519002402278673	16
0.00071087359935601	0.593464447625433	16
-0.062895431437519	0.234131110551707	5
0.102848013787766	0.542248814336903	5
-0.086775371938247	0.140209739575807	116
-0.104241995426241	0.340367019343515	47
-0.042029089861606	0.429812183208741	47
-0.017223739560299	0.505610392131874	47
0.020452600767369	0.44014192224405	24
0.076360783441316	0.525525186747925	24
0.041000748748077	0.543399758937879	47
-0.091840806761291	0.34806927252336	47
-0.106965708400095	0.439465442733046	14
-0.00341422697347399	1.00858553961265	14
0.057228934082867	0.539008959177378	23
0.034389158337563	0.508112064839599	23
0.012025027504861	0.46955889218384	23
-0.099012389905212	0.933647196256007	13
-0.001699001929827	1.43039734524023	72
-0.095471117856468	0.516463080808838	72
0.015952360703716	1.34649620334444	72
-0.11350141497886	0.503982997161922	72
0.00885806173711701	0.667092252340419	10
-0.053264951244205	0.310084436347672	94
-0.075040253880997	0.325260013302741	94
-0.122671606525585	0.216727253695051	94
-0.036510722205087	0.514625879899097	10
-0.035397403953409	0.546429442314611	10
0.040536583696508	0.944575688905464	10
-0.067985319837081	0.546810515358007	118
-0.111412968137493	0.248492630022996	18
-0.066616096150268	0.295837409038156	18
0.023671777113914	0.532131851503727	18
-0.091795251770251	0.376538310901629	18
-0.048630277541849	0.836716654097246	112
-0.090552877899369	0.554102118050445	21
-0.048343220786764	0.65236557812396	21
0.120391010900894	0.252613956446402	45
-0.092265258037761	0.195718471965324	45
-0.101234232825642	0.265045659455232	8
0.066754239791879	0.465345542647924	8
0.00393394690843502	0.965373001367792	15
0.055938027739134	1.34122231554664	15
-0.012824835235651	0.84401485436621	1
0.028797413779376	0.397328579751146	16
0.054523151051367	0.625727579829436	16
-0.108718268877477	0.280282265095409	16
-0.058953875796259	0.213701134872257	5
0.041465560472449	0.358982919433572	5
0.080415253898875	0.379238089519188	116
-0.038415540860831	0.289474443305161	5
-0.119376060250079	0.533685869540398	82
-0.012384775887236	0.326895353623711	24
-0.120703295124601	0.158849192581545	24
0.120619647484591	0.764124525785753	47
0.011237550399841	0.507909895602008	47
-0.114495334658144	0.347724945137249	14
0.00566995447461899	1.11522161662301	14
-0.056441894012593	0.571726133117928	14
0.08260071910014	0.572081329208652	23
0.070538322392649	0.631144340748731	23
0.089568844910249	0.838087831416439	23
-0.100636649273181	0.24009034755867	23
-0.11439116514164	0.728962857831511	13
-0.097001480171402	0.479222947788663	10
-0.055004295098384	0.429593686741936	10
0.09932854597341	0.477780118490654	94
-0.113544387079502	0.209063060321839	94
0.077122922103688	0.897618508645502	10
0.078084298750365	0.886332286672427	10
0.037276401570055	0.611834023039049	18
0.040779736912668	0.350164941086449	74
-0.017192978649865	0.262881941296702	74
0.105215419513075	0.916457249111909	18
-0.108774466061383	0.437982665819402	21
0.076962643862487	1.438251016627	21
-0.022810120125772	0.407396433799268	129
0.086929954434758	1.03162075620544	21
-0.052108608878992	0.362753214517756	8
-0.103318142023952	0.258199162413187	8
-0.059993560570166	0.607809985367421	15
-0.124151892356647	0.281050142323153	16
0.052747651186528	0.620844021909086	16
0.0482448061356	0.265062161456869	116
-0.024032688712707	0.292184245595968	5
-0.053334971557751	0.225536149345606	5
-0.045668811660243	0.353482341548731	47
0.089003174520514	0.431446540321463	24
-0.034327356057055	0.399120688510219	47
0.100599712255573	0.779404344688601	47
0.012751980688332	0.273212604685873	104
-0.068910208703146	0.305415569312103	23
-0.041372028495128	0.319733259452814	23
-0.070514545550325	0.302116512945797	23
-0.075281072929043	1.03958390872439	72
-0.102410394599731	0.572125194063496	72
-0.050729895168961	0.796469975791044	72
-0.037515515427468	0.643133008474872	10
-0.096826916507988	0.396318136275896	10
-0.095778518272892	0.268361209769234	95
-0.074237365467112	0.274558157293194	95
-0.123174401152676	0.176679864729354	95
-0.117893015699205	0.177665796406101	94
-0.123647626414525	0.243614384037847	10
-0.061214228034906	0.381076642950285	10
0.057783336158792	1.26284885055413	118
0.067632133918497	0.834584151571082	18
0.098928755117015	0.705525847975108	18
-0.009567830636598	0.462183135595433	18
-0.124926792453968	0.289468228357909	21
0.016276265444846	0.28544992294758	87
-0.057817606575572	0.57590672213562	1
-0.032427846907795	0.56428663419728	1
-0.076578393250542	0.302752803682294	16
-0.091277627901429	0.308603271286608	16
-0.075867641881731	0.323366570186386	16
0.014590752671777	0.522091769229923	16
-0.074791679343849	0.403923710933406	16
0.064676182215407	0.316118132232506	116
0.030798722688547	0.217026248601395	116
-0.010639962418184	0.373282904721509	5
-0.034458442788515	0.300762317874494	5
0.066104240195715	0.723974057143187	1
-0.064903531459761	1.05630122718799	82
0.02224615242236	0.51692731775516	47
-0.112594160751873	0.127801925363583	24
0.044700714063143	0.934363260914331	14
0.00597766423291402	1.002715770067	14
-0.114527742056157	0.342379312415811	14
-0.074362050510912	0.15738979471598	104
-0.100395848693333	0.928056472155471	13
-0.046449781955906	1.15691008440333	72
-0.120585474768488	0.700386716870157	72
-0.071991011806958	0.581503548341934	10
-0.068174827839026	0.498767044541351	10
0.012345907663188	1.10635024612011	72
0.030104213301443	0.953755517660102	10
-0.081409661543163	0.40744185533725	10
-0.019802750648087	0.447262325399708	10
-0.121688324303057	0.144593667735834	95
-0.00865572491914501	0.3333539563549	95
-0.024350566619318	0.247640213460728	94
-0.113968182835911	0.126413007000148	94
-0.016929827269384	0.308648046924578	94
0.037094327630717	0.605047828440284	10
-0.063742862758476	0.429622974835705	10
0.065425834101569	0.588026070272133	10
0.015632623312436	0.651064533956812	10
-0.086042312136695	0.358116143537443	10
0.058359783094987	0.556003159020342	18
-0.063488355385842	0.137997057995842	74
-0.04730235805718	0.158074623491699	74
-0.119653404264601	0.539167033539248	112
0.099331985027691	0.506842432038131	129
-0.115106698786752	0.295101090764902	1
0.100812631456848	0.509606152521539	16
0.122193467196705	0.900832618108425	16
0.055467509612644	0.527744778899668	5
-0.062015979894808	0.235450820860165	5
0.011611356683103	0.181296383072776	116
-0.045746518296625	0.204517251453266	24
-0.088055592863439	0.451535185053761	14
0.064327960168042	1.22004887886654	14
0.0666147571303	0.318469772039391	104
0.047880511830918	0.482835074185934	23
-0.063201041842764	0.306035755320883	23
0.108005488091791	0.581673537757095	23
-0.029533380388121	1.64472720942388	72
-0.07541468823921	0.760327631151054	57
-0.075050609479629	0.542333700195109	10
-0.00454699590587901	0.6519137946499	10
0.034889661793772	0.65069864663097	10
-0.000023274617879987	0.410306349619495	95
0.05002997368192	0.798976968053256	10
-0.088618635878069	0.239108809185	18
-0.124281764906847	0.196605362841037	18
-0.074067120064513	0.157679933797219	87
-0.030389055194764	0.833548640208342	66
-0.037990664129586	0.845665792635727	15
-0.037968218344455	0.5986392300704	1
0.067083156203776	0.614462907855917	16
-0.094927795557399	0.326598955572223	16
-0.044880892414681	0.362992842254424	16
0.088431101365875	0.643863963994882	16
-0.119307694983305	0.133602859546192	5
-0.08227895227687	0.535364583550371	14
-0.12207901999495	0.334788349542341	14
0.00950480199679998	0.603976457933666	47
-0.04778863895393	0.69901543622602	14
-0.016732748418486	0.715266750949714	14
0.11006965126621	0.605212683308359	23
-0.087196496635516	0.256951913005298	23
-0.030781601563131	0.344643433057564	23
-0.052877078706683	1.40766363631837	13
0.000551377323126989	2.06002180189511	13
-0.106113167226759	0.837835990306741	72
0.00382459409779901	1.69971842437743	72
-0.077589215413641	1.06206110093135	72
-0.02560561459401	0.852545951817038	60
-0.118642557098136	0.444138688230021	60
-0.018123492650268	0.652250574381439	10
-0.079303455456556	0.564753084881735	10
-0.086821175950106	0.40149588960302	10
0.098142537118796	0.763119368609078	10
-0.046084591629166	0.268186302999312	10
-0.100727183716209	0.289401701899042	10
-0.081060647279429	0.374655644545438	10
-0.085934092340941	0.353027650887793	10
-0.025910928402187	0.595146036861674	10
-0.079597350653611	0.509589216157377	118
-0.122250433048188	0.178162962975698	18
0.00567114580844602	0.256676404210314	74
0.066446273422991	2.26942044021488	112
-0.046076948762176	0.891270605597645	112
0.014120039789808	0.352214900869015	129
-0.11152073348084	0.160367767958859	87
-0.049344916064566	0.156232266907655	87
-0.039738064686007	0.403495421896057	8
-0.096418139424265	0.370129391007628	15
-0.094783164176918	0.38193705626744	16
-0.002982935780004	0.676546069928	16
0.00427451885556501	0.577251780831233	16
0.025549212240484	0.742294076295551	1
0.058526122873808	0.93555806444134	1
0.00590481368885598	0.489131982781402	5
-0.049571417653812	0.156091842418234	116
-0.114853922285541	0.0842193727048332	116
-0.10106931208738	0.521818729068444	14
-0.087118778249731	0.304159444489402	47
-0.038839623557938	0.380576076450451	47
-0.105533836061433	0.38469560917977	14
-0.102292679906698	0.432265993240851	14
-0.080915670811132	0.467317110539314	14
-0.073727086011345	0.588947057969357	14
-0.067911917553722	0.394645804091143	114
0.095499832485353	0.461591999935954	104
0.03279228412516	0.330849883654033	104
-0.070678194307849	0.321825118616696	23
0.049813835020469	0.599259610831592	23
-0.118595775449382	0.769553988102983	13
-0.089463810441055	0.49868894157446	57
-0.108886918254938	0.279857753834379	57
-0.080303325409794	0.543574025231219	57
-0.00651620800364	1.81748431485318	72
-0.022643191869212	0.751097536925243	10
-0.124072706533579	0.376943111286238	10
-0.067562896199436	0.565056448935202	10
-0.112404008501466	0.333203733923174	10
-0.023682695489101	0.333744559358836	10
0.009757361954152	0.649150039059883	10
-0.073812526980428	0.210602289530467	94
-0.00899331338741899	0.427993541330981	94
-0.098855952768641	0.364971918200719	10
-0.022765654837658	0.472217742535168	10
0.011203921154488	0.775862258232875	10
0.043181915783791	0.775803505657658	18
-0.091189386619787	0.158221545610488	74
-0.066314894735998	0.871368558753031	112
-0.060574529950293	0.725027540011176	21
0.002942098588054	0.476586479430617	8
0.081913920636607	1.28445249375604	1
-0.058596236855844	0.491789202310882	16
0.117620073823711	0.755501888196769	16
-0.10805109745837	0.284090715282582	16
-0.011138275390844	0.585639207933792	1
-0.096589652148474	0.39721508681606	1
-0.049004365976692	0.263609668595071	5
-0.096005586337688	0.126851136532206	116
-0.075745182822621	0.918555034320289	82
-0.121297984908197	0.406718698975943	14
-0.100747080618012	0.266095846993306	47
0.032425224079005	0.730319360805883	47
0.038053337515958	1.41217045733171	14
-0.040243287181637	0.73030633918768	14
-0.042231607476952	0.66186176120688	14
0.083629997632229	0.607058277216509	23
-0.087505690346987	0.271279201221547	23
0.050543885594315	0.509534435571607	23
-0.096070109359711	0.276190251502069	57
-0.106364286636485	0.479991176794133	60
-0.113095118949079	0.309089562568962	60
-0.067263902089505	0.685583028490965	60
-0.040708923054567	0.281217862700437	10
-0.000489453397290007	0.515342818373584	10
0.056101384837207	0.53618658297125	95
-0.099638016766145	0.270906063051484	95
-0.056998110833846	0.340973617677611	94
0.093131944191574	0.875757431882143	10
0.015201232344684	0.488174195667016	18
0.041097098441413	0.774294593425835	18
0.110212521146517	0.651902069233067	18
0.049842658922116	0.5926470097682	18
-0.059674887082547	0.488150752549323	18
0.108912233986095	0.602681478926589	129
0.04933892701595	0.66033651666931	21
0.0417340637439	0.0570664528087262	64
0.111585054204691	1.04924299738218	8
-0.077110776756323	0.26905879095458	8
0.124340278357113	0.889541387485519	1
-0.00175876217981399	0.50203747243652	16
0.111295483556413	0.597999829374647	16
-0.056123364713343	0.394232669901654	16
0.017132873528461	0.357290368081517	5
0.029802761514087	0.216166303030767	116
-0.099075371070846	0.124099514053959	116
-0.032361734962548	0.403764345926461	1
-0.117772313764433	0.587239110365903	82
-0.12165574950948	0.428264915087534	14
-0.090834402776068	0.278877147423061	47
0.055131941548759	0.283257737802877	24
0.034517880037348	0.340815766751534	24
0.035616368969786	0.504536398218469	47
0.090649779104308	0.649672748193484	47
-0.049792778858271	0.538198687796762	14
-0.081901717782703	0.541373986913796	14
-0.088499699246518	0.332147615121284	14
-0.016042440801135	0.264455559051826	104
-0.091193672702993	0.280446936180807	23
0.084456158751529	1.15026693768339	57
-0.107101055421413	0.39112767663735	60
0.054593058794309	1.1222435612463	10
-0.12315536571228	0.292913207265378	10
-0.05009412350151	0.367429160595607	10
-0.034274525151629	0.337684945110258	94
0.040432999519577	0.778392458050277	10
-0.00396313065169601	0.44461528224709	10
-0.123077392655562	0.16749852112096	18
-0.112989499783808	0.185373790988687	18
-0.052203956104631	0.191620791822205	74
-0.085219942474815	0.511206448086596	21
0.083256030022889	0.744870983514879	21
-0.020787642241392	0.38296664533074	8
-0.006021123527718	0.56699884400093	1
0.054151576918673	0.709546827532366	1
0.018935373132158	0.436926300811808	16
0.03333009472251	0.42591865115695	16
0.089636691453611	0.613455181838951	16
-0.078791986507076	0.300931057885257	16
0.04540064214206	0.923598447544892	1
-0.046993317657913	0.301370415812149	5
0.00945072322332902	0.179665806112005	116
0.067630884512303	0.466964021748907	5
0.00188093578070597	0.891228668009996	14
-0.062044854541773	0.347866492854006	47
0.063543933065091	0.303745083598752	24
-0.045273777089325	0.205048546014412	24
-0.063081057823257	0.40806183109938	47
-0.112813915894634	0.394307745552688	14
-0.059974264376119	0.444082994252718	10
-0.001099280954065	0.303490671836026	95
-0.116823303142593	0.210289971145646	95
0.113912088827283	0.698574682726116	18
-0.074098655752525	0.954693129870296	112
0.011865440347314	0.792879378642268	8
0.00107629459237102	0.509621245323496	8
-0.055815019203019	0.487442744860152	8
-0.107102966462366	0.760294134807697	15
-0.00279208841745399	0.587299119872598	1
-0.093587043239604	0.270397280045481	16
0.068270480866546	0.760296080503701	16
-0.107536339939003	0.234776161647501	16
-0.086704546132069	0.458710688383617	1
0.019921635169445	0.553360109092851	5
0.115107649515729	0.673794045297939	47
-0.086945196454964	0.385555987665845	47
0.061500310086467	0.30142707799572	24
0.00383631972791698	0.317049205275608	24
-0.042589902339298	0.820774613267219	14
-0.105062071788852	0.447027446993333	14
-0.065002508450704	0.402712523817453	14
-0.082320728824026	0.253332812650642	14
0.00502652457106501	0.997400940187451	14
0.028007934818566	1.15843443324907	14
0.062039578318623	0.900911292760451	57
-0.093553210763637	0.575120423800552	60
-0.118586797223877	0.186296448703903	10
-0.039777095821815	0.543708600668156	10
0.097840080098564	0.728467170432685	95
-0.079417635151715	0.199263376943245	94
-0.105964296355548	0.41731558426023	10
-0.039847652807569	0.685031122558122	118
-0.068259776078874	0.330407620912752	18
-0.003631536716177	0.802419950018651	18
0.060609711522448	0.935218187317329	18
-0.115330530626701	0.393786627067264	21
-0.067162382552077	0.475497357413086	21
0.014065880092309	0.70697810305317	21
0.022676295961394	0.37976798272846	87
-0.021579047506335	0.850881071041643	66
-0.106173960556139	0.338784070182386	8
-0.077804333161609	0.374367908005673	16
-0.043567629574279	0.418348743357514	16
0.00461340505344199	0.53979857619274	16
-0.05057018459172	0.155200844374922	116
-0.073958842801238	0.157796074754073	116
0.053914721007751	0.410211495112416	5
-0.06469714263704	0.277826818882696	5
-0.095799277170481	0.465154924770736	14
0.057273402655136	0.640491808525648	47
-0.117096486003159	0.294220002564543	47
-0.009206303985861	0.50788726750708	47
0.043289524147015	1.10457303666417	14
0.060900755961459	1.10412049623295	14
0.064617223543462	0.453144671391119	104
0.122268722304043	0.825736999628413	23
-0.088758555751169	0.303056570690288	23
-0.029115537170896	0.314672221699173	23
-0.085257333838009	1.06262989516198	13
-0.086790118923961	1.00357313320015	72
-0.086024712193014	0.952034188716256	72
-0.06587647192758	0.831931069771554	60
-0.02145445130125	1.30351988347747	60
-0.08048481224065	0.773376588852146	60
-0.041736700922249	0.831298797108001	60
0.080475204545578	1.59686331756642	60
-0.088395365897513	0.443545557023055	10
-0.073005997961673	0.387582174827279	10
0.087273597002094	0.986239018946231	10
-0.073030258157181	0.453758451080336	18
0.025919798157438	0.709157591108461	18
-0.016273000298779	1.12488713134744	112
0.020904120237462	1.12121032988587	21
0.047992049634803	0.38472733492105	87
-0.105757456506761	0.212610750132466	87
0.047980385443451	1.0823088362967	1
-0.077235539162256	0.484643994218952	1
0.00537827960514098	0.596202886983857	16
-0.066693057790635	0.374715275424895	16
0.00332086848157998	0.664088399014998	16
0.049883735415863	0.395583956434651	5
-0.088340443449495	0.204571177431878	5
0.088014719602957	1.22045374206431	14
-0.052699326067064	0.458360611238049	47
0.022311325650043	0.379132788194962	24
0.026285935636989	0.673342035180587	47
-0.057008963194192	0.547794216565119	14
0.02054968942955	0.994439890983618	14
0.023897257898722	0.64200410498843	114
0.068555835892442	0.633174358294479	23
-0.049292148408649	0.293264624118724	23
-0.100957812646879	0.195465491140544	23
-0.109569838366437	0.301089299778032	114
-0.071392815099547	1.18766265797116	13
-0.077643474665634	0.509414776967282	10
-0.017322073159667	0.685205507267083	10
-0.061707622819919	0.438870744344193	10
-0.088127674808976	0.352354206311326	10
-0.066926947468895	0.511589792807882	10
0.01681234101334	0.695316885352119	18
0.014178324415924	0.724812885916159	18
0.036950902955839	1.34949610013014	21
-0.118810567795851	0.161498141509633	87
0.087909546159272	0.808020462082644	8
-0.097098895299583	0.249549080845438	8
-0.010465692905024	0.419822208261097	8
0.01025025595946	1.00353278925176	15
-0.105075822863676	0.419985426582467	1
-0.010622915023566	0.620966937588932	16
-0.123026557407758	0.198902022407698	16
0.08837746066394	0.817720460430018	16
0.00928066656061999	0.619230540686399	16
-0.108986818748597	0.300466885581459	1
-0.021523368000178	0.251234775861357	5
-0.022551965478963	0.24999490628716	5
0.043829833929166	0.370348768217224	5
-0.121788018674165	0.220537349597794	1
-0.067462408736186	0.506908260802925	14
-0.109997320303371	0.265444334516286	47
-0.057156686942205	0.298991408626801	24
-0.065526642333373	0.319124437329503	47
-0.049549513397881	0.665031936539957	14
-0.076647319511081	0.619091626240624	14
-0.091561856363474	0.522603988978939	14
-0.043669659688335	0.806006086337191	14
-0.031079747762181	0.717011625305003	14
0.077246213215409	1.28487732636737	14
-0.062638334568753	0.512258823455299	14
0.12398731404915	0.86900316142964	23
0.00870078207595998	0.43977792820163	23
-0.100623897823544	0.888778949540061	13
-0.112657298738123	0.387507234981629	72
0.017759901873264	1.70141800639406	60
-0.0536393210046	0.866865843919988	60
-0.064547826175586	0.61349001052903	60
0.033738336334767	1.5601776480845	60
-0.112689938765011	0.462866397301799	60
-0.031464787248256	0.790306652881393	60
-0.037936470636752	0.444963604688909	10
-0.050663821775634	0.629383128404287	10
0.0738590825675	0.932707035183134	10
0.097030163550611	1.10216046710874	10
0.04870358161195	0.767740235569831	18
-0.076573844768972	0.305803394946785	18
-0.122328682887612	0.217410332690129	18
-0.027159184986535	0.451800131574085	18
0.066995722282591	0.621576193157254	87
0.121955117698308	0.238634877520482	48
0.097468493669792	0.735705794120829	8
-0.10930705045408	0.448053343573353	66
-0.052834916441069	0.457930341563778	8
-0.091614079247987	0.823337434993397	15
-0.03496086982918	0.575369728649064	1
-0.018247523143687	0.710636110633053	1
0.00747797607866602	0.581517419262585	16
-0.091311492257589	0.352098191255246	16
0.070348121955183	0.759947661991597	1
-0.090216538691982	0.406130077385601	1
0.048842960975931	0.265732311212495	5
-0.124326535447858	0.174838336598768	47
-0.072708458619594	0.212280217092079	24
0.092813662369994	0.447427722833168	24
-0.071499122742999	0.323060439842863	47
0.00347681703642699	1.14873647952907	14
-0.076438753836682	0.436218399994048	14
-0.00466885022177799	0.566543658765111	114
-0.025855469090909	1.18917704032545	60
-0.085507727813592	0.714941254383194	60
-0.049616629608846	0.66465346065767	60
-0.05390532159982	0.37754550487227	10
-0.055267257407412	0.535104344168532	10
-0.00179146024510199	0.685700704118897	10
0.017407448719951	0.651439747092364	18
0.065043300675183	0.470100870846426	18
-0.122891441775773	0.129538016030822	18
-0.031595265167584	1.15149140766233	112
-0.056024052263839	0.85714136180412	112
0.033251385567873	1.30343732943354	21
-0.0253958798416	0.707713570693295	21
-0.00614380165765199	0.969047112330788	21
0.08532332604596	0.743232241931589	8
-0.019478516885843	1.22691322940321	15
0.036800493466587	0.532753539900815	16
-0.1208560131802	0.233034423962761	16
0.060246215946744	0.995985983773138	1
-0.074809951306104	0.366842852781739	16
-0.120742592510466	0.180577156013423	16
-0.044486348814041	0.524135464617404	1
-0.053431592120416	0.282036201518171	5
-0.006533499435807	0.226988317218475	5
0.033689975455231	0.332147364095547	5
-0.033072801869536	1.20907610528247	82
-0.028925370787822	0.667058685251798	47
0.000721995228855021	0.916773585770995	14
-0.096758108088225	0.627231259785683	14
-0.117745472976361	0.324746372578423	14
0.038446664144216	0.354265311957137	23
0.026024687099746	1.70045001242789	60
0.059681522422207	1.53870064314459	60
-0.076239992953425	0.777308762676033	60
-0.08451136337951	0.424293998971961	12
-0.063082714280644	0.766086763453088	21
0.043193470733417	0.249373825858436	48
-0.012670253793873	1.15169610801455	66
-0.078837475594176	0.316554492998653	8
-0.072017073688267	0.575515993920237	1
0.06046428924617	1.47125060277865	1
0.057505837908174	0.983063353280885	1
-0.032879783395683	0.57909909170235	1
-0.103461501647333	0.335522852418319	1
-0.077352466293797	0.248645879281199	5
-0.079888027126447	0.713138578981955	82
0.090889785222556	1.3786895651994	14
0.00845997816633098	0.829326310357162	47
-0.05115625870141	0.506173757951465	47
0.046746103366832	0.571112709617101	47
-0.019937818273606	0.606739909357731	14
-0.045761126512443	0.541546463478344	14
-0.094796891179563	0.428063378028679	14
-0.026223132433147	0.49006894379251	114
-0.00297196011647599	0.657715208107434	114
-0.109604205058867	0.835288276903949	13
-0.034431542080206	1.25744222508246	106
-0.012473289354878	1.36044154886387	60
-0.103785838945324	0.778520623426131	60
-0.098378008799866	0.761768279663711	60
-0.080190700682888	0.822206275813192	60
-0.076679062756274	0.697519027885079	60
-0.062337698137844	0.754761283177078	60
-0.070969536711277	0.804020968093558	60
-0.112265203667728	0.485809311048401	60
-0.104944074935214	0.64449463372088	60
-0.118417530869129	0.498686968766337	60
-0.069629927343097	0.675693771004106	12
-0.119646399090127	0.427613475990542	12
-0.055190263747049	0.872418266195262	12
-0.068691774962929	0.710151024410732	12
-0.114215732013966	0.619819776717667	112
-0.120696378939473	0.548138608087481	112
-0.118785778204172	0.624690119898058	112
0.023272507240444	0.445905216930316	8
0.093489810776913	1.14032023445516	1
-0.043886556447237	0.807600876277013	1
-0.065309005417693	0.557724858909942	1
-0.113424332115877	0.324554596685522	1
0.050332525493933	0.861806889296746	1
-0.115528523519484	0.416262978422554	1
-0.091428094553579	0.308267854763818	5
-0.090199089049154	0.282889761752773	5
-0.118528780676563	0.197994586274809	5
-0.110200418698679	0.241473046498209	5
0.026566308951168	0.53385937395992	5
-0.013399839287027	0.48701938252096	5
0.01898899031046	0.679226306447001	1
-0.119279569049934	0.500816870137447	82
-0.047506931840114	0.562711118134567	47
-0.039000123077029	0.413163836449109	47
0.081414048868061	1.04777339079772	14
0.00880321729963002	0.90194347969985	14
-0.107680226991903	0.490823517089203	14
-0.095503764484172	0.420565423550657	114
-0.075955189594118	0.394788795338974	114
-0.064045877800019	0.428744428237391	114
0.087329288116502	1.32043882227391	114
-0.007260137500052	1.28011159587583	106
-0.106143896139658	0.500608941517716	60
-0.036717836811919	0.860156220169028	60
-0.109971154485549	0.570698426988109	60
-0.091339956269858	0.62403171322718	60
-0.073111575862872	0.524837318092944	12
-0.065167359936183	0.555622914189635	12
-0.106690013364585	0.843183143736212	112
0.054804441873599	2.22246113824322	112
-0.083190452537301	0.729943922507695	21
-0.096242171068039	0.372990846082675	21
0.016651307057362	1.16214557357307	21
0.080034739831831	0.0858257441619514	64
0.04076035266281	1.34837413337102	15
-0.060643024136514	0.445332567211867	1
0.00996505639012801	0.66583336917721	1
-0.064545782815014	0.568825943731115	1
-0.109331109302062	0.376079439090858	1
0.00751177787895901	0.641616514886497	5
0.033050787498995	0.331198095849036	5
-0.067264179307543	0.223842967900847	5
0.031752160632965	0.565668054614845	108
-0.018099924369818	0.306900135078333	108
0.106173006864594	1.12523863764702	14
-0.037887640763306	0.814136710481837	14
-0.10491896054435	0.382055251518211	114
0.021120463357505	0.663591952849659	114
0.00900440864157598	0.552446616540414	114
-0.099995936300016	0.876162465228382	106
0.04708668086296	1.70031952530796	60
-0.090563557317776	0.442377382339585	60
-0.075118394495002	0.640948225809713	60
-0.063889191116183	0.448898693268155	12
-0.047142317190798	0.533196092103302	12
0.106291038413463	1.14262880732679	12
0.027871964063414	0.81528168057594	12
0.017184669970366	1.88161201511867	112
-0.057877533423784	1.11478018481747	112
-0.055358950097867	0.996683133440176	15
-0.094217637725004	0.759270141660796	15
-0.091196291215449	0.483180941604767	1
-0.00026010350281	0.839979531650879	1
0.00965016512104599	0.625688654792799	1
-0.05571115439116	0.417336835729467	1
-0.011252712088513	0.668758024983582	1
-0.086767912544142	0.353509957166646	1
-0.076247677571321	0.363078110637437	1
-0.03910828990439	0.433954311782177	1
-0.034129594446848	0.550779851756219	1
0.019831872841595	0.820433768640438	1
0.021394058560638	0.291847043062916	5
-0.012798700698248	0.364023144865852	5
-0.056385266367684	0.345912703232691	5
-0.116945220420933	0.314233813453283	47
-0.110877595980689	0.272904284850649	47
-0.090855915653518	0.358325898294246	47
-0.054223544310812	0.280567989672239	108
-0.048024148655495	0.752541842300363	14
-0.031467871792409	0.743789031299673	14
-0.102239255315886	0.361669558205942	114
0.000733103065110985	0.898093268216177	14
0.07971171880372	1.01023277495102	114
-0.122966864166492	0.209599322579488	114
0.060838714935226	0.853985263771406	114
-0.047149693795999	0.459508401292567	114
-0.022463788869031	1.05835954190654	60
0.036169001023499	1.33391306557118	60
0.106984450638288	2.18377990094637	60
0.048154457922434	1.23373553487029	60
-0.091325117012195	0.542877934270929	60
-0.066984942184029	0.751997323913515	60
-0.122769350141731	0.443309509034861	60
-0.00958511267614701	0.702762081877428	12
-0.102445784123907	0.399146031106788	12
-0.081661235238389	0.504650741018501	12
-0.104879596541281	0.550209307696511	12
0.050444513815636	1.79296475060565	21
-0.074776582413735	0.557266895160865	21
-0.050744918514741	0.77727297031615	21
0.07388184957298	0.662844621512691	87
-0.040619749254658	0.934346717904623	1
-0.02797692736023	0.583703472578254	1
-0.099955719343846	0.331258501888364	1
-0.124695399570154	0.288531786642198	1
0.079433571772847	1.11342143156825	1
-0.073961570001745	0.210530358489405	5
-0.082654165582572	0.21303485079115	5
-0.116052839289088	0.300865570538861	1
-0.024775366885789	0.753433651065144	14
-0.118532987329345	0.421031205074946	14
0.048228758747128	1.0838585438031	114
-0.082687432520384	0.509655638841922	114
-0.083793637484283	0.26920962414003	114
-0.10003334193918	0.238781143869305	114
-0.06462383128704	0.320998169567742	114
-0.057468321140121	0.467902867168893	114
-0.088715782659595	0.769516089905978	60
0.025829107613566	1.81560919288503	60
-0.097467308753126	0.714165875360819	60
-0.03291354398943	0.851467778820645	60
0.061044221546177	1.54353944336872	60
-0.060575632761176	0.570313382522348	12
-0.044882543465911	0.814341652581922	12
-0.113238527456699	0.570233353530393	112
-0.116558882664451	0.632840488426046	112
-0.037712130140944	0.295192400229867	48
-0.05412904790555	0.489643129099904	8
-0.123516194908232	0.371905159968964	1
0.107869424633676	1.15870917052668	1
0.101726639989147	1.2215391702907	1
0.03202116239698	0.76686110719983	1
-0.076337507491975	0.414247412064091	1
-0.05612619153266	0.486422100701102	1
-0.090138317667541	0.344221023813495	1
-0.068839931208316	0.476239602265038	1
-0.063753835247118	0.412576622543829	5
0.076747987326194	0.686413981123992	5
0.035484741693325	0.504158131300492	5
0.06663117641335	0.590994954681569	5
-0.069415597638802	0.344658797678945	1
-0.089455154195216	0.694346498298245	82
0.075617248600214	1.07346038735839	47
-0.083827035866948	0.329255890813402	108
-0.029972223907291	0.452770531376159	108
-0.035420751770944	0.396475894146393	108
0.00847260631279001	0.60609275638749	47
0.052728475971177	1.4309572883044	14
-0.112837584218308	0.37368351487687	114
-0.062656307762216	0.574035629735336	114
-0.00933576721299101	0.742905906234809	114
0.077840600017421	1.00159855444222	114
-0.026687376310084	0.592361541801906	114
-0.066147175854771	0.554824588697329	13
-0.033937311377187	1.14722734517621	106
0.034763610277784	2.05151925165672	106
-0.106580984390705	0.248999656184694	58
-0.098334711356296	0.260529682953138	58
-0.089302602427288	0.426018029174137	58
-0.042505421652306	0.518617239299695	58
-0.081913071545159	0.450878086379621	60
-0.12159545858371	0.524399029798526	60
-0.064281786255273	0.407942454441708	12
-0.046958710681358	0.501844025837143	12
-0.036227262296527	0.329755536672652	12
-0.074795415789898	0.231916959517102	12
-0.059348225118341	0.803840537562523	12
-0.011532177096933	0.883060533890481	21
-0.043558132620293	0.800603315448129	21
0.049116347228132	0.265945465053485	48
-0.099336801917493	0.361352937541884	8
-0.027716211846137	1.08212799810848	15
0.024816496589238	0.939684409588908	1
-0.059065780376732	0.555577614852055	1
-0.103841828728806	0.55477269284249	1
-0.062625518300755	0.557376702050405	1
-0.047536364412116	0.431533235833975	1
-0.115000526107428	0.274050198020678	1
-0.00850004366947399	0.746811018887343	1
-0.034942138202528	0.515799401372088	5
-0.11241812410668	0.198803828784515	5
0.056118674133574	0.429641526941206	5
-0.083020764315008	0.319274154742925	47
0.048413244990301	0.38543182909045	108
-0.042674092258278	0.278104498511399	108
-0.110760322018255	0.1888171087144	108
-0.081439701226766	0.343829480186237	47
-0.124706619039407	0.382748988425738	14
-0.085402478954522	0.446575864561828	114
-0.112023493281327	0.258696333420929	114
-0.041800354360828	0.279503082524554	93
0.060176927020276	0.299885525615048	93
-0.063370950693774	0.229439861390479	93
-0.052491113996662	0.407264843950459	114
-0.087865179642794	1.04208729217507	13
-0.034720855206654	1.12951996981376	106
-0.012636180751388	1.16534709332361	106
-0.033413112280987	1.05230656304181	60
-0.091521702422123	0.685203905550195	60
-0.039804481578895	0.576752412134896	58
-0.046461286952607	0.528851626508592	58
0.00868160612076802	0.601394340642383	58
0.026248428199335	0.733621412612969	58
0.00661626254616299	0.830132493312662	58
-0.054705812412076	0.356758230790543	58
-0.029207897467213	0.550314726325401	58
-0.123697564125925	0.266738185830355	58
0.061216346898986	1.54873470820653	60
0.087946267792692	0.82424395532204	12
0.00462178928875401	0.669083910796524	12
0.113589026269931	0.650929297439644	12
-0.113408108095741	0.482625053147497	66
-0.11787737447242	0.292105677474166	8
-0.084189761118283	0.968994750773975	15
-0.02591605361006	0.639092586402747	15
-0.120342820953471	0.643750250683195	15
0.024349453101198	0.720831730250911	1
0.062907036895691	1.02166017116011	1
-0.016062936795151	0.357679126728961	1
-0.024511826315395	0.600147855155587	1
-0.00921776055764001	0.591994065733498	1
-0.025640335623604	0.495975824179516	1
0.114225661053919	0.699324121740078	1
0.111342734296613	1.10139057996568	5
-0.030533982301705	0.349477715528621	5
0.057701433362802	1.72994755352588	14
-0.065241006806793	0.405248390203074	47
-0.036386901570855	0.665901307359381	47
0.115219446953428	0.68342432677446	108
-0.011382792772938	0.276720380466271	108
-0.121318616480951	0.145061288339631	108
-0.092564188393805	0.319307257016633	47
-0.0360861764417	0.892262788396043	14
-0.113660055384728	0.463867969092861	14
-0.084431591394329	0.142448301789079	93
-0.105536999365955	0.666770568457202	106
-0.102973824557083	0.779909492235217	106
-0.095855919647326	0.629603156156529	60
-0.03524352892822	0.709506384136875	58
0.110091171338986	1.52514769127411	58
-0.00271300353624401	1.10829988029962	60
-0.109570088183398	0.385058676416481	12
-0.110823410379518	0.270834690154662	12
0.016107916872906	0.583855080310513	12
0.110506200544633	0.596698098698262	87
-0.092815307955063	0.647900492766438	66
0.074065267254328	0.787300462812372	8
-0.094844199184707	0.33745793867129	1
-0.020172117223551	0.769961804681263	1
-0.01666093254106	0.435427337622436	1
0.046609323081587	2.24349187927689	82
-0.088568058270872	0.406143414755324	47
-0.012280440844238	0.415677257118327	108
-0.096905516386923	0.361233220403095	47
0.016385870453829	0.765045655945814	14
-0.00708038148271201	0.753070667935782	14
-0.059726362371899	0.815842025376372	14
-0.0612940795193	0.287599522848207	93
-0.096259168178758	0.967144623997389	13
-0.091221929945542	0.842033409315109	106
-0.085756615078153	0.854003600645105	106
-0.070832949183945	0.923332399734452	106
-0.04427827327571	0.599136065094334	58
-0.076864229128764	0.591582903533057	60
-0.119232802415471	0.557727355417931	60
-0.067929953362299	0.440083067638988	12
-0.056125514614873	0.687708731051679	12
-0.091436746015068	0.32213036104346	12
-0.093620993642542	0.505754340144692	21
0.01304506077915	0.793483224204671	8
-0.053242230663111	0.935721286397998	66
-0.124954714980292	0.518392996885944	15
-0.120538857852072	0.580169791143868	15
-0.073328443759787	0.88739218071552	15
0.00835784411412899	0.589662104079848	1
-0.059596642974382	0.427822012536856	1
0.00509464069676602	0.622926166823712	1
0.093929198299393	1.11910272531814	1
-0.090963396535772	0.400790503667649	1
-0.101334100691661	0.355297812112667	1
-0.019500752756893	0.490051003732197	5
0.056372916571974	0.422270225402456	5
0.00613786394218002	0.428699727293055	5
0.112018669601567	0.609637024298196	5
0.036319106321318	0.813345124431031	1
-0.120724604418369	0.584442374763304	82
0.089983342354204	1.17161366520147	47
0.059228889834765	1.17828729555971	47
-0.104781065339654	0.216812670598743	108
-0.019844405007272	0.298763090026333	108
-0.047776037281629	0.295988378553638	108
-0.050375883830972	0.843754212567811	14
-0.04578464956673	0.534256392068012	114
-0.113367407842057	0.171734922151872	93
-0.094792559046622	0.58231005696065	106
-0.104471736529536	0.58610603540202	60
-0.113550769846056	0.290550720892053	58
0.077660760218848	0.712053723917525	58
-0.097238470432761	0.315692074980132	58
-0.097168019085058	0.432604929732992	60
-0.122298919520502	0.304314733638865	60
0.043618347663667	1.67596000661357	60
-0.043177746827292	0.494681006412292	12
-0.067539060620259	0.418335978949056	12
-0.014671264689686	0.360445195933834	12
-0.033402077211004	1.29414948726539	112
-0.107672416702868	0.618765476609135	112
-0.087693155476569	0.22210216002752	87
0.014481466133995	0.595633551008364	8
-0.028822755062439	1.47495267768579	15
0.060719951341719	1.3529062318036	1
-0.02768352058403	0.655958237562527	1
-0.117930568197884	0.307750390729561	1
-0.041502485280389	0.491309317420012	1
-0.07378927480419	0.385417826827427	1
-0.081900110557125	0.234674666597198	1
-0.041626796565186	0.540860507283901	1
-0.018440696440358	0.206754007218232	5
-0.03969588595535	0.31898598438887	5
0.04629848910732	0.47947828445086	5
-0.070844000741879	0.722194399426732	14
-0.029379398846307	0.794122476515737	14
-0.054432518501351	0.474469372580235	47
-0.059551722464429	0.403477719521761	47
0.085074154605933	0.750523921401856	47
-0.095189900093213	0.378437099648522	47
-0.033291261780446	0.335378224564617	108
-0.034703894365415	0.223231279334882	108
-0.100218582911242	0.144523199793989	108
-0.023225661497111	0.438818707357765	47
-0.072003341407885	0.547585690917268	14
-0.111849001901148	0.173913598532225	93
0.043653282215415	0.563097354864414	93
-0.064881318729597	1.22714640479014	13
-0.048321461279409	1.25930646520418	13
-0.077602155242722	0.685634064665682	58
-0.078765151217629	0.547234207218672	58
-0.000448957502368008	0.738338015721781	58
-0.047046731818014	0.822929436168604	60
-0.113710897958266	0.423623705482792	60
0.037914801568059	1.46823757762978	60
-0.09122366718866	0.426171815165899	12
-0.106554481177494	0.236698119915226	12
-0.010012488603935	0.54545972344328	12
-0.122717115709535	0.269402266739291	8
-0.051731269610003	0.661964416649688	1
-0.123562987716965	0.449535819932822	15
-0.029349293386115	0.73674879358735	1
-0.115967530546601	0.30731672360233	1
-0.097987605810622	0.358031838580398	1
-0.036155701026391	0.500095842499972	1
0.101679820786268	0.748138076890086	1
-0.046240637904103	0.469451707588848	1
-0.10894059648986	0.377560449256404	1
0.021660226546326	0.90208202627312	1
-0.00946068213409501	0.46251432435491	5
-0.074588987895086	0.273889843307756	5
-0.044892041686288	1.09315247164781	82
-0.098239459107276	0.848297115204769	82
0.075248466223596	0.53127850335606	108
0.065344863865783	0.847675100813612	47
0.069854181621168	1.21768102416223	14
-0.100369535284041	0.603045610127504	14
-0.081202186380061	0.40554130111967	114
-0.066308838616197	0.225224836645302	93
-0.119445884216806	0.184880470457893	93
-0.00672783675345801	1.62445821954638	13
-0.079431134747141	1.08375473892606	13
-0.119455858303054	0.702638509137929	106
-0.119133676043909	0.402556093573705	58
-0.111766793524594	0.351042326801977	58
-0.035783928069636	1.04900810787005	60
0.00389690596279002	1.68418976290062	19
-0.070867142758809	0.568297869486218	12
-0.085058144701342	0.430355155092626	12
-0.098426058919887	0.286702636445479	12
-0.005042064015847	0.570411698396484	12
-0.110163393717086	0.722264500868094	112
-0.084734417212853	0.375843531761984	8
-0.078049600640748	0.55032519933733	1
-0.104429224194968	0.300424854543724	1
-0.012007612969021	0.620673457352001	1
-0.084345205790064	0.494469706052512	1
0.063347597756865	0.693466722050108	1
-0.050885009153517	0.510350852472496	1
-0.087858545734611	0.496141963547333	1
0.02308438265296	1.00342617373694	1
0.095358194440082	0.737826993338229	5
-0.0461405689677	0.204064179801612	5
-0.11867714767736	0.208976626242246	108
0.046588140641312	0.382407913395935	108
-0.102890180975593	0.203930480741	47
0.075879168703144	0.6762535847085	47
-0.107818512134344	0.352905982404651	47
0.089871694971152	1.45082765052484	14
-0.048975289961427	0.940357641640472	14
-0.028944030608542	0.91719673873973	14
-0.087120414846109	0.636882712645917	14
0.014566187464424	1.1703549470183	14
-0.118741931727453	0.208883898024446	114
0.023013493775957	0.898544572707979	14
-0.113531596916283	0.361987395701802	14
-0.111073303648128	0.68060831906487	60
-0.017992397588772	0.944801422798471	60
-0.109953958501069	0.68257312992814	60
0.022652981788982	1.40691271189374	112
-0.066404851276267	0.567468686998566	12
0.012219948447547	1.68486988345964	112
-0.084184911256789	0.348808509963523	8
0.00426189307344199	0.781314497925524	8
-0.083576680260309	0.857749076112395	15
-0.124443715887105	0.474524337392863	15
-0.013332317953171	0.901522864319889	1
-0.062986678413154	0.258164937535022	5
-0.095099099059452	0.339195356356779	1
-0.097806221480559	0.411189678562461	14
-0.073492006587962	0.77929505021496	14
-0.054604681225651	0.858986945022427	14
0.085373361105924	1.78481539630662	14
-0.000560214394461994	0.995926719798002	14
-0.102280789477478	0.288141645211245	114
0.10167623758836	0.976543017694609	114
0.087014764337548	1.40682717539004	14
0.062548990880154	1.16357734916814	14
-0.097389715566564	0.936865918162822	13
-0.069475747974284	1.22169700713863	13
-0.076858411965521	0.856613268175573	60
-0.038189359512364	1.38400834826704	60
-0.081282688733663	0.719909439067734	112
0.041272235289493	0.0569914165178306	64
-0.0414195299366	0.315747510086133	2
-0.014337066432002	0.813386667759427	8
-0.00121213625696501	0.928763826126522	15
-0.017863308143449	1.00410641346508	15
-0.057692521433342	0.712556651689581	15
0.034153777347856	1.1849726496306	15
-0.064932784235198	0.544755310891544	1
0.00695080159355099	0.943914951330773	1
0.00826795367395999	1.10529325910893	1
-0.017018729938173	0.472673203960606	5
-0.024303920604682	0.504150245744495	5
-0.081532627059829	0.653837837177315	1
-0.099394722186164	0.575329314665849	14
-0.110373311277886	0.500368011308851	14
-0.057112123283391	0.654877202819489	14
0.099271891190481	2.23055430426236	14
-0.08192164962536	0.598615354843901	14
-0.094794859966895	0.941285310745015	13
-0.120510860743829	0.725958759429434	19
-0.035693199934828	1.54936780363635	19
-0.077478220432601	1.02058508318835	19
-0.098322120027864	0.910541341413289	19
-0.095501551668815	0.903206987869579	19
-0.044693471297082	1.44388606435491	112
0.066981157539457	0.318750629544373	48
-0.104138440434152	0.310254991592397	8
-0.066778265880862	0.397810448343772	8
0.047840381473707	0.857795927783748	8
-0.124955272140308	0.446127498338473	15
0.034515886539817	0.871729267859616	15
-0.108609501355295	0.433538790397412	15
-0.09429803088709	0.713861107685367	15
-0.10223060719532	0.652917432809333	15
0.067254675955465	2.01993959868915	15
-0.017065997072666	0.904421832115703	15
-0.032454989643615	0.840010525275295	15
-0.11970817086318	0.48578079347465	15
-0.077935169709177	0.708236539838888	15
0.109362423107432	1.23311128205826	1
-0.064015989884994	0.664944025924533	1
-0.064378194388198	0.717801701054107	1
-0.048097343838545	0.564655140346843	1
-0.095629094452181	0.388851360718082	1
-0.085753923378978	0.523482388397393	14
-0.049448012274169	0.760220699813436	14
-0.113617132901843	0.350594056105207	14
-0.109933657623984	0.820374937063854	13
-0.042130332654726	1.18181552593764	19
-0.081340120564327	0.739768055744531	19
-0.10143927847564	0.826395077217843	19
-0.03211852027195	0.572752078012997	112
-0.047452161666053	0.606685307380095	2
-0.076720681267437	0.225428913043871	8
-0.100053716595478	0.616311925896231	15
-0.100245497438917	0.743927170378104	15
-0.042289781667209	0.602187736806149	15
0.037447204915352	0.841712470794388	15
-0.018667832900557	1.10689257691921	15
-0.069624617652126	0.461585285285502	1
-0.09344213286256	0.535127236790097	1
-0.088943226526903	0.36375818743303	1
-0.079608463741847	0.55131762171967	1
-0.086386790435879	0.30296141764498	1
-0.045405262673327	0.357990151994299	1
-0.096464059425473	0.309444961568076	1
0.015459962271497	1.47504595697386	14
-0.071062721298545	0.685190001149615	14
-0.025781182484903	1.21415505503917	14
-0.038070320338789	0.858197834441809	14
-0.113498724961352	0.795172241133252	19
-0.069146142795745	0.328412802166381	2
0.119970646528564	1.23221156262162	8
-0.04659423737321	0.549657296993001	15
-0.030546387183992	1.01420617508074	15
-0.098921792754854	0.61459007871954	15
-0.076882887782886	0.689297580780211	15
-0.015460375010069	1.09071626029586	15
-0.049947245604853	0.772373095137356	15
-0.105032372309743	0.514578134000127	15
0.067715146128471	1.60246405117868	15
0.067613841891942	1.26457343823273	1
-0.020110031012805	0.63253278784216	1
-0.122142439614675	0.359034826468124	1
-0.105618393576553	0.398941219689985	1
-0.069844276898846	0.585869950310145	1
0.074561228629869	1.50153930174301	14
-0.122396568354754	0.337024815149911	14
-0.112595555187636	0.407362685731741	14
-0.00541007113040901	1.01789383143231	14
-0.076151151603558	0.626860900959801	14
-0.123360939948612	0.460046023466547	14
-0.109631393362632	0.545934235200475	14
-0.102011830562711	0.493674440972125	14
0.031030104765139	1.21741956484954	97
-0.037533678517086	0.219838786533074	2
-0.09834387762561	0.615851964729468	66
-0.119370582145721	0.297726778321983	8
-0.056777874181085	0.946133496988936	15
-0.077871816638481	0.501307237449079	15
-0.115788677490755	0.447045393986775	15
-0.072792836380902	0.652700822970277	15
0.009012954945606	0.667617277639748	76
0.083505904811212	1.71770013888122	15
-0.076403754952573	0.662746393166077	15
-0.119857216533718	0.399738258139363	1
-0.034433108014326	0.390537665814108	77
-0.084838596978905	0.423210803022217	1
-0.05502579211315	0.374860133468462	77
0.085037063179137	1.10949991292959	1
0.008460958810941	0.871416796253272	1
-0.075163265664386	0.876474049466953	107
0.013733639149684	1.26386022215523	14
-0.120307574118501	0.535542426613334	14
-0.063899659371316	0.710611876514414	14
0.045122439720907	1.7533849732503	14
-0.041152609702553	0.403847458987323	121
0.022308359552923	0.786750938752562	121
-0.116049122326238	0.491938221101868	14
-0.092463695669524	0.591699383509794	14
-0.029108278221177	0.928783413732922	19
0.022343537149716	0.831487564897115	34
-0.094171319384568	0.173031409554558	2
0.06068816775267	0.300487308153648	2
-0.109468694652398	0.709122283423889	15
-0.029157520643318	0.673257389023562	76
-0.026262824739558	0.772527101320587	76
-0.024339577551898	0.753949748492893	76
-0.035091678901954	0.779500741780315	15
-0.060615227549659	0.650168205496793	15
0.09315387393439	0.875809709444966	1
-0.051512827074441	0.228039888645689	77
0.031220309661905	0.614928379125772	77
-0.121904730804169	0.251488679963651	77
-0.001956918972296	1.58068195791713	107
-0.059284315773424	0.508640698913535	1
0.044989306865408	0.476714225102239	119
-0.030947979690468	0.384542585434742	119
0.024324215080351	0.582894552313803	119
-0.088734273048188	0.620670322529364	14
-0.046535926179219	1.00004959451049	14
-0.046190270870163	0.952452886249628	14
0.062518949679034	0.45730968015007	121
0.094297038869515	0.880016590961631	121
0.014225581583174	0.884656591803461	14
-0.117611540509762	0.375240976760891	14
-0.11041899380655	0.341122002950324	14
-0.095700521852233	0.588789286810866	19
-0.115026871190141	0.657508928977284	19
-0.087150029289185	0.338229791965549	34
-0.022055879690156	0.409041681311474	34
0.096584447876985	0.110055664728952	2
-0.036389953805889	0.17472442819566	2
-0.110506416743558	0.395193781247402	8
-0.083583122874666	0.70679141998223	66
-0.038520143171824	0.931688804267006	15
-0.056809963781649	0.545566386839347	15
-0.072150964845731	0.467603394174367	76
0.050253519963937	0.396203813544177	77
-0.033099297193864	0.268343008884377	77
-0.027750148726479	0.321755206653973	77
-0.055782431670312	0.27407539770571	77
0.016207888445587	0.589840983803137	77
-0.11234866670199	0.404970071190494	1
-0.065052583794597	0.485568630406367	1
-0.110784346048943	0.308759051232948	119
0.112332204492972	0.648176838786199	119
-0.090490624138128	0.235760580611952	119
-0.102366637395299	0.363266401798935	14
-0.048689137388898	0.727487233698261	14
-0.116208612420105	0.192432235097576	121
0.034507803424876	2.20960519999088	19
0.046657056697869	1.11571186993189	8
-0.023478311377195	0.763212294744705	76
-0.064851960588158	0.633744079337616	76
-0.030749804167608	0.621756043904131	15
-0.114785808319693	0.387062173785733	76
-0.050652288133981	0.558547036319374	76
-0.12492882206266	0.312106710643859	76
-0.086146703440178	0.493516794135986	76
0.00706739224181602	0.981285928297868	76
-0.068735537349167	0.536040361605962	1
-0.048186079380498	0.429563560562363	77
-0.044977860467708	1.21570508451151	107
-0.095135383398369	0.568816049452751	1
-0.047070430587698	0.326220976497311	119
0.076971412771622	1.26961991767535	14
-0.063307502319373	0.657500034754761	14
-0.059228757326608	0.949593531107044	14
-0.122570012855312	0.480845517664306	14
-0.097237716665662	0.635377049126644	14
-0.088424808466217	0.562244305543177	14
-0.037474721639595	0.291114963064074	121
-0.070613745524637	0.835356127671754	19
-0.060373701240599	1.12216650378389	19
-0.116962317436922	0.104113564243691	2
-0.089253788924616	0.44279415052075	76
-0.071663106028656	0.538159548024756	76
-0.080245851515196	0.45669421076647	76
-0.049646923398752	0.701705063081939	76
0.00610526213944601	0.880011087092218	76
-0.088389255737567	0.460045274005016	76
-0.081675565221964	0.598136210790892	15
-0.038584978125133	0.694107870126596	1
-0.037544270948412	0.475076630428937	77
-0.066420799846663	0.378639032716985	77
-0.000217322162128997	0.656539075612725	77
-0.002944347658318	0.671810960836529	77
-0.023020839998441	0.738229081342885	1
-0.098352159395105	0.607164923281357	14
-0.026860500657788	0.989748826600891	14
0.04156681545048	1.33700858418993	14
0.119215548508485	1.49862502153446	14
-0.050828239141789	0.812902898510145	14
-0.099385579238087	0.480049104356478	14
-0.097449963057157	0.458527711394726	14
-0.114267705009848	0.76161548799433	19
0.056769821776081	0.28510007159372	2
-0.07880664383266	0.368781610069249	8
0.111512931283728	0.608530125877577	8
-0.020743868144834	0.918414122893637	76
-0.066357263876963	0.603088677027174	76
-0.037418637454602	0.640215322504696	1
0.002554242875355	0.871070466059199	1
-0.121849709203858	0.294143242116403	77
-0.09516776279381	0.376295745937524	1
-0.043698121709424	0.504134028277502	77
-0.087639475955246	0.344733210978251	77
-0.087408309581991	0.422533633327009	1
0.000216339678743016	0.951254907277767	1
-0.094494590187577	0.75006133464547	14
0.067009165196101	1.26112220484931	30
-0.118872732741233	0.422530430651646	14
0.026845377705409	1.18224550733199	14
-0.03166605047364	0.816967787583566	14
0.064361701160632	1.44133921631985	14
-0.098666982172711	0.429467922915068	14
-0.072210503754193	1.19391662434961	19
-0.090600045259945	0.73004644633733	19
-0.079630914988635	0.840480530235456	19
0.055523558023644	0.542056403862194	8
0.039179856643156	1.06005286472524	66
0.05593735016454	0.421586064721917	8
0.089131049937965	0.645679801308701	8
0.072030058188497	0.627481985397142	8
0.123432034604299	0.800818010645546	76
-0.094611891409777	0.547984998401188	76
-0.00547870109610499	0.594682621706353	76
-0.112419253091552	0.278397946662597	76
-0.074316263120672	0.907765304788497	15
-0.039399859595673	0.958766162138252	15
0.108165421461413	1.43360916891094	76
0.004050366311809	0.775799607700836	76
-0.01241860703805	0.743704426566253	76
-0.112167969175314	0.400090113350592	1
-0.00803755115176899	0.792330966583864	1
0.019500552773869	0.846709711210038	1
0.020594809966677	0.803215880470615	1
-0.090864888653017	0.756133066263647	14
-0.077826145914069	0.757811336296224	14
-0.102380873490062	0.605425755578162	14
-0.033912184232098	0.878453395205826	14
-0.040510074487021	0.85704841031724	14
0.085528879433168	1.57849241780752	14
-0.04993469497647	0.587442817875181	30
-0.091162826780318	0.32793634963013	30
0.091931923093516	1.10944857441008	30
0.023992196755815	0.838668690457597	30
-0.118737430896253	0.361088171781663	14
-0.066387799566633	1.08921668763792	19
-0.119568507085532	0.304866384856991	34
0.120812007454065	0.267888897789199	2
-0.011755328925369	0.612409316694818	76
-0.077033775740659	0.524685606686955	76
0.062782505433216	1.30329817788265	76
-0.033028122954373	0.91250444792252	15
0.123822257592327	2.23903041670093	15
0.001691507834998	0.965848122804599	76
-0.055544673819335	0.690569468070682	76
0.098875699892509	1.59145383929152	76
-0.067273935728036	0.652390925908858	76
-0.065291936549798	0.615482511633041	76
-0.031942969883684	0.845816691171221	76
0.018572202508031	1.18642946695303	76
-0.0199990989313	1.0008430485999	15
-0.059529349601145	0.410191189654952	1
0.02168177323533	0.65202796146141	77
0.028503242169791	1.12002569577898	14
-0.07552589648545	0.530887191992994	14
0.00207480677137301	0.874873485271489	14
-0.038090040621524	0.80589923509018	14
-0.012929956348063	0.816035650225626	30
-0.028682161519612	0.811246310323194	30
-0.094803655740964	0.554724178357765	14
0.048951655673432	1.41357252533023	14
-0.117969008565431	0.459277168447881	14
-0.115406775977773	0.379318134652843	14
-0.043536031395724	0.811141674614409	14
-0.037655688460311	0.688656652180047	76
0.052806224857118	1.19716946529456	76
-0.041502624088437	0.772488402430731	76
-0.110953435131301	0.514495202113172	76
0.006218297024294	0.93243815676338	76
-0.103251493748262	0.467579121959614	76
-0.074479091703255	0.524408661161125	76
-0.120839115910954	0.436193501847152	76
-0.091237510617981	0.629773945398108	15
-0.097928254992654	0.245395151133132	1
-0.00130463191932501	0.498197919604252	77
-0.022590844613793	0.754994261283386	1
-0.091552230445447	0.545755613914201	14
-0.102747649373775	0.499751251642332	14
0.012408427217941	1.36238021530091	14
-0.00474524258811301	0.909422862335445	30
-0.034954370022148	0.786499605679392	30
0.068391813335144	1.66369282561399	14
-0.09607942639446	0.605040298805562	14
-0.123066363882536	0.344630440256655	14
-0.111530368948238	0.226938168465226	8
-0.082082023629795	0.475592587778487	76
0.024936826712172	0.518000330507345	76
-0.119317365026497	0.375878575270514	76
0.021622202916051	1.04584172117747	76
-0.095569669176151	0.44935776643451	76
-0.050162702159271	0.761989958839214	76
-0.09772705945998	0.467872680778598	76
-0.110386093251448	0.404298641704789	76
-0.071715313031044	0.462473288276464	1
-0.098299271234181	0.378144316461466	1
-0.037151616620051	0.721678872698533	1
0.067023325335105	1.07476007536617	1
-0.049284074659264	0.615946235541029	1
0.076049808698333	1.23718833870852	1
0.00334186569943401	0.664461135392642	1
-0.073271401259145	0.784261180981509	14
-0.078958406181174	0.693385808707845	14
-0.029792540902657	0.918460471528848	14
-0.05545341017823	0.760447808154298	30
0.013366722386547	1.11858117458069	30
-0.115766409795694	0.390534792441191	30
0.014171972136011	1.06208394871946	14
-0.022703316059247	0.72832714948297	14
0.034636315140504	1.04612794448727	14
-0.002825748218556	0.86902317744355	14
-0.017837038602397	1.0722789175415	19
-0.109012379307774	0.569699395238675	19
-0.103423950351115	0.768702915883821	19
-0.123554841956887	0.699320405258581	19
-0.067508503164397	1.18810619780766	19
0.120962185016912	0.237914646697361	2
-0.018478811775697	0.426505437093717	85
-0.111910604976685	0.187070336962607	8
-0.071834027146429	0.523827127847108	76
-0.085612077654659	0.605225271689404	15
-0.100857823260872	0.452278581001637	76
-0.053615347188014	0.381872829585732	1
0.046137969548585	0.650957041966348	1
-0.01341607819946	0.800633964074427	1
-0.091180563284741	0.352481347263011	1
0.021580055764708	1.23842729218951	14
-0.051830067344685	0.775579349555996	14
-0.041375304629108	0.865233975787087	14
0.029691128089012	1.14217551712166	14
-0.025711803847432	0.713360893236741	30
-0.107974060758444	0.462662899791584	14
-0.108340325570889	0.828785665039906	19
0.041804210200739	0.0570807528908756	64
0.055031788211498	0.283133131030255	2
-0.09066587219997	0.264950018486839	8
0.027293362150388	0.541863144342765	8
-0.073131373245817	0.527301327997251	76
-0.071974843135259	0.414953016057415	76
-0.116693598102649	0.415343385144051	15
-0.104041313018658	0.550396891077014	15
-0.036338158157634	0.802940854133194	76
-0.0450396459061	0.679724013341152	76
0.046903808902748	0.854115413749657	1
-0.118272225199508	0.270617008948492	1
-0.062097408614557	0.522850998636756	1
-0.061553496648668	0.47119470251189	1
0.025688590670382	0.905979053576565	14
-0.109778486422732	0.477924293376445	14
-0.086766699649619	0.484614376310628	30
-0.123114826584709	0.359116778493758	30
-0.100063963306673	0.507629723463326	14
-0.036780466757041	0.915710775854254	14
0.021890033277925	1.12229018709576	14
-0.113532349644153	0.449655839280148	14
-0.095822200974369	0.88919011374733	19
-0.099890977006849	0.123338391822711	2
0.082515226534189	0.718843318561109	8
-0.113189669804927	0.441189804023223	66
-0.118183242869714	0.30886458406507	76
-0.110012527291536	0.265477626818584	76
-0.096961092454168	0.58966672739952	15
-0.078347322401388	0.681201292775495	15
-0.084474855296916	0.598134493764883	76
-0.050110704534416	0.766057068249791	76
-0.12114507624768	0.428823161766644	76
-0.052189624140193	0.722489838270265	76
0.102099949909291	1.10596039480605	1
0.00223224267085198	0.740304852713277	1
-0.056629867573148	0.562038210871312	1
0.01622842725237	0.973395399255548	1
-0.064866345443856	0.653296664201116	14
-0.05419291042704	0.57050237414733	14
-0.029355401625852	0.691825428578649	14
-0.00398264794031	0.828223605088279	14
-0.059854115466322	0.506650908085706	14
0.06047461525427	1.25831022436609	14
-0.084366921859809	0.64516470128316	14
-0.029436165150917	0.786818900779808	30
-0.021340945596047	0.925243105297719	30
-0.088067350347764	0.432634599312707	30
-0.06028433828489	0.763157677988474	14
-0.093928299571069	0.510287590072291	30
0.054618913089198	1.40327344833066	14
-0.073987058566807	0.600144152479316	14
-0.067760088772667	1.05750385677342	19
-0.065433458846953	1.10389411022283	19
-0.059770566550531	0.573754933112214	34
0.056425193981865	0.645014536922907	85
-0.083736522444021	0.552342492097358	76
0.102125801041609	1.41947051515192	76
-0.11401223935064	0.449700711880465	76
-0.035464084487707	0.804383911653334	76
-0.114034992282213	0.396366046136698	76
-0.052227866170492	0.821256245708394	76
-0.093214536693251	0.507521816612555	76
-0.054285527680576	0.75228302126083	76
0.075321145997223	1.68770100092675	76
0.022783483710321	0.848926311919986	1
-0.067202369278087	0.419356849381014	1
-0.074832818722429	0.430741526207984	1
0.08094084284284	1.0889457753419	1
-0.012591022527717	0.677954536439988	1
-0.058687894753245	0.581004046969163	1
-0.032606282322841	0.893396557987077	14
-0.114318555019575	0.372599007752063	14
-0.038014848422932	0.737852274417396	14
-0.034030149259455	0.828062325187319	30
0.010056033474567	0.987059761371686	30
-0.085379819037361	0.551304412060801	30
0.001371861141515	1.04562368111198	30
0.067246404979086	1.04882027085132	14
-0.052832735986695	0.695864362895604	14
0.120365454217504	2.11452480085597	14
-0.036993407957028	0.814582612308722	14
-0.016574105274434	0.6962863597762	14
-0.03671779980179	0.174405122018217	2
0.053536857299176	0.812455317596002	8
-0.038183074559319	0.321805035190715	8
0.025782962621199	0.520074797930422	8
-0.041296820299741	0.557243494195439	76
-0.066003387492835	0.599009809921007	76
0.03153928526754	1.14313927175814	76
0.011193867852526	0.790269363437697	76
-0.100701166140096	0.454042086153836	76
0.033407767936396	1.27256951587583	76
-0.061861225493426	0.678294232849839	76
-0.099486245140108	0.360905588830931	1
0.05125093446943	1.05602032311276	1
-0.067226922325907	0.519468149896488	1
-0.09974909694096	0.489591123157909	1
-0.117074248764289	0.397730921463476	1
0.033237896865283	0.945457487844549	1
0.022568650474309	1.12501276759566	14
-0.071144853775321	0.450984185032633	14
0.075281358260883	1.39414474885656	14
-0.123143624637203	0.332344863528571	30
-0.036858082732771	0.767183746986214	14
-0.070354514455032	0.600899891885193	14
-0.075173089915046	0.545247902147295	30
-0.040870987746641	0.659916527714644	30
-0.10546348178561	0.399478519085657	30
-0.060033674965384	0.695320269505526	30
-0.011716350413299	0.820164598787786	30
-0.119321252045952	0.392299657430823	14
-0.040698182450409	0.75709564080767	14
0.011837864870144	1.08122862540811	14
-0.025004590128412	0.674517014491796	14
-0.07438451018865	1.16154093959542	69
-0.123000877354839	0.706106526155339	19
-0.103616728747059	0.36620544630873	34
-0.032485121711522	0.785104472895543	34
0.069648233979934	0.503214858927433	85
0.017846114862024	0.287516541721027	2
-0.096859397108647	0.292839066035686	8
-0.082619986655578	0.233492552325381	8
0.090079284941262	1.59146812670203	76
-0.078343840451834	0.561372015782563	76
-0.091771787977004	0.58725635462355	76
-0.012876339680582	0.963114335348662	76
-0.014151843168192	0.889535155491047	76
-0.060695780048827	0.667422680863248	76
-0.087378272596785	0.581971777001663	76
0.00695464281283598	1.04713572875441	76
-0.064319244884558	0.469630334096105	1
0.114598154908149	1.32001233005012	1
0.029670808957355	1.13706626517254	1
-0.058529174260535	0.581654137522021	1
-0.049835669443705	0.558384224826601	14
-0.033676264957527	0.583693098343006	14
-0.115342508758358	0.409007078285467	14
-0.038671513033498	0.78728009057945	14
-0.105522861028895	0.438123226797626	14
-0.049165520651809	0.764461994615704	14
0.021005731222619	0.837766266229795	30
-0.102471646740166	0.431643968574921	30
-0.091348797977865	0.407128319034315	30
0.018687277270493	1.0476321473323	30
0.03073829259777	1.04297284773123	14
-0.124658512274195	0.402468218452936	14
-0.04625553224165	0.724387059644888	14
-0.065996314101237	0.54955224595587	14
-0.076871645054793	1.06479832321967	19
-0.11789559012814	0.77732738404842	69
-0.06127838985327	0.624861578960427	76
-0.082009865849166	0.552751012894197	76
0.107150731149883	1.68582092027356	76
-0.028191464369317	0.845679879982409	76
0.092575108903553	1.91889600387258	26
-0.037972141788832	0.912090442084896	26
-0.087010917216364	0.644749657821483	76
0.060287966422599	0.879850101898501	1
-0.112941892612293	0.309515604736168	1
-0.010776100115798	0.620479706743336	1
-0.103882527599581	0.474910417200189	1
-0.118093343172598	0.30728967878266	1
0.086114095659121	1.61674979071686	14
-0.091386679094829	0.43505452582998	14
0.116632202198963	1.49924020600404	30
-0.020469160238856	0.863820091514649	14
-0.108442060801038	0.350976580063866	30
0.016053059222633	1.07308873730892	30
-0.026606293917549	0.824178781349454	30
-0.039027436835246	0.827777381664184	14
-0.093990038637976	0.433048547184459	14
-0.124447991650206	0.719966681922374	69
-0.104451960212675	0.883185864104659	69
-0.119031045307662	0.660414601645924	19
-0.120754975233827	0.590033296671368	19
0.036076628641741	0.737450495697189	34
-0.00276865295256701	0.833949795138443	34
-0.067142086893015	0.413213085858754	76
0.05164645954355	0.964626562928604	76
0.015634490090541	0.536084008344138	83
-0.12035645872793	0.52330510592527	76
-0.119090595115713	0.444763137639719	76
0.038847301841698	1.13588521336283	76
-0.072879577457039	0.696995980328319	76
-0.087765873054419	0.598357055082082	76
-0.102249324844016	0.257932820964388	39
0.117715602423494	0.755535012926084	39
-0.091667355016025	0.277103000689491	39
-0.075099204936068	0.671970235961089	14
-0.00700652902653701	1.08768777525618	14
-0.100402830996913	0.534831436900947	14
-0.091894983197203	0.480709557286216	30
-0.083787416689308	0.498445618348529	30
-0.00657160836106899	0.644719686224846	123
-0.08491706880922	0.673619891579358	14
-0.10744319908863	0.863554578753815	69
-0.039690308637262	0.253803808088836	2
0.015872669272895	0.348659510852656	8
0.104899651943992	0.536684864525512	8
-0.029665433308511	0.488539390647501	76
0.00607421466743402	0.636647658342955	76
-0.113054878563763	0.319350396444932	76
-0.060784574108428	0.650397740338784	76
-0.103007685643806	0.444822401713806	14
0.00951000636261501	0.388679396517345	39
0.075347642150262	0.539473827440248	39
-0.02646342520887	0.836369825904861	14
-0.059523881523238	0.8572729413709	14
-0.114778766484343	0.447936223292592	14
-0.002043902967098	0.854396506135947	30
0.090396182764613	1.031821818466	123
-0.099077995545543	0.441825366320676	30
0.115743227578062	0.974435502565941	30
-0.02433451819925	1.11777167503175	14
-0.097611725893568	0.545796655722569	14
-0.113785226394695	0.811508099116054	69
-0.112056729146513	0.825263158476477	69
-0.061266444229905	1.31447117090313	69
-0.117022737916846	0.343633554522895	34
-0.046069037721284	0.435589309910083	8
-0.004352189215657	0.786593575023628	76
-0.115178105526698	0.273645293343311	76
-0.088241536432306	0.492484268289179	76
-0.078071092302719	0.552485314980469	76
0.015326470202942	1.02609440394103	76
-0.023200296992972	1.04658853530202	26
-0.00677656865315901	0.984292817944271	76
-0.110677971218596	0.44304812619837	1
-0.119146140757775	0.383245928596874	1
-0.074465430508091	0.580905143815381	30
0.035652729059598	1.13811768999357	30
-0.12167991978668	0.380627246374627	30
-0.100046389543187	0.545146492362369	14
-0.06105162710842	0.502405550882735	123
-0.116622267211096	0.430491320193899	14
-0.114196546024044	0.750684509724003	19
-0.097463775861461	0.286469974044797	8
-0.086048993886233	0.186930091573566	8
-0.02207161685275	0.678874336613234	66
-0.014428519285325	0.635465838910522	76
-0.036258004147123	0.394479000409438	83
-0.075496532849268	0.675189818510545	26
-0.00533147086896699	0.998828747794337	76
-0.077949151952712	0.501030883357809	76
-0.074079509700338	0.621631593523617	76
-0.076066275780575	0.68041663437322	76
-0.056571785404501	0.736717294245867	76
-0.112371214665573	0.3885199891737	1
-0.072065856913607	0.541412185732202	30
-0.121834402275887	0.358957777964609	30
-0.018706032201101	0.459213601762222	39
-0.00958761940317701	0.615488524678448	39
0.016110732504476	1.05518922937958	14
-0.069745114575564	0.534685752542051	30
-0.09040922056824	0.56055843148916	14
-0.109057976915887	0.516318848257582	14
0.098777351465762	1.85944224538789	14
-0.064793996904001	0.593595063489423	30
-0.077768002039814	0.407117184222607	123
-0.09613808862844	0.351282425708921	123
0.017034938185058	0.820598390340049	123
-0.071026354670909	0.564173252925443	30
-0.047370680568599	0.55021053431379	30
-0.11832526404503	0.332093168888636	30
0.095077835884951	1.86189994175681	14
-0.056887898562992	1.03209405550071	19
-0.024734229378559	0.439248545154611	34
-0.076128658088189	0.472737356098488	34
-0.09532116468609	0.282918948433594	85
-0.099870082036746	0.267995202070063	85
-0.01484949517403	0.143927417669338	2
-0.081844957881076	0.172856022999827	8
-0.07385083017758	0.157903493939217	8
-0.114476489286179	0.318942309818892	76
0.091532733299924	0.845146814862502	76
0.086522802036651	0.771142258332372	76
-0.091482898024515	0.448591218518071	76
0.042676313563501	0.954727111454867	76
-0.065543607473621	0.80913117335859	76
-0.00229694837463201	0.853164333647821	30
-0.028159354241722	0.35421711943844	39
-0.120934604964027	0.499400942032534	14
0.032875640473194	0.713951874914829	30
0.090002789733484	0.847894268962731	123
-0.046918300768161	0.326515882613942	123
0.05549761693099	1.03875123988987	30
-0.098695731964965	0.480482676758353	14
0.105209963293383	1.1873285899657	14
-0.09083862070247	0.468697889898865	14
-0.054284334274818	0.632111483226891	14
-0.097483483493383	0.726374960555807	19
-0.104868126681313	0.727871296536308	19
-0.095059102318594	0.711287951561181	19
0.00910561827172002	0.558049609247734	85
-0.073435421356759	0.186925314500292	8
-0.074549566332155	0.157166369557275	8
-0.038151152730997	0.501810704666605	76
-0.044618340569761	0.594096990758626	76
0.085241518624965	1.13260826575359	76
-0.108001335957142	0.446125840440625	76
-0.0874187601918	0.477614183781105	76
-0.069518831310852	0.443960437120992	76
-0.026643698248995	1.00783801672141	76
0.087847332378163	1.16024281263129	30
-0.12073547077814	0.145798344765978	39
0.050248003419004	0.676540561530381	39
-0.085485494074521	0.696389680342168	14
-0.108249913987722	0.52328660071499	14
0.095142001896152	1.1167033023983	30
-0.123711377080396	0.184782044427887	123
-0.096420207510217	0.304686599230558	123
0.00966236630113498	0.940303068501982	30
-0.099195407410449	0.370853146761235	30
-0.009669479251323	1.29015220972201	14
0.00762574130816801	0.75132964286905	14
-0.094160557950649	0.932403338717989	11
-0.11899234743675	0.749333493214158	69
-0.066377478409088	1.25081899788015	69
-0.028541866875337	1.01480064975691	19
-0.099760500420282	0.876131769153497	19
-0.08815656068071	0.924030378507598	19
-0.00468169819905001	0.520537430218219	85
-0.094799112404579	0.154116204128527	8
0.111682209031742	0.913794672879755	76
0.00868287689867098	0.886110986176727	76
-0.105038574044925	0.502451099282443	26
-0.094096939846365	0.618312940651977	26
-0.045911870451959	0.678822162705423	76
-0.124094574556122	0.441742673389435	26
-0.09675174965166	0.436139677152977	76
-0.101344715441826	0.497471097232885	76
-0.01696559217412	0.690549200613439	1
-0.102746152826424	0.366845424815519	30
-0.102172563378103	0.207732278256509	39
-0.011558526960188	0.903667843457962	30
-0.052964771382141	0.733393455636949	14
-0.062741971008261	0.747570816518234	14
-0.064291611721897	0.738046332574237	14
-0.103340451260763	0.442545180972159	30
0.022249344893556	0.517122533162733	123
-0.103166600567862	0.248159242796245	123
-0.043134005521572	0.502252220339534	123
-0.076831684049313	0.418057346983781	123
-0.033166080766147	0.945009777726585	14
-0.094536135636829	0.970652445624084	19
-0.115761294177481	0.728232127383123	19
-0.115433262224151	0.320440205476915	34
-0.073297835715332	0.398382015645733	85
-0.014316960996119	0.547718947190864	85
0.031300935250021	0.552315228559407	8
-0.097122084753196	0.54046511488593	76
-0.10960120855898	0.369740186790387	76
-0.110847423563911	0.419093191306615	76
-0.062008503739407	0.740049984231408	26
-0.025775925966941	0.989151246702978	26
-0.111565887053967	0.414982992700147	76
-0.050398951347819	0.740133089564753	76
-0.098183676703936	0.527636565704936	76
-0.119146140757775	0.383245928596874	76
0.048971900410452	1.3045007213163	76
0.000298988327695982	0.913461033513065	1
-0.055850479732736	0.622287525668351	30
-0.083990714841576	0.608601669937526	30
-0.093515679589312	0.256565788633249	39
-0.10835397303444	0.467069850903502	30
-0.057611558499726	0.390349649336346	123
-0.052527333398802	0.691703038441381	14
-0.032509319085881	0.757187864453424	14
0.076977064527544	0.828357187597082	8
0.102056732951328	0.568538220998954	8
0.03297835252994	1.11429448639521	76
-0.07354903154313	0.577730658672746	76
-0.05250562874754	0.809386970352502	76
-0.024457152821207	0.92502171669733	76
-0.056880848392428	0.621706644059763	1
-0.085300470437313	0.54111586636014	30
0.064824032233375	0.926468505849021	39
-0.048707389017119	0.390117775707648	39
0.05184366314872	0.702118352833581	39
-0.097707020021234	0.52608762310819	30
0.098000087190754	1.38240052117706	30
-0.113250861485164	0.472423232855587	14
-0.116119331453975	0.461351453543179	14
-0.038734880866189	0.777674843371077	14
-0.043421950874219	0.782668089684323	14
-0.122769713517729	0.288222772841104	123
-0.095542162957097	0.52716798423519	14
-0.048507808405876	0.765291786504153	14
0.00400212089427898	1.07993876251615	14
0.00555921554236499	0.256569073953327	2
-0.063500770913644	0.173815605755361	2
0.00140770020924202	0.600750682415457	76
-0.025138318759742	0.630598497956259	76
0.104652302019152	1.83661665931791	26
-0.04890742851934	0.840847871798437	26
-0.117274680037629	0.532830676657717	26
-0.037748858736068	1.00222282203285	26
-0.122330114946904	0.480120487356966	76
-0.063921554914543	0.768423676082385	76
-0.124949033356379	0.303576891294012	1
-0.118826642058916	0.429107120238931	1
0.067006605314487	1.33682176102923	30
-0.073719113526073	0.42769178763284	39
-0.112596218346788	0.320736816110523	39
-0.015729228199683	0.622006958786279	39
-0.03406528546387	0.749560141732926	14
-0.041270312038503	0.803233237651289	30
-0.093641261596767	0.415577270365693	123
0.049669940126462	1.18324548561728	30
-0.024050742963518	0.694760566607761	14
-0.08540293807752	1.04679347950756	19
0.015358104196666	0.276405970996325	2
-0.050581191252719	0.290945921630428	8
-0.113020660918565	0.409033881080379	66
-0.044028707613596	0.306738976650211	8
-0.00271789080148899	0.354510302113548	8
0.018691635750358	0.496813868612038	8
0.058750154830065	0.542540313239928	76
-0.081170168311068	0.545198381918727	76
-0.045439860172199	0.726955608758466	76
-0.041942914243971	0.833030969142418	26
-0.073039417066613	0.594443670285136	76
-0.098055272924238	0.493170230422946	76
0.062021155896699	1.16036282132963	1
-0.088955983939727	0.50572000685996	30
-0.062661420865577	0.591225935414615	30
0.081581043579284	0.585878256975382	39
-0.112078421208396	0.419823548006464	30
-0.024015040153507	0.963556110003704	14
-0.053136912341	0.684802756659108	30
-0.096371192452825	0.485659474661556	30
0.091996312465185	1.25724058754724	30
0.00769415703063703	0.887819465422037	30
0.102248842815018	1.00482468322694	123
-0.018289977144833	0.572590709944115	123
-0.00798020765916099	0.983104735890683	14
-0.045876544451321	0.742087942605727	14
-0.049925707942395	0.800937707561052	14
-0.084107046565788	1.08153772477094	11
-0.09812559864208	0.944889469191974	69
-0.060444264639366	1.29433540185841	69
-0.102920500456257	0.306593334485433	34
-0.073305029624656	0.550451007060883	34
-0.009189643197653	0.337743142771847	8
-0.102540775641767	0.190222439699165	8
-0.071641065455809	0.189148487029136	49
0.079701253757149	1.34642641911067	76
-0.100373611481285	0.305384732950512	76
-0.113290041872895	0.485173346428948	26
-0.124312927139481	0.242003039818128	76
-0.042176050482249	0.574505421828812	76
-0.118955130933201	0.33958855397576	76
0.072669208287845	1.93471642328143	26
-0.032269111984434	0.697954414468627	1
-0.002960795329219	0.667325798556768	1
-0.090075099893571	0.453612946629355	1
0.068551255436775	1.14211132500628	1
-0.025173654704383	0.701248293401336	1
-0.120725527889625	0.358797061028843	30
-0.019574336434457	0.744904020124411	30
-0.051854635739522	0.464367127965542	30
-0.079013037698767	0.546086980739481	30
0.027962915124306	0.968950978704793	30
-0.099454234379056	0.428882348397763	30
-0.089679820624799	0.407994474044207	123
-0.012132208537228	0.322003234101834	123
-0.036867830516441	0.50958007795634	123
-0.072392738507364	0.513935715253525	30
0.110723817166054	1.4408786291346	14
-0.097276700077273	0.85587617812444	11
-0.124423691658464	0.670691287547086	19
-0.12450300137712	0.253428116967865	85
-0.12488933581663	0.150691375305022	8
0.044444890229337	0.733082593542551	76
-0.068431456981806	0.761944227664999	26
-0.064644211698255	0.600222549674326	76
-0.096411451514422	0.333222754773135	76
0.00204921212457299	1.05817158773073	76
-0.00293512077488001	0.769549259679603	76
-0.109845182368038	0.376258604343176	76
-0.08367044073595	0.583927292462271	26
0.015992848913874	0.98124999190929	1
-0.104890006804872	0.530866792022462	1
0.015054475421349	1.05179894016948	30
0.089110783898117	0.422032156906366	39
-0.102884167651089	0.395700407573213	30
-0.087728543109588	0.356045531169117	30
-0.058274329698492	0.605845436334527	30
0.022513478777125	1.29643778190629	14
0.080587875203528	1.20458542305089	30
-0.095533233486698	0.360621685797557	123
-0.002131302982771	0.400668279335138	123
0.00138647063426001	0.418604437296307	123
-0.113366368837572	0.284979483868116	123
0.096805708804212	0.717001929391137	30
-0.096174209962106	0.533286356279764	14
-0.030631441797517	0.863100260941209	14
-0.100898713898937	0.919408265541678	11
-0.087285728156772	0.139719040543283	2
-0.024667529168586	0.398628208444674	8
-0.090512367198502	0.198250569484453	8
-0.037405231695088	0.257089405289741	8
0.074101275921454	0.655930506082247	8
-0.022736232423999	0.440035150972967	8
-0.000292124353904993	0.463522205978075	49
-0.114052173870612	0.276448828492505	76
0.028313146940386	0.668256433815291	76
-0.012384474735152	0.842418013607517	76
-0.052578990119019	0.554334366184121	76
-0.029067575584604	0.784333564018477	1
-0.00700089008927199	1.06471525315503	1
-0.072623372175319	0.27758162287122	39
-0.123485760713862	0.187248835362293	39
-0.1106774587124	0.296080826490776	39
-0.10930911480853	0.466221571670136	14
-0.044039707744239	0.661291577071947	30
-0.077043197059395	0.358081981759782	123
-0.021755122193164	0.524870171717177	123
0.060604085223605	0.801408268915045	30
-0.062791062879646	0.391442804574074	30
0.123223988416976	1.70077602801157	14
0.060556162343093	0.671074468941497	85
0.016352621889817	0.595662064730157	85
-0.081826568462016	0.234789319325871	8
0.00455173373405199	0.43614442618405	49
-0.024582415144318	0.685022301592208	76
-0.084286225024099	0.333749075277648	76
-0.070214439518507	0.657952460876436	76
-0.114254349541322	0.327624814316536	76
-0.099191424314	0.419142489105854	76
0.052459955642107	1.18360207385979	76
-0.051840829738786	0.772830086725015	26
-0.079547689857699	0.553769595206257	1
-0.103751479451764	0.404869546842318	1
-0.11759294866034	0.42988593477381	1
-0.095500622194377	0.528289866608913	1
-0.111166033011187	0.35675509928812	1
-0.025731963775248	0.423788531813466	39
0.00205741922272401	0.927782597019738	30
-0.020508822853107	0.626963922406364	30
-0.04257788650347	0.765017540871025	30
-0.002443316696319	1.19402551319733	14
0.08133505291184	1.03234551413595	123
0.028561297187769	0.845017239743209	123
0.124600058021221	0.852257385914713	123
-0.000588210068516004	0.589247695145429	123
-0.079763155488742	0.36617949432792	30
-0.056904789064425	0.545063641146293	30
-0.037244293447939	0.844616345055644	14
-0.120878412137648	0.413314466847922	14
-0.013444358523819	0.755180453620534	14
-0.091591785743634	1.01130041204612	11
-0.076958700143868	1.11002937846955	11
-0.085036468916733	1.07268010082664	69
-0.10199442369167	0.673327117331038	19
-0.084297929609176	1.02622785188156	69
-0.001799749504098	0.54863455793335	34
0.080076886370727	1.15934777848586	66
-0.033051248097121	0.406224476283222	8
-0.048997645486851	0.530051243119456	76
0.03528394577638	0.734677613277455	76
0.068591103187348	1.35962086205867	76
-0.091203168657182	0.390870367334202	76
-0.054084752810179	0.578041826741888	76
0.00962660694545903	0.967166420229817	76
-0.035570325579997	0.59612927074484	1
0.017628207142599	0.848296164202193	1
-0.082417381938594	0.527234252143136	30
0.024411436236345	0.655402888527682	30
-0.036495217588057	0.393974608802946	39
-0.124061698945889	0.328375879649626	30
-0.041648469400062	0.518016265941348	30
-0.038758993031851	0.514688159738648	30
-0.098237995001377	0.458195850257364	30
-0.085851426621779	0.542922457931792	30
-0.12210613622574	0.337986406788854	30
-0.078430680827449	0.402384391262077	123
0.036351119095106	0.896916687346811	123
-0.078670674634604	0.314001922660975	123
-0.083791644266872	0.335105801787185	123
0.011480104032605	0.621062168424291	123
0.012672881329973	0.590025401993169	30
-0.010214432769654	0.677092282916894	30
0.069079769723975	1.24580510040036	30
0.04514818988515	0.904594950458949	14
-0.075371724462699	0.486676198779631	14
-0.088915550657212	1.00164595917467	19
0.041804210200739	0.0570807528908756	64
-0.10005078971643	0.227732591611614	85
0.081988382459822	0.73304007496755	8
-0.10628102385183	0.484268235093095	76
0.032557293435935	1.07851025252819	76
-0.020874319766121	0.706869917794111	49
-0.091095314903471	0.473142764476564	76
-0.115379722848338	0.448870430501408	76
-0.077462548610105	0.548247954144889	76
-0.093841651414165	0.664200211080095	76
-0.121639740418225	0.49150546810986	76
-0.012748301233237	1.10468646511341	26
-0.096926328139673	0.498007854952149	1
-0.030991666654948	0.565432883391921	1
-0.089797798064162	0.555738370053991	30
0.023727854784417	0.954932003205947	30
-0.105052781480514	0.475211707814983	30
-0.073560044230221	0.454794647772638	30
-0.118614155555144	0.397965659521571	30
0.010096556868233	0.825735252101765	123
-0.094900663084351	0.518876397709743	30
-0.021432552152664	0.851676102803564	30
-0.11769076051221	0.376532492497157	30
0.091168101730567	1.41635036643638	30
0.036299609635787	1.06553574732167	34
0.019390779082082	0.431875406746939	85
-0.029941328878407	0.589560023249554	8
-0.081106632913413	0.531149916468404	76
0.029186661820426	1.10912941418677	76
-0.046604920162093	0.589952842128006	76
-0.060318166124764	0.687543292420171	76
-0.00050220548902799	1.08928663008894	76
-0.10275956016025	0.494428274764556	26
-0.041282950271491	0.803232340056948	26
-0.076979910051949	0.622779160157916	26
0.014528112553246	0.889203272778381	1
-0.054893797387173	0.596657129376011	1
-0.090768185189388	0.509207430913172	30
-0.038777555738438	0.793074293572931	30
0.085871985747222	0.964678832751194	30
-0.065435545341732	0.588122217197513	30
-0.091347180472381	0.54863123838273	30
-0.011246448551056	0.700158391592769	123
0.024226185956138	0.909283679214608	123
-0.101628929651169	0.363559208907685	123
-0.063398312959948	0.603563622583224	30
-0.117744330312449	0.359110113707425	30
-0.109722651976092	0.395791691493856	30
-0.082498898143818	0.538674250393114	30
-0.101442802641912	0.489954194925294	14
-0.099963688720532	0.491508106511628	14
-0.10654992996952	0.842465674704465	19
-0.012289846891094	0.819317095308539	34
-0.040542727520739	0.832342347039148	34
-0.069989382359271	0.385854196718532	8
-0.022450648956542	0.847416574231548	76
0.038274065933182	0.648287943058898	49
-0.046716822660164	0.749520715273617	26
-0.019928660173473	0.743381987710628	1
0.092512624243884	1.72430683274654	30
-0.12374077446515	0.356916635758714	30
-0.080279725113118	0.479942588544734	30
-0.119784165003181	0.415871871541036	30
-0.105509173168258	0.391181585281768	30
-0.091227320553807	0.456541740928749	123
0.025200246785983	0.977314463772997	14
-0.098372032740516	0.875222194211466	19
-0.082558865298669	1.08010733806113	19
-0.049877220021364	0.763483939368142	34
0.081411345998616	0.390713833630312	2
-0.102731182432305	0.333245222055436	8
0.109368080308926	1.11401595315629	8
-0.074551667990514	0.559697713627896	76
-0.096462397196191	0.45666535005355	76
0.062640094243513	1.44329354163163	26
-0.109813384380876	0.487526306670267	26
0.082373981911214	1.58443635015325	26
-0.00211501245665899	0.787788981132591	1
-0.044878526398434	0.673949645069504	1
-0.108620985943478	0.418568760876078	1
0.1075894187283	1.83560352014353	30
0.071479412268548	1.50724120644912	30
-0.109727214842441	0.448625948552	30
-0.019962145898741	0.896820569622733	30
0.092663766163418	1.44034721675256	30
-0.024804984104271	0.855946531493454	30
-0.093674346470544	0.49288566064223	30
-0.121143437832502	0.314995345778883	123
0.068199297641208	1.39663319818365	30
-0.117040794681189	0.401064176041559	30
-0.095054343980958	0.528054341177675	30
0.041804210200739	0.0570807528908756	64
-0.120080190720404	0.132679125714136	2
-0.093221508791598	0.320094743146612	8
-0.084308423212588	0.566030578779928	76
-0.032405078161905	0.704286940451724	76
-0.110898329826406	0.513822141261432	76
-0.09299116625408	0.587252165306443	26
-0.082943803273866	0.567460791865179	76
-0.078867022839528	0.636937948638223	76
-0.048075199689914	0.814348265832974	26
-0.021542158023169	0.935837353360091	26
-0.016923496902457	0.852298874648841	1
-0.037188658984745	0.72113713086627	30
-0.035172818646694	0.851132312612399	30
-0.055524499029122	0.674442790218231	30
0.000583393125342002	0.994369662440138	30
-0.103737999778676	0.296990961842559	30
-0.000932918093436014	0.674816825488782	30
0.000953242637188989	0.64602278797528	30
-0.097302648482103	0.501944978541554	30
0.010385342292931	1.0866506013911	30
0.062584361173272	1.28401312270075	30
-0.124938928614325	0.386522217056835	30
-0.115580994390865	0.302160182097086	123
-0.052457437460127	0.634432859684374	30
-0.041931004487791	0.732568738193949	30
-0.088650623646264	0.495753006615991	30
-0.02054480483231	0.910959414082386	14
-0.080793885725639	0.592462041215959	14
-0.080392892619739	0.573823988398203	14
-0.094401745914474	0.500486541684204	14
-0.101908387913045	0.891650765860665	69
0.043282111840002	0.249438550699388	2
-0.11009338511984	0.34017684336141	8
0.116626631064194	1.60837728853368	76
-0.114053733964332	0.408876134901612	26
-0.02899840617698	0.996343949522441	26
-0.103300687353323	0.5138276166352	26
0.015525136500566	1.20933070621623	26
-0.119178419278156	0.257977585688883	1
-0.011819182972438	0.658104540058938	1
-0.120600506513457	0.314361872943203	1
-0.06386904536976	0.597566559201544	30
-0.094379913838612	0.468794814508489	30
-0.038895893703324	0.640709887039189	30
-0.113010157281734	0.395223755999866	30
0.03388469063937	1.0101837770075	30
0.091926052883275	1.17387232796966	30
-0.092400271562355	0.535923637730474	30
-0.093924291840955	0.527190196525901	30
0.058938661312264	1.37276586524316	30
-0.105417968842301	0.436160141948648	30
-0.122353933485252	0.32867220043771	30
-0.00862346202193901	1.04617453579228	14
-0.086133198466161	0.50527660838268	14
-0.081136058526108	0.479312349418829	14
-0.113616671463506	0.735797398551155	11
-0.085261494668199	1.01426518280227	11
-0.113597624206182	0.80410493951052	69
0.031586028821092	2.40041641453247	19
-0.115777657464849	0.214456389292133	8
0.096974425282349	1.10968260217406	8
0.013831494959336	1.13957541614472	76
0.086764966819422	1.74815473708212	26
-0.095726204121382	0.577589304000501	26
-0.102946269304311	0.534927069258117	26
-0.022319845431686	0.813593750732024	26
-0.078212501769908	0.644151707781323	26
-0.110881781159099	0.45009331263398	26
0.095947216416236	1.60696291320616	26
-0.080408422519426	0.541059674121101	30
-0.089462431779323	0.54184448126278	30
-0.075784037337003	0.601050337998433	30
0.033551021006394	1.21671781368842	30
-0.084824511685235	0.510644129901066	30
0.060957493812112	1.56356671066291	30
-0.109378499098243	0.501525669758808	30
-0.03126739999487	0.769771912640819	30
-0.040200224027274	0.697749744706565	30
-0.077563722792146	0.661114432575215	14
-0.021513748727129	0.810350138759181	14
-0.019851117731879	0.840482926496664	14
-0.089030940142022	0.584415110805049	14
-0.06361676521515	0.631400067020546	34
-0.122883051623479	0.179200140347777	85
-0.121410271406515	0.327910633869061	8
-0.06530169608493	0.639174465332362	76
-0.113274895738898	0.50624413714944	26
-0.062257887776515	0.72081444555259	26
-0.028599624647382	0.955407116269827	26
-0.036080100861041	0.677634951189426	1
-0.034609827170996	0.677245943514782	30
-0.113012644249176	0.4403349286715	30
-0.106678391502447	0.491450663049307	30
-0.07562011805701	0.602862768429529	30
0.017536390855309	1.05720849407696	30
0.058035724168252	1.25486433683097	30
-0.019538965344881	0.926225784132242	14
-0.040175597948607	0.815270465959018	14
-0.063881482506736	0.633277804868983	14
-0.119176777184368	0.333379966834535	14
-0.113626785804528	0.46561014649662	14
-0.050265694056419	1.42848884458037	69
-0.083382028161758	1.08946614946628	69
0.042266006022112	0.0571557941063312	64
-0.010329793597267	0.49525115979482	85
0.067149501429653	0.734582782929219	8
-0.104002163299666	0.256758537676325	8
-0.024639009921279	0.815577165697483	76
-0.017639432766864	0.829768305309313	76
-0.11055179362555	0.489787456719494	76
0.049677656037425	1.19245879465571	26
-0.079655710203927	0.74457831063888	26
0.004595150852162	1.24030499282596	26
0.026069919095047	1.002215840642	26
0.005914080523307	0.911964599154167	1
-0.109772016384359	0.401459815256277	30
-0.089523227724523	0.65353869387322	99
-0.082013405196849	0.566617895807178	30
0.088162263369828	1.1844609590461	30
0.022851795212442	1.19626935784935	30
-0.065923557290589	0.626318415428923	30
-0.096247939015962	0.567211946625466	14
-0.040541413641816	0.914184318940499	14
-0.010867078254157	0.800937195178143	14
-0.055989913910499	0.50993442039042	14
-0.118774478608978	0.357154303646648	14
-0.048706904468395	0.681526259942993	14
-0.109377487276771	0.332063141137794	14
-0.033279739663678	0.648571608837642	14
-0.07858613566322	0.966129819053656	69
0.041059153438102	0.695673506414714	8
-0.000492958625911005	1.16011409369819	76
-0.042921344913942	0.749950823434397	26
0.066100773054141	1.92016735346339	26
0.058292137996251	1.52839679502421	26
-0.100325343389077	0.628748189912925	26
-0.098308394195562	0.317771727405615	30
0.060932227375107	0.802518304167765	30
-0.056238204469787	0.44431693591547	30
-0.12420117086027	0.399697823858865	30
-0.00312609746367101	0.821851827368139	30
-0.065273036927502	0.580045678971431	30
-0.105385744239959	0.413362903689179	30
0.047426582258958	1.37109078619544	14
0.056488656948614	1.76850483250377	14
-0.012478040397714	0.682683237793731	14
0.046737629449398	1.29002554822943	14
-0.062992598373346	0.778449471407049	14
-0.053739737651492	1.38387569534538	69
-0.058890546325629	1.30542616833437	69
-0.123751192183663	0.726218802483486	69
-0.099432433746576	0.934625630326152	69
-0.030685628649475	0.87031918068126	34
-0.093023606570491	0.156139775737103	2
-0.114992077790952	0.392619393497237	8
-0.091824486479073	0.607003383133714	26
-0.00732854708401801	1.32931606062415	26
-0.060196918960154	0.689221679641113	26
0.038816764532171	1.62348649534267	26
-0.124363125890206	0.253707929960338	30
-0.022660443829462	0.644138499548938	30
0.012723886913501	1.09995198594236	30
-0.121525580716034	0.457893965898264	99
-0.027147706428698	0.955016473383771	99
-0.076944567832374	0.491737567744732	30
0.031536710761563	1.4526049900409	30
-0.106160808138592	0.510830262366277	30
-0.109030729915367	0.539767745243725	14
-0.098391413857822	0.595735911957037	14
-0.105769240582657	0.558226155367036	14
-0.113764888535663	0.464958537344974	14
-0.101329698374808	0.884913836787503	69
-0.118981229946796	0.249827817799538	8
-0.062545011872812	0.258904489017539	8
-0.029274610766738	0.352052029754275	8
0.05220132725935	0.391476016420131	8
-0.095128134784589	0.461797716952065	76
0.049832112372922	0.585545443996469	80
-0.114781580656836	0.263610568649823	80
-0.124977170523047	0.521055690876048	26
-0.090228196626312	0.515912906652584	26
-0.033973903810606	0.767716753902769	26
-0.09383025049282	0.517261546713079	26
-0.118244404914755	0.491218728404711	26
-0.086751172325503	0.534721885295693	26
-0.102997043622536	0.506135072243367	26
0.065647568231773	0.708055110608397	29
-0.068023717793818	0.330934674809621	29
-0.061603777659162	0.503421663890662	30
-0.01566886216351	0.919531431652135	30
-0.094960022709204	0.530788827348251	30
-0.053541250123184	0.791962363619608	99
0.000898191214519006	1.30351806858005	99
-0.030240010798861	1.01882132224808	99
-0.039184251088418	0.665202013097873	30
-0.109898438321289	0.368116799618537	30
-0.106736189837434	0.322087990163588	84
0.041823495307994	0.872167393397359	84
0.014271049290744	0.73054115920029	30
0.00633309332237903	1.32140382209444	14
-0.061711204462213	0.846881524602071	14
-0.09757477514762	0.61646847086245	14
0.073227731558419	2.05844365341156	14
-0.068285365082871	0.733229781223061	14
-0.108990976751189	0.383433281985411	14
0.067154390738525	1.33702466372862	14
0.090444127747855	1.51362105337195	14
0.021855169432853	1.19879593210637	14
-0.091299867497639	0.93050842812604	3
-0.114785992975328	0.736567751224201	69
-0.110580892128151	0.83936399143658	69
-0.044428230256151	0.416023055796291	85
-0.030470626416688	0.534073738265018	85
0.069278796850519	0.33268579476157	2
-0.095697106414858	0.279587326162172	80
-0.097699112008469	0.441338213976309	26
-0.010223511439484	0.926398652732641	26
-0.083334194926636	0.528487268758663	26
0.034530084624342	1.26062213706024	26
-0.00305786514445	1.08811301174694	26
-0.024969316827143	0.759626412322603	30
0.094778999708426	0.915285044823408	29
-0.116335408660528	0.244894991998742	29
-0.114138821973255	0.46525270767083	99
-0.000479436447347992	1.15037426667287	99
0.116115505152852	1.11451742357499	84
-0.02277015662972	0.830456515478202	14
-0.115419291764352	0.756584498093581	69
-0.073168071265944	1.16911582262965	69
-0.070189209205425	0.322903733210939	85
-0.119216590772155	0.23655511581438	85
0.01060139013202	0.673303691897822	8
-0.054162063679173	0.450534820459784	8
-0.107068937723336	0.470383980442379	76
-0.116606875241454	0.423746076482901	76
-0.122634296740007	0.444373587392661	26
-0.109872442532975	0.472368640769848	26
-0.070584896906847	0.670804275661942	26
0.067914194522809	1.63634606594164	26
0.052113170480533	1.48332528018535	26
-0.026427822327168	0.945519988139288	26
-0.028866502427272	0.962949126630382	26
0.070004676798176	1.47181093152583	26
-0.073109205348998	0.626366701430707	30
-0.124373708112184	0.388678561778836	30
0.061662355777037	1.37131106200488	30
0.05450434182235	1.50135350114084	30
-0.112695022787915	0.468324750384461	30
0.093689235379243	1.20576084104158	29
-0.114836115862978	0.374688590336336	30
-0.00106860188107699	1.0693851836894	30
-0.054690794718355	0.698808852059464	30
-0.099999289209115	0.536751286626897	99
-0.117211754287245	0.433037786941381	30
-0.075802013565877	0.485091803970519	30
-0.099236302336429	0.507773707434319	14
0.025289523078698	1.01024348253632	14
-0.095459163035417	0.487384626524705	14
-0.122337093444857	0.377857149937327	14
-0.119821872136567	0.702358097816023	69
0.114624547880089	0.719069146382252	80
-0.082533991937795	0.57580875897187	26
-0.04740258372399	0.911747740536384	26
0.00412739563256498	1.11372815159359	26
-0.011789147409004	0.89468922523644	26
0.00768495011246501	0.980423233222331	26
0.03372747225886	1.248011325224	26
-0.024556951719283	0.96024781506289	26
-0.089415655736064	0.496832407466422	26
-0.047410934671228	0.835583987988366	26
0.093096392297809	1.8241158881816	26
-0.04438577378515	0.808570531797803	26
-0.04480265230492	0.817990150318383	26
-0.120929253862878	0.423541216510061	30
-0.086753641982207	0.257704379224204	29
-0.070822477270577	0.321513197215092	29
-0.075936508802863	0.511287632865104	30
0.086663783670162	1.20087238713961	30
-0.098916439952219	0.453600890542472	30
-0.09670514879878	0.334813171485327	84
0.014577647408969	0.692871125328967	30
-0.095617346624967	0.610843367469894	14
-0.088980143242272	0.429498451291779	14
-0.058276665161402	0.567222136995276	14
-0.064375164398404	0.625801451261986	34
-0.047515061994508	0.404399412012309	85
-0.013630949763114	0.520576310234922	8
0.00679143558282302	0.896777414492458	76
0.026314496489254	0.464682290234081	80
-0.11414379142437	0.251840870118058	80
-0.012606475687259	0.909250071582767	76
-0.060502768423538	0.66307058408422	26
-0.094112232737513	0.558471168734325	26
-0.06586331169498	0.709700160115097	26
-0.013638886359259	0.9549114513492	26
-0.122206125799335	0.395806466795621	30
0.013069332514736	1.04670326271337	30
-0.081607881109806	0.607324898495656	99
0.035757088766866	1.3339842643602	99
0.11397988331762	1.35030674219508	30
-0.052257273516704	0.66565899082135	30
-0.021363911312486	0.597705119233133	84
0.026769160735145	0.810834053519163	84
-0.086084461802108	0.475326293706757	30
-0.014846686915241	0.703474621537254	30
0.050771271817688	1.37833916559783	14
-0.08149201932176	0.196524369402949	2
-0.004531394455288	0.489678078700088	8
-0.099091060401195	0.269676752367453	8
0.030033298537802	0.835623029074953	80
-0.037623980569714	0.511012606913343	80
-0.114830080127979	0.473120214777138	26
-0.078005354965319	0.71151834404937	26
-0.115139656715762	0.492542390049528	99
-0.118854240068994	0.506886255067112	99
-0.02956413995414	0.738973018211527	26
-0.099512200909762	0.64903758140599	26
-0.1058470712294	0.56075912646201	26
0.070333890026551	2.07144008846952	26
-0.105887894507166	0.589427722642639	26
0.071844571962763	1.25547368164307	30
0.04468073110252	1.05939269812513	30
-0.086169691011754	0.405952905847201	29
-0.118361843660107	0.352036952830116	29
-0.019454749189584	0.906341012606403	30
-0.052860220057363	0.695759642331393	30
-0.021480724696193	0.922289350865923	99
0.047474590286073	1.28104648129908	30
0.024916499143566	1.09528660693802	30
-0.075075487330226	0.614610924532431	99
-0.11356811055603	0.437994157181829	30
0.055951064119383	0.997162802897667	84
-0.089715863316169	0.491549365252061	30
0.048107960442188	1.23357143016187	30
-0.090253124062248	0.519536774547924	30
-0.061818808100126	0.631434611813744	30
-0.024457488126211	0.879635789015856	14
-0.080741077336908	0.627054588394897	14
-0.077312412358203	0.671596880410374	14
-0.074664691725052	1.17166206492038	69
-0.10445892344313	0.51564672685954	63
-0.023452731340675	0.248801976106093	2
-0.080076216580545	0.32624442772696	8
-0.063929826058069	0.388402441081692	80
0.035348230087867	0.593951342254882	80
-0.110195424562344	0.492425951718012	26
-0.086824923052223	0.630291507497421	26
0.020636574156949	1.42823919634968	26
-0.096179361689668	0.636032663784087	26
-0.083190006589248	0.688107482201822	99
0.028841777057971	1.19837604756019	26
-0.024989132736477	0.86167223238626	30
0.048032469905408	0.669973598085506	29
0.057754545048469	1.38210281076639	30
-0.092832908001051	0.527541525299973	30
0.027871964063414	0.81528168057594	84
0.036905021107428	0.870599363709472	84
0.025094393185096	1.31212089974942	14
0.00680123618769302	1.10667429634456	14
-0.094269394745359	0.551474759891165	14
-0.097401046938461	0.47179149074912	14
-0.034123868937105	1.57742690277497	69
-0.0879648214904	0.990210908523057	69
0.041272235289493	0.0569914165178306	64
-0.00255651799529699	1.03905288257697	66
0.029620364042934	0.48451707851008	8
-0.010602417578354	1.1244018167929	26
-0.068860474451055	0.484494766571681	76
0.064893565896075	0.469760979579525	80
-0.040066968908936	0.439129084201772	26
-0.101669278062941	0.598050665416374	26
-0.026502342589929	0.781973849781764	26
-0.108989091978805	0.600829400991523	26
0.018709941589426	1.39895495521847	26
-0.014255873611005	0.842087328600822	30
-0.021671269907557	0.720431103637218	99
-0.061034721960972	0.720055360361902	99
-0.00935140769599599	0.279558703857045	29
-0.077212868684492	0.245745726519028	29
0.0712375708521	0.633016964452794	29
-0.035770221778591	0.805925091416704	30
0.075531184588525	1.19990131297931	30
-0.073329060507201	0.473795098073083	30
-0.069575161593864	0.473655867855584	14
-0.075892476427963	0.479707038634298	14
-0.061482941938862	1.31113567266021	69
-0.123897211557262	0.705062623218613	69
-0.058695716736089	0.45451864922931	85
-0.115871313782592	0.259018404637483	85
0.048774659857091	0.393678039703919	8
-0.064715835576313	0.659114223398625	26
0.112688318501914	0.649050231151216	80
-0.074186434152396	0.582143109695121	26
0.024378652654397	0.894690703585935	26
-0.054072093942648	0.873492567194717	99
-0.089304999398006	0.577142141796614	26
-0.044982834826696	0.643549418522328	26
-0.109938810169806	0.483854989853662	26
0.101720506749882	1.89541566600892	26
0.082308050456468	1.46472893461993	99
0.089349326230112	1.37647435585598	99
-0.068782368001425	0.263497396992217	29
-0.025323106185216	0.84599350722756	30
-0.094184652577766	0.559958969425859	99
-0.117644295565861	0.440554822523502	99
-0.102253367712446	0.302990776225476	84
-0.027127751389323	0.71247715684202	30
0.023216274238114	1.0285966129771	14
-0.122246094387615	0.342635892668412	14
-0.072847089885877	0.989437972294002	63
-0.121867850236962	0.130701395973128	2
-0.095877258381631	0.521852309101218	66
-0.108634233521663	0.194662751530003	8
-0.021711564578508	1.01725351715108	26
-0.081074094755554	0.479450817619863	26
-0.090908840865163	0.446351309181787	26
-0.099053047229796	0.471259192170571	30
0.025652994509209	1.03708726913226	99
0.00959032440275598	0.332252023287883	29
0.068490595779315	0.492926295802044	29
-0.023239395635919	0.868031895991392	30
-0.111654786995555	0.447581531908694	30
-0.120534028767713	0.423092035132577	30
-0.054265356581851	0.641574339500935	30
-0.085277501420197	0.478467630445719	30
-0.061703402496742	0.461990819121088	84
-0.120866699491284	0.222385612626216	84
-0.069146142795745	0.328412802166381	30
0.094195050013232	1.17462675231246	30
-0.11147942529887	0.349564828640253	14
0.051188357568164	1.07370401525152	14
0.041804210200739	0.0570807528908756	64
-0.085840991687727	0.292355420773777	8
-0.113278836149235	0.184927318855466	8
-0.090424350011398	0.575669679775906	26
-0.111656938712277	0.595737124782569	99
0.039880623055033	0.918262117931751	26
0.123354666415129	1.33865932232657	26
-0.000717000329474998	1.05462263193115	26
-0.114944723563848	0.57706572883629	99
-0.090927083662234	0.83280714479791	99
0.11574989729974	2.11246487183866	26
-0.117340200089623	0.34996674593809	26
0.017834829084936	0.854165896508461	26
-0.069806970478127	0.991597196603232	26
-0.059436003485278	0.929658118125588	26
-0.057519002008121	0.871407773589871	99
0.057368546210757	1.24838026028764	99
-0.060161703498959	0.607381743357316	30
0.063257140913385	1.25141736550252	30
0.076554008342061	0.944078276588962	84
0.072909536788071	0.828621940229235	30
-0.00644903824038401	0.438805507792151	30
0.101586231697208	0.782497763102048	85
-0.033015081391001	0.90191540062165	66
-0.021804644810067	0.337294592819095	8
-0.101175327194926	0.456645416590367	76
-0.016128117792363	0.821170202593869	26
-0.071908712752424	0.691429706330619	26
-0.01090411258024	1.52027188139201	99
-0.102895787633367	0.414372267854893	26
-0.03795226947066	0.887960948155707	26
0.066915124900202	1.54885813078836	26
-0.085002841329804	0.602153086949482	26
-0.059418819086959	0.627826671967295	26
-0.106962713617859	0.483226097184138	99
-0.109176027868666	0.191336385332326	29
-0.032873474115328	0.935998777748425	30
-0.002887631022956	1.2632108690093	99
0.030258760133406	1.73478817792144	99
0.071744399562303	0.656892021542027	84
-0.00436000150771901	0.666755218833098	84
0.00842318893792099	0.799465877490696	84
0.057311493458691	0.860998168333387	30
0.076768387017795	1.30784034401845	30
-0.073316742261783	0.967032303231219	99
-0.029981956203724	1.0702875488772	99
0.051640474701616	1.06378139672732	14
0.034133053348654	0.9843460708378	14
-0.11858598369405	0.485450853116838	14
-0.098606070949628	0.488827063612481	14
0.00373015105628999	0.711700814750175	46
-0.074650784197117	0.326078407080873	80
-0.083046665652288	0.803701036339672	26
-0.069594440633359	1.01473019602153	99
0.026458973176338	1.67081521375511	99
-0.101919706771716	0.676732275607825	99
-0.095650614914901	0.628608362312329	99
-0.111893006453962	0.535464748647437	99
-0.000996172213595992	1.01938382957396	30
-0.107713854510072	0.445616257442946	30
0.082182477600528	1.03603679551732	99
-0.001600184925207	0.65612100338082	99
-0.032103585508734	0.976178921952664	99
-0.077597390592537	0.678365615559043	99
-0.049486930174918	0.87957735303152	99
-0.065448899172562	0.562468540005492	30
-0.00652676192897	1.04307030721485	30
-0.023606673431528	0.902985896928785	30
-0.103925195627474	0.554181076314039	14
-0.05020479592258	0.413286571667871	2
-0.032785274760402	0.501266318505644	46
-0.115644106932746	0.585200651800072	99
-0.00958137326087	0.925710612044345	99
-0.08945456267416	0.776443253840419	99
0.00433665941747202	1.23217964873347	99
-0.110136601883199	0.420184792908591	99
-0.078458568970396	0.618282552207198	99
-0.077113061431184	0.661337703883944	99
-0.119846231117394	0.406155407346817	30
-0.108492040509715	0.30177723225297	30
-0.100906603871162	0.498566460483376	30
-0.109376757707374	0.435560023637537	99
0.060370198983716	1.72832616557085	99
-0.028720500309127	0.874914390514395	30
0.09523233866361	1.66808726445058	30
-0.093945769602951	0.623366920046617	14
-0.024975765738455	1.38028618279701	46
0.079019567212432	1.13929131932009	46
0.025010307438748	1.0623168002411	26
-0.114702162287822	0.437911141445355	99
-0.087391907733509	0.937219842235504	99
-0.103101713858054	0.447621881753168	99
-0.0490730557242	1.05365143597695	99
-0.068119171071844	0.268231063362366	30
0.00290491367427098	0.421868126571289	30
-0.120978906130517	0.571769978628883	99
-0.078888356366976	0.297819303155285	30
0.03110684481921	1.37807498635679	30
-0.062174780018452	0.926129526563117	99
0.013654819689571	0.906264627581835	30
-0.032815503342184	1.05631298313077	99
-0.042563799138592	0.456701924734547	14
0.113982399691923	0.670734969427986	14
0.034289183061542	0.799464276908927	14
-0.008137892891809	0.680797923028868	14
0.053026256705394	1.18073706514081	14
-0.089066757474333	0.426899598820412	14
-0.119953035882726	0.675219293682031	25
-0.114584166747877	0.358445858538913	46
-0.120321321738338	0.398337963897589	46
-0.124998081422926	0.313402998183102	46
-0.050366769385972	0.892650849407696	99
-0.083885593444398	0.945016722690103	99
0.00643230256725902	1.74381417205322	99
-0.081153564689122	0.705549158753249	99
-0.11701360623431	0.472598645653652	99
-0.047029960254764	0.974226876868868	99
0.069813955630946	0.879700289490165	30
-0.094714832818996	0.377542510133249	30
-0.052019352506416	0.684564903496978	30
-0.089204065103288	0.391505116889628	30
-0.119757413177015	0.434660445345862	30
0.033702391696608	2.02985373018223	99
-0.109424854788543	0.656320147586069	99
-0.110486374528597	0.5182463310837	99
-0.119799594047882	0.350482347590878	30
0.02385909430253	1.1586514867459	30
-0.072509753516685	0.781858129119522	99
-0.032412375798363	1.05550136379567	99
-0.078025262237397	0.485188876177366	14
0.09070382020473	1.39929655837443	14
-0.092592485447726	0.468957726565422	14
0.0417340637439	0.0570664528087262	64
-0.121331273716395	0.312159895937555	133
-0.079876225460005	0.54468374583774	46
-0.123241844621575	0.605712736753341	99
-0.113209367113574	0.687360285432851	99
-0.013148672327481	1.29405486818769	99
-0.110683175572828	0.550407389569927	99
-0.050563319705005	0.919791134639966	99
-0.04860660348484	0.967193569182621	99
-0.062416201977588	0.748690181413165	99
-0.115398912263356	0.542941291155152	99
-0.071224381853805	0.832979810245542	99
0.037130843568428	1.40504981309325	99
-0.072639384755367	0.440529887542254	30
-0.072801630480218	0.468023079444891	30
0.004297050253532	0.728271027634154	30
-0.123529455824676	0.432827212256699	99
-0.024494967713168	1.13522243306384	99
-0.10026700263993	0.668776580518337	99
0.018269491216581	1.370465099696	30
-0.108568475378352	0.534277762993379	99
-0.056020502112581	0.619729214643643	14
-0.114682498696426	0.546514901819966	99
-0.111208242887146	0.508888109948218	99
-0.054301828053501	0.768471613464584	99
0.052203489348638	0.985711882671041	30
-0.00957281937966001	0.974947595619064	30
0.00421818088557702	0.776505936612598	30
-0.004794563765149	0.947306305119602	30
-0.050495480629047	0.636016199578584	30
-0.012500900463146	1.10427806903531	99
-0.103708327679179	0.608770532147026	30
-0.058993755915261	0.627211938762466	14
-0.103952274844931	0.522778852381118	14
-0.103210594665173	0.735388100986818	25
-0.035625811652152	1.15669779537002	63
0.044776016404146	0.250932336708194	2
-0.032412222950868	0.900888873911592	46
-0.099668924397973	0.322135567104207	46
-0.12031270059808	0.289683043176003	46
-0.010664790054624	1.20172606615453	99
-0.112925637208434	0.538145935755305	99
-0.046353886316333	1.05009221193379	99
-0.122760492659644	0.302964677210924	30
0.000861855656436983	1.03465131085506	30
-0.05907550952099	0.479725315595821	30
-0.103549089087972	0.441652756697295	30
-0.031512731164424	1.05925364374517	99
-0.066614620260328	0.840654711016278	99
0.100943216011398	1.95471544739472	99
-0.055054585579724	0.952971630027396	99
0.020476342444258	1.09323263706424	14
-0.020610862894193	0.926077581524718	14
-0.091095482844705	0.197354159504658	2
0.010127702737301	0.816449529352655	46
0.050056831708714	1.47324049682186	46
-0.074535105472824	0.76862815747789	99
-0.120492849352304	0.569744799165999	99
0.02373156226808	1.06716090377702	99
0.023732098703034	1.59503574032675	99
-0.075203084051521	0.788706644106956	99
-0.098493460693532	0.62515653781297	99
-0.119248160843023	0.562927000936021	99
-0.095058212177661	0.61440472674748	99
-0.103481015365213	0.593229861541734	99
-0.081716528499509	0.704979201306063	99
0.039302419554456	1.36582987919204	99
-0.109971217307441	0.608772375022587	99
0.038701101634275	1.068494447146	30
0.012810281441994	1.19192414250183	30
-0.0861072739884	0.719852729351676	99
0.013952692900089	1.48579363510062	99
0.00233697220885798	1.3874352865584	99
-0.073222367074782	0.553257012189874	30
0.028261791123379	1.20919879356066	30
0.024998199676978	1.37175928154677	99
0.022270201783513	1.27686645685014	99
-0.062955252402311	0.902058666526389	99
-0.072311034491963	0.809253908777777	99
-0.076994731637186	0.767449561990796	99
0.074226864011209	1.49939871446692	14
-0.031002071965316	0.76451535853042	14
0.079042329970878	0.0855774229623516	64
-0.093288577167229	0.194131524577927	2
-0.063651300323964	0.385881015026788	133
0.01281950157938	0.93180408265799	133
-0.042192280710057	0.283213711906222	2
-0.013471971887878	0.869001257232543	46
-0.080255004020791	0.402203836021556	46
-0.001351644799479	0.91990044633497	46
0.120930560176905	1.19178790408945	99
-0.040456505601286	0.860082578293678	99
-0.083669605977623	0.858684836511457	99
0.044674353799041	2.12496270954751	99
-0.118321879715947	0.481085858059175	99
-0.124465123561394	0.490486468946866	99
-0.116498418516775	0.559261972857104	99
-0.087290368170519	0.656310220852942	99
-0.110981859367344	0.625246064630673	99
-0.054580202262104	0.783536145349341	99
-0.09962646903678	0.600032620487409	99
-0.00955464020573199	1.09178931098999	14
-0.102588636384282	0.500388093162133	14
-0.054797928235441	0.788242045644255	14
-0.022073123965954	1.15120284949782	99
-0.08862000328527	0.609245827217511	14
-0.023056815699353	0.875977024667954	14
0.067920245532422	1.08584053154553	46
-0.073915839603702	0.61322167978711	99
0.052462559275506	1.9909591611247	99
-0.063545379920176	0.91425547210193	99
-0.109165836319125	0.366962059793382	30
0.059280072850869	1.08299382985077	30
-0.113390004644573	0.481233927000381	99
-0.057631123646438	0.958015131220464	99
-0.069833121147596	0.81201756910011	99
-0.081294300441495	1.10930502692956	25
-0.010361098264484	0.549092972111444	133
0.072462259282357	1.12231646801803	133
-0.121098776337331	0.352942529066981	46
-0.073843771964652	0.42191331085014	46
0.104393783519365	1.72079183552384	99
-0.117586594243931	0.599592453069094	99
-0.098637282444327	0.684010883190949	99
-0.09743832756571	0.83122214626799	99
-0.11908759334929	0.593208945314475	99
-0.076808962541785	0.805431528124165	99
-0.098684813959068	0.459955332957303	30
-0.088973230962623	0.498656279588559	30
0.047458531443772	1.18498029651115	30
-0.086520702797105	0.575311758340402	99
0.00756163482042199	1.21482318421579	99
-0.00795925476277801	0.935104993499798	99
0.033952659037086	1.8761006382165	99
-0.048629597423926	0.899262507589019	99
-0.124762798722299	0.41912147860344	99
0.00132924250494898	1.41376950257284	99
-0.058318699351119	0.930859253393288	99
0.043356893609278	1.32603560666969	14
-0.020578209898451	1.04370245345799	99
-0.107671773133578	0.469259021161245	14
0.106579593264621	0.132149594233089	64
0.041804210200739	0.0570807528908756	64
-0.063699400350484	0.49028063169535	46
0.037680271798911	0.441236863442434	46
-0.070783471206513	0.361094474546583	46
-0.07062341971805	0.341759197163957	46
-0.103253368743707	0.501537799061203	99
-0.069530530731092	0.693951353668401	99
-0.09757844973231	0.716827864748115	99
-0.083406098230482	0.747972650719612	99
0.114454880172727	2.29821653298856	99
-0.082286537738393	0.877553398596418	99
-0.090473485907728	0.823100405105621	99
-0.025766575273288	1.22836535793819	99
0.066571702898292	2.28436769617647	99
-0.11635084564977	0.674208075799727	99
-0.102172923346895	0.515567335269078	99
-0.038248726365995	0.732205531105942	99
-0.086654442095379	0.744664990902691	99
0.024795492682312	0.791790714865007	99
-0.066176781569876	0.705745054810406	99
-0.069142641687771	0.465982870387733	46
-0.09492975541592	0.804852324628101	99
-0.11002669024987	0.668610903358518	99
-0.096699448998574	0.864269730385217	99
0.001120547847827	1.73485771692647	99
-0.054080319286947	0.810425017953289	99
-0.078696952339719	0.569680277312275	99
-0.094455063719525	0.639413483597454	99
-0.112555670249274	0.519555865265675	99
-0.122825363078157	0.401929878648782	99
-0.064687305642065	0.713739359790545	99
-0.058423435659754	0.857991002234877	99
-0.104184063199807	0.439251672130325	33
-0.103398509370975	0.442215862975546	33
-0.113853215301624	0.615515302557515	99
-0.010542953323269	1.4869722414744	99
-0.100427947358271	0.559585144438456	99
-0.121912924693126	0.477947823069017	99
-0.015393108369293	1.14812888537744	99
-0.124811848857509	0.536744017825061	99
0.117173291628886	0.171768757720188	2
0.035409344686043	0.996430735431253	46
-0.079578387584116	0.330345993516611	46
-0.082329281489405	0.338780828465239	46
-0.017599434660197	0.457338371478892	46
-0.055797236008537	0.402006452245866	46
-0.039833254071309	0.488964239141617	46
-0.108767472234293	0.316417593546254	46
-0.087262601866168	0.387036360637714	46
-0.048362609883783	0.232273395865875	33
0.09102816449566	0.444436773860723	33
0.019630823055225	0.36137481446654	33
0.062476317331218	0.67676339781032	33
-0.073824079656862	0.38232725549877	33
-0.092064038114154	0.262092286504079	33
-0.072187399554743	0.312010294040747	33
-0.07941228449631	0.296616025559087	33
-0.03179780033618	0.309936641109664	33
0.121935661082909	0.843579753581448	33
-0.100101445585182	0.280456945477711	33
-0.115512063103681	0.181419636420219	33
0.00180667360708597	0.307773217837887	33
0.070052176788993	0.63731441529456	33
-0.076200365120116	0.378799309111603	33
0.116176346692506	0.171238573414407	64
0.056364004167496	0.939248697710496	2
-0.062261286655572	0.259380198398219	46
-0.060246638656945	0.545225122086804	46
-0.028037062461402	0.321243014154556	46
-0.05865624327372	0.510860840114901	46
0.041446229569806	1.00832820810768	46
-0.024109937537177	0.436612335522091	33
-0.054643549347992	0.44901733931715	33
-0.065885764425637	0.383164067029249	33
0.040442963918086	0.601705814616291	33
0.051731375513598	0.390713412787435	33
-0.080106751019515	0.307783539107531	33
-0.04537526212821	0.464775306830747	33
-0.040308949455958	0.463093771686337	33
-0.057113411930255	0.410042049117114	33
-0.120902549836528	0.202817946552796	33
-0.033139174970705	0.375452151413444	33
0.0417340637439	0.0570664528087262	100
0.041804210200739	0.0570807528908756	100
0.041272235289493	0.0569914165178306	100
0.0417340637439	0.0570664528087262	100
0.042266006022112	0.0571557941063312	100
0.041272235289493	0.0569914165178306	100
0.0417340637439	0.0570664528087262	100
0.042266006022112	0.0571557941063312	100
0.00339831738010898	0.482778998493514	40
0.120530648731764	0.190255278034151	40
0.079504711264943	0.0857134716799144	100
0.095129920773863	0.109586327709803	100
0.00584586036662799	0.256929230766457	40
-0.1116692065066	0.10868961677058	40
0.074571552452662	0.360730755242035	40
0.12236666946984	0.284058691823354	40
-0.096076486906285	0.068358948788558	40
0.066944092521058	0.329640902349157	40
-0.09453418395874	0.0690631548227461	40
-0.01988694824088	0.25918216533943	40
-0.089422273020572	0.137605231742185	40
0.009882769782733	0.180007621862851	40
0.120513827199065	0.252695639142844	40
-0.042781372262246	0.110022902776291	40
-0.039190607585901	0.217783156345608	40
-0.015024886064646	0.143814762254535	40
0.037380980738527	0.233333536585461	40
0.057933596005478	0.562003418110463	40
-0.100288482686407	0.378837832673256	127
-0.087171957291958	0.206317323713706	127
-0.093121435425633	0.285233349475127	127
-0.044966382586524	0.568984312669653	127
-0.0583121486877	0.37006618004544	127
-0.122252168366252	0.248773782940397	127
-0.122096006003165	0.198522021617955	92
0.095388130712375	0.900910266448803	92
-0.072227258320101	0.337969407291777	92
-0.003116555374577	0.44660493510585	92
0.046262461843386	0.381864476365952	92
0.00997880579668398	0.33908747026976	92
0.02009620528205	0.439375147351167	92
-0.094702606619253	0.207975677267371	92
-0.111291150354359	0.129158372080921	92
0.095890295863944	0.51843693972761	92
0.062584838970417	0.457438676594567	92
-0.110135147478502	0.162092012859546	92
-0.032361186915327	0.407914920004131	92
0.00750076205592898	0.694800193773959	92
0.10094488098593	0.528949969805412	92
0.077117664002046	0.859468913801701	92
0.107398876830697	1.15646310656812	78
-0.112109610115948	0.237500439130472	78
-0.113554541781696	0.752209012208232	125
-0.123349539306444	0.666190872536899	125
-0.033411315865563	1.37998772561205	125
-0.061965742572955	0.821057538425474	125
-0.045211133261744	0.815681101025147	125
-0.047329637404988	0.922686274269026	125
-0.022091751166175	0.718560478610179	125
-0.018943322998834	1.10810422629433	125
-0.093456676030199	0.557827400066937	125
-0.022561124691741	0.852671177948966	125
0.035419546997628	1.06862723543233	125
-0.10064608307574	0.210258010399808	92
-0.027377948826178	0.392556020952754	92
-0.068806655301838	0.642427778116299	124
-0.098924499553093	0.376184825646055	124
-0.11278953937429	0.323875129193898	124
-0.123325273464845	0.317061499988724	124
-0.091957096803421	0.554643891372933	130
-0.044858535927206	1.41125254859765	36
-0.066780239711797	0.35735904401164	78
-0.107515913652998	0.247023670562595	78
0.071064433043461	0.647512977443934	78
-0.031533699273073	0.379095497141756	78
-0.106720779580751	0.32621058041693	92
0.120200070352315	1.21547399548389	92
0.066341851773003	0.724697090430313	92
-0.052448860700041	0.414497633220903	92
0.071200501965873	0.914573873821836	92
-0.032083677832161	0.373606063147809	92
-0.116766495979839	0.246005827716298	92
0.040353584389194	0.698936966728088	92
0.105307094095108	0.566252638804568	92
-0.097741746918239	0.23194821707372	92
-0.084781042365094	0.245916155482463	92
0.093044790282783	0.68941489821113	92
-0.001279144295778	0.412818015964871	92
0.049114625897963	0.386477578577478	92
-0.098636008483482	0.213526511862588	92
0.083501717710346	0.590421901701448	92
-0.046980108348088	0.297395259175513	92
0.041395683721861	0.455510070689808	92
-0.069811612518551	0.869821635105018	50
0.042289770621588	2.09576250270323	50
-0.015653623365827	1.23342152647478	50
0.02630262566452	2.36199257381453	50
0.043257945603279	2.06649477838206	50
-0.027077911198365	1.00455996414601	65
-0.08286486639596	0.447302067895332	65
-0.047265246168184	0.550614322875406	65
-0.010899798248481	1.03278507693603	65
-0.067936599545162	0.563658068058777	65
-0.084612734436474	0.922973571967093	65
-0.087362722461588	0.614544608580286	65
0.056860030377665	1.04565822870868	65
-0.037868918471779	0.869624223005266	65
-0.042521708937527	1.010639424571	65
-0.097471052575198	0.409611706550609	65
0.114105226779534	2.2591047661214	65
-0.06098941154935	0.650939243207642	65
-0.096726502138671	0.484061540413091	65
-0.069243092682541	0.539117007331915	65
-0.092041064801957	0.444355238742439	65
-0.031008740904707	0.480353833394675	65
-0.047636564590007	0.528092295149632	65
-0.010546359847077	0.772647882202433	65
-0.092304382643919	0.485052799756636	65
0.026914159872412	0.878150114148266	65
0.015368806243091	0.633572416399091	65
0.008152129311708	0.803040329251052	65
-0.027845847392598	0.689603893948767	65
-0.04459914037706	0.638842609085154	65
-0.062772062280713	0.474599551899067	65
-0.078308206753245	0.441500865236892	65
0.048089938356818	1.11741704294287	65
-0.101631483223571	0.289688176739639	65
-0.085418441138608	0.915739377041393	50
-0.09762423910055	0.901553543054965	50
-0.109252086534736	0.681531472584005	50
0.01966954866057	1.65336265187243	50
-0.096066507927049	0.853317228354142	50
-0.073477042400031	1.01246616585368	50
-0.093306102011309	0.897306155476619	50
-0.09565481450688	0.83538651374109	50
-0.112830475512954	0.702742640748418	50
-0.028761826063329	1.50138538047901	50
-0.053089763517079	0.803424002743977	50
-0.031703159031908	0.951102617315208	7
-0.090060262011726	0.593966368742446	7
-0.093721062752599	0.606016501628641	7
-0.098148102655449	0.577489395844323	7
-0.03445070273397	0.845834300182763	7
-0.039858336451675	0.460616876054741	7
0.04815209446316	1.02253105775673	7
-0.080353133794896	0.361698046898181	7
0.12254532269693	1.1623006132684	7
-0.113493563979934	0.411057079919883	7
-0.09795426106341	0.525033484836748	7
-0.100365716128741	0.334777154972162	7
-0.054737264115117	0.379085949149246	7
-0.068883639231511	0.385763663943854	7
-0.026168970774359	0.754039721961792	7
-0.124947341133761	0.398440844128834	7
0.088042818541912	0.816553425716035	7
-0.080900532007633	0.258868114766132	7
-0.066380771845767	0.248897072150575	7
0.091459739909466	0.67680969461095	7
-0.098504849421711	0.288947184402363	7
-0.10533817374349	0.326003510478363	7
-0.041479414565014	0.541489905916214	7
-0.042742579741121	0.309171728285427	7
-0.095336212141798	0.323092895005053	7
-0.063765135052742	0.415693387474272	7
-0.108406955716117	0.254943728801501	7
-0.020199450745112	0.977783593408425	7
-0.102711966455404	0.505719112790679	7
-0.04481269276752	0.888515626745798	22
-0.108653443075158	0.84672834008413	22
-0.033971224004505	0.485475210612721	7
0.039730363234601	1.46100753618517	7
-0.115784259395972	0.32116705377419	7
-0.101192916712461	0.315666208343053	7
-0.11388155737675	0.397480563964084	7
-0.075294535011543	1.08552542854659	22
-0.072168017485744	0.825097438523066	22
-0.052083131168484	0.969292209259296	22
-0.075822096944138	1.03440127526232	22
-0.062977908840776	1.0526598373329	22
-0.037482534829944	1.20370262675805	22
-0.093392762033853	0.894660741735526	22
-0.092706767165794	0.856956316457706	22
-0.100256152723506	0.858245217694784	22
-0.118235483498641	0.737442577671538	22
-0.069202564272266	1.15930133720744	22
-0.10692886822256	0.676887998967163	54
-0.055910195970744	1.17982060161213	22
-0.122598340901605	0.652587659975509	22
-0.064486256444374	1.09398134062747	22
0.045746508645653	0.943162978594537	54
-0.105293981113429	0.534220403158434	54
-0.018709346740203	1.43949567827054	22
-0.124798715763264	0.646388291592394	22
-0.00845737596219501	0.589891304349524	51
-0.066301833789382	0.457262827517651	51
-0.114360050391085	0.513965215250157	51
-0.118935761930408	0.416401480428131	51
-0.091190512220403	1.00773985115055	43
-0.101454772733035	0.71805320414377	22
0.051771950419095	0.812401941724782	54
-0.04795889983125	0.955324444400885	22
-0.120353398708944	0.523443694288052	22
-0.063698263959077	0.709188864603407	22
0.117119548997732	0.754035065995545	51
-0.071677771013294	0.213727581293773	51
0.080197786370233	1.16720482453384	51
-0.099110881558788	0.448240207209695	51
0.072188035603603	0.940482910668806	51
-0.123005139306479	0.236811013828914	51
-0.026830993340685	0.532021666700123	54
-0.024518494780867	0.61200724083404	54
-0.048928747894781	0.627648840246661	54
-0.11878119954687	0.659055476372171	22
-0.048368187514684	0.729500622961661	22
-0.120607818478602	0.319948986386767	22
-0.075886496544364	0.574570407952963	51
-0.00257399207491499	1.79841238845449	22
0.00309635142266701	1.8026846978005	22
-0.047336567294967	1.40101391528541	22
-0.109535404967903	0.796876246144458	22
-0.089913075270719	0.954291999128886	22
-0.071051326326188	1.1702270795194	22
-0.122668708864447	0.60752077304308	22
-0.123092092080282	0.532601959989759	22
-0.085289222077664	0.88769697240494	22
-0.015976045106963	1.25557018720278	22
-0.059912508623822	1.24777158909026	22
-0.058192883778724	1.22363039254011	22
-0.040828258624005	1.40002844427255	22
-0.090116116442432	0.910227954831143	22
-0.122225333309202	0.514494874131326	22
-0.076017903062041	1.07990953366824	22
-0.09055845748996	1.01933723132482	43
-0.039430847134848	1.11158616564189	22
-0.07672115211839	1.08883646394812	22
-0.037941124124662	1.45036595140148	22
-0.017273317979947	1.17369187668344	22
0.012687883223462	1.51636858547222	22
-0.110357145504812	0.650843753607791	22
-0.05116449521545	1.20670538986467	22
-0.098872475976898	0.673475857520819	22
-0.1172358085324	0.782800317884424	43
-0.100590386418622	0.902157435893923	22
-0.109150594257881	0.719231133488915	22
-0.098752380449993	0.94250045159756	43
-0.061189330944937	1.112608062007	22
-0.084763143325686	0.673685759134186	22
-0.101201349511001	0.900963362780821	43
-0.124098914609425	0.671857073743654	22
-0.04247717414995	1.19447599590287	22
-0.121837799280923	0.537426085370191	22
-0.064665303922917	1.28080300457159	43
-0.082872089793791	1.08685389150417	43
-0.108268221898363	0.755751638946863	22
-0.088270374701673	0.822846876916062	22
-0.122046205770647	0.729308580719002	22
-0.116154440285528	0.790424909657456	22
-0.080851021249228	1.05333518917446	22
-0.089360078285209	1.02213845195884	22
-0.090844457249323	1.01274445814463	43
-0.044842970854288	1.4576663940966	43
-0.124981941759133	0.718900711228994	22
-0.09964891904812	0.879172199082451	43
-0.067836366910889	1.00428031350515	43
0.060018019513696	2.31642792534221	43
-0.122410074092563	0.642217352903184	43
-0.060730485180305	1.16063273930387	43
-0.111676584000927	0.795718558928609	43
-0.083622525404587	0.967202096743285	22
0.054832336510043	2.08847845831188	22
-0.09698442040797	0.908775146573657	43
-0.095775360457881	0.955517094197489	43
-0.055096660535301	1.14605669143088	22
-0.111653353556273	0.81903234206082	22
-0.115958594789344	0.575477244836996	22
-0.110891651952584	0.740355444509132	22
-0.094414102759244	0.909793191045651	22
0.00617723923095998	1.75026258517535	43
-0.122360097621507	0.708065069423972	43
-0.070614974278645	1.10449544568431	22
-0.124105326992108	0.570015194050305	22
-0.088757342188032	0.642262088616326	52
-0.099327378848344	0.580511733101783	52
-0.086873873235669	1.04451172593378	43
-0.117395223744479	0.731734157292126	43
0.00803287586037599	1.82501910049769	43
-0.015824343941051	1.28415367214111	22
-0.102208990458008	0.876626163875833	22
-0.10892367211172	0.79567203074592	22
-0.038164992027754	1.11958203927232	52
-0.059755748781069	0.868675051556678	52
-0.096731413958892	0.852982739857135	43
-0.12361524849269	0.577626035056354	43
-0.09495296545642	0.885059347081069	43
-0.108618061456029	0.652898811939692	22
-0.11957260752643	0.718431877208828	22
-0.07177559215433	1.16553313499586	43
-0.055774972796326	1.0778407855266	22
-0.08792750947076	0.817106747228162	22
-0.124732875492395	0.647141552025692	22
-0.093496006930476	0.862562224705004	22
-0.101352091883781	0.748470336402878	22
-0.093590295769633	0.697032654999855	52
-0.044647274484353	1.47663374224107	43
-0.012292862582979	1.44162166811425	22
0.019444526223362	1.87380371086928	22
-0.07446838308772	1.08881716750327	22
-0.123448162071598	0.67789512514412	22
-0.113138838928641	0.7882125049877	43
-0.043644756732298	0.90946981013235	52
0.081332246480286	2.03427709144799	52
-0.12367445981325	0.52321832701755	52
-0.060942932504695	1.20905829327612	43
-0.060924717899768	1.27004852313965	43
0.00151562652933801	1.9019202214872	43
-0.106636925789608	0.732628156192728	52
-0.104380606620407	0.738166169663057	43
-0.033970145024881	1.42558493603979	43
0.00561700274883498	1.27988823992225	22
-0.085028645229833	0.978223493180889	43
-0.025916699184479	1.68106795429041	43
-0.111830579818147	0.772015895645217	43
-0.100274030174252	0.842979006573977	43
-0.085219155614641	0.625726914465799	22
0.008038291778245	1.79583483540181	43
-0.112659751846631	0.790001173376319	43
-0.086122553554311	0.789871932206015	52
-0.119122228896206	0.728430561557339	43
-0.095860907063315	0.968145466982553	43
-0.076444336909998	1.15820131528986	43
-0.084277889329768	1.08018666533982	43
-0.040679942005452	1.45171054822148	43
-0.116849480514842	0.683290991595225	43
-0.124429024688587	0.669168505853045	43
-0.101780130115819	0.851395676038574	43
-0.123066314856065	0.727194884699331	43
-0.04320498648672	1.4915343226574	43
-0.085393424948552	0.921188634257929	43
-0.08504223047984	1.01123038781744	43
-0.105004995745441	0.863198617073146	43
-0.046390097213045	1.46049180705398	43
-0.116308828549455	0.790097806474009	43
-0.112788195649884	0.798979704560157	43
-0.117734201249857	0.720879224771461	43
-0.104011523504148	0.845273682921412	43
-0.105857211137599	0.728185000607589	52
-0.090817814439719	1.00043633898338	43
-0.1205801190581	0.75460291780875	43
-0.120465699792945	0.752206240676768	43
-0.053655027752473	1.39485458829341	43
-0.092683645351924	0.928087410921521	43
-0.101852440565282	0.910999363227912	43
-0.121811041147224	0.552400084661774	43
-0.123599814192358	0.722337745875354	43
-0.120883466648955	0.751663174076029	43
-0.105858296128815	0.876092017012152	43
-0.120052624543537	0.695258443210558	43
-0.082186758944301	0.749780938428441	43
-0.11330552928018	0.795645913065603	43
-0.113716237175751	0.812111305141729	43
-0.093120289515114	0.48854007083404	101
-0.02405010523873	1.72163673843129	43
-0.088220360018892	0.998624330548283	20
-0.056939547955007	0.348115566108773	9
-0.121495055086097	0.699825620735966	43
-0.01410389179897	1.83432151630276	43
-0.029560382578616	1.4082482777072	43
-0.086871107797559	0.549628698978256	101
0.041656365563789	1.39685460913302	9
0.07675342040475	0.83516125143558	9
-0.027138528204091	0.768315026288023	9
-0.105059717011481	0.866792717384096	43
-0.094350796803255	0.919297248728565	17
-0.121474467643949	0.697414299150051	43
-0.064857502918839	0.948170675998604	43
0.00162488055473398	0.742467053679624	9
0.045546181410834	2.18610942891376	43
-0.043092020393934	1.46458477361996	43
-0.117776194494993	0.75310867096011	20
-0.067456361087997	1.22848863463457	43
-0.102876341558815	0.418113248262974	9
-0.093333081923492	0.545864606088207	101
-0.079120684044816	0.827497067769017	101
-0.101544386159583	0.497924345976093	101
-0.100404322787403	0.613649693542982	101
-0.087968818359499	0.665865747229603	43
-0.116198256435552	0.560553249342387	9
-0.096460083529182	0.916274100302548	17
-0.106962663500143	0.859842335449083	20
-0.110312050668117	0.654061005141304	101
-0.119523356778517	0.62773524382559	101
-0.039175654647735	1.56045141388213	43
-0.108144979161347	0.850602441164204	43
-0.121545746973764	0.747076050597373	43
-0.046123497952	0.898787109078624	9
-0.109651046999009	0.81147142920154	17
-0.103938433598776	0.884540168124424	43
0.00120900055341799	0.82071127420897	9
-0.043359321763536	0.829075310358768	101
0.059593112042603	1.76320215215047	101
-0.075856512290251	0.837932253076939	43
-0.05598982396379	0.646289005512504	9
-0.076532199171123	0.75928026655628	9
-0.103595245217258	0.853030874165982	17
-0.074508748040999	1.10944026718053	17
-0.116679181835755	0.745099679556562	20
-0.100301278396876	0.919547142295211	20
-0.104395991118802	0.855762961182571	20
-0.02660584053536	1.4903056176185	43
-0.018610875087113	1.43537987170453	9
-0.119311717115638	0.66284985186695	17
-0.07291024426252	0.658855317367952	101
-0.052330877658658	1.14803746468099	101
-0.122875119691277	0.696940181886469	20
-0.085547161154663	1.03872243213933	20
-0.11707320775504	0.778322652665308	20
-0.096322453061439	0.867019289175374	101
-0.093136057048506	0.993879466145702	20
-0.104894711421608	0.8044692476141	17
-0.116865581821521	0.785635091292784	20
-0.119078660831461	0.743986916515668	20
-0.095028205734241	0.963741667084676	43
-0.036905755330144	1.54386448263677	17
-0.035978940570551	0.978806229874498	101
-0.031359502917422	1.47566309054505	43
-0.097020864878304	0.959293856917608	43
-0.099533688938399	0.937920614252012	20
-0.049837321129626	0.730545477873663	31
-0.099940110187661	0.808644166400937	31
0.081152335705058	0.898419882856328	79
-0.093048147921866	0.823316747932673	79
0.049585139279787	0.905030971107931	31
-0.103932657688419	0.418699213854848	31
-0.050123246949317	0.686732702975635	31
-0.110406894072723	0.841019426941586	20
-0.070032369036437	0.423970204089108	79
0.038429725826132	1.62218174957177	31
-0.108771695729888	0.494386863563326	79
0.016242985377858	1.11536994127015	79
-0.062958078587843	1.00288053820547	79
-0.044671281957897	0.790493988313196	79
-0.096864323671732	0.640035556391758	31
-0.081620238558444	0.883271678682807	79
-0.118402724418098	0.699733471479659	79
-0.122864866083763	0.705809009699617	20
-0.069013167685453	1.23498179350688	20
-0.044559606541421	0.952105877228333	79
-0.110640466587292	0.428824086817857	79
-0.085158220387995	0.876083650410266	79
-0.099682867284238	0.829309209948828	79
-0.101815479040288	0.906356092502245	20
-0.097359013781739	0.895419069214582	20
-0.080407231585911	1.10041072169373	20
-0.081345512995324	1.09756424186657	20
-0.115964569950346	0.77427012664175	20
-0.102951774322923	0.903830395718581	20
-0.12435733785552	0.708711850267665	20
-0.117789566201123	0.75741715613659	20
-0.096201489320212	0.9025511815308	4
-0.089331955386657	0.99117502112815	20
-0.083276200887963	0.975849574553608	4
-0.111358907600465	0.832951040437726	20
-0.111393735960034	0.741668502739388	4
-0.019311582422705	1.50299144178943	20
-0.024162727834803	1.33995994922735	20
-0.120384678753454	0.738566974742629	20
-0.107766367975911	0.84343628071405	4
0.035646861808291	1.8375747285563	20
-0.124119917489072	0.722764040410182	20
-0.03376783247312	1.50119339051712	20
-0.019251042692477	1.79622035159252	20
-0.095204929587281	0.955405711642006	20
-0.110517253057838	0.808277566345372	20
-0.068047230587274	1.14204791701497	20
-0.117611212553292	0.684451416904499	4
-0.112083145926496	0.81312804822729	20
-0.108071081556266	0.825150829906834	20
-0.09444349541787	0.932399935138305	20
-0.115424588206942	0.771194308687936	20
-0.104924500511659	0.889559680320394	20
-0.119402990068478	0.534676884282392	20
-0.123190303880489	0.516188178940385	20
-0.073202396018538	1.07432176188088	20
-0.111130382829142	0.615853005151874	20
-0.101988360870126	0.787477209109395	20
-0.044611421091315	1.45053694185361	20
0.041816171476584	2.36034406298612	20
-0.113575546018202	0.80717704585357	20
