group	fill	colour	clickSelects
2	#F4B2C9	#7D7D7D	42
3	#DA4F8C	#242424	3
4	#FEF8FA	#CBCBCB	19
5	#FEF8FA	#CBCBCB	19
6	#FEF8FA	#CBCBCB	19
7	#FEF8FA	#CBCBCB	19
8	#FEF8FA	#CBCBCB	19
9	#FEF8FA	#CBCBCB	19
10	#FEF8FA	#CBCBCB	19
11	#FEF8FA	#CBCBCB	19
12	#FEF8FA	#CBCBCB	19
13	#FFFFFF	#D3D3D3	69
14	#DA4F8C	#242424	3
15	#FFFFFF	#D3D3D3	69
16	#FFFFFF	#D3D3D3	34
17	#FFFFFF	#D3D3D3	34
18	#FFFFFF	#D3D3D3	64
20	#FFFFFF	#D3D3D3	2
21	#FFFFFF	#D3D3D3	85
25	#DA4F8C	#242424	3
36	#FFFFFF	#D3D3D3	69
41	#FFFFFF	#D3D3D3	2
42	#FFFFFF	#D3D3D3	2
43	#FFFFFF	#D3D3D3	8
44	#FFFFFF	#D3D3D3	8
45	#FFFFFF	#D3D3D3	66
46	#FFFFFF	#D3D3D3	69
47	#FFFFFF	#D3D3D3	69
48	#FFFFFF	#D3D3D3	69
49	#DD5991	#2B2B2B	11
50	#FFFFFF	#D3D3D3	69
52	#F4B2C9	#7D7D7D	42
53	#DA4F8C	#242424	3
54	#FFFFFF	#D3D3D3	69
55	#FEF8FA	#CBCBCB	19
56	#FEF8FA	#CBCBCB	19
57	#FEF8FA	#CBCBCB	19
58	#FEF8FA	#CBCBCB	19
59	#FEF8FA	#CBCBCB	19
60	#FEF8FA	#CBCBCB	19
61	#FEF8FA	#CBCBCB	19
62	#FEF8FA	#CBCBCB	19
63	#FEF8FA	#CBCBCB	19
64	#DA4F8C	#242424	3
65	#FFFFFF	#D3D3D3	69
66	#FFFFFF	#D3D3D3	69
67	#FFFFFF	#D3D3D3	34
68	#FFFFFF	#D3D3D3	34
69	#FFFFFF	#D3D3D3	64
70	#FFFFFF	#D3D3D3	64
71	#FFFFFF	#D3D3D3	2
72	#FFFFFF	#D3D3D3	85
75	#DA4F8C	#242424	3
86	#FFFFFF	#D3D3D3	69
92	#FFFFFF	#D3D3D3	2
93	#FFFFFF	#D3D3D3	2
94	#FFFFFF	#D3D3D3	8
95	#FFFFFF	#D3D3D3	8
96	#FFFFFF	#D3D3D3	66
97	#FFFFFF	#D3D3D3	69
98	#FFFFFF	#D3D3D3	69
99	#FFFFFF	#D3D3D3	69
100	#DD5991	#2B2B2B	11
101	#FFFFFF	#D3D3D3	69
103	#F4B2C9	#7D7D7D	42
104	#DA4F8C	#242424	3
105	#FFFFFF	#D3D3D3	69
106	#FEF8FA	#CBCBCB	19
107	#FEF8FA	#CBCBCB	19
108	#FEF8FA	#CBCBCB	19
109	#FEF8FA	#CBCBCB	19
110	#FEF8FA	#CBCBCB	19
111	#FEF8FA	#CBCBCB	19
112	#FEF8FA	#CBCBCB	19
113	#FEF8FA	#CBCBCB	19
114	#FFFFFF	#D3D3D3	69
115	#DA4F8C	#242424	3
116	#FFFFFF	#D3D3D3	69
117	#FFFFFF	#D3D3D3	69
118	#FFFFFF	#D3D3D3	34
119	#FFFFFF	#D3D3D3	34
120	#FFFFFF	#D3D3D3	64
122	#FFFFFF	#D3D3D3	2
123	#FFFFFF	#D3D3D3	85
126	#DD5991	#2B2B2B	11
137	#FFFFFF	#D3D3D3	69
143	#FFFFFF	#D3D3D3	2
144	#FFFFFF	#D3D3D3	2
145	#FFFFFF	#D3D3D3	8
146	#FFFFFF	#D3D3D3	8
147	#FFFFFF	#D3D3D3	69
148	#FFFFFF	#D3D3D3	69
149	#DD5991	#2B2B2B	11
150	#FFFFFF	#D3D3D3	69
151	#FFFFFF	#D3D3D3	69
153	#CD1076	#000000	90
154	#CD1076	#000000	53
155	#DD5991	#2B2B2B	11
156	#DD5991	#2B2B2B	11
157	#DD5991	#2B2B2B	11
158	#DD5991	#2B2B2B	11
159	#DD5991	#2B2B2B	11
160	#DD5991	#2B2B2B	11
161	#DD5991	#2B2B2B	11
162	#FFFFFF	#D3D3D3	69
163	#FFFFFF	#D3D3D3	69
164	#FEF8FA	#CBCBCB	19
165	#CD1076	#000000	53
166	#FEF8FA	#CBCBCB	19
167	#FEF8FA	#CBCBCB	19
168	#FEF8FA	#CBCBCB	19
169	#FEF8FA	#CBCBCB	19
170	#FEF8FA	#CBCBCB	19
171	#FEF8FA	#CBCBCB	19
172	#FEF8FA	#CBCBCB	19
173	#FEF8FA	#CBCBCB	19
174	#FEF8FA	#CBCBCB	19
175	#FEF8FA	#CBCBCB	19
176	#CD1076	#000000	53
177	#FEF8FA	#CBCBCB	19
178	#FFFFFF	#D3D3D3	34
179	#FFFFFF	#D3D3D3	34
180	#FFFFFF	#D3D3D3	64
182	#FFFFFF	#D3D3D3	2
183	#FFFFFF	#D3D3D3	2
187	#DA4F8C	#242424	3
198	#DA4F8C	#242424	3
199	#DD5991	#2B2B2B	11
200	#DD5991	#2B2B2B	11
201	#DD5991	#2B2B2B	11
202	#DD5991	#2B2B2B	11
204	#CD1076	#000000	90
205	#CD1076	#000000	53
206	#DD5991	#2B2B2B	11
207	#DD5991	#2B2B2B	11
208	#DD5991	#2B2B2B	11
209	#DD5991	#2B2B2B	11
210	#FFFFFF	#D3D3D3	69
211	#DD5991	#2B2B2B	11
212	#FFFFFF	#D3D3D3	69
213	#FFFFFF	#D3D3D3	69
214	#FFFFFF	#D3D3D3	69
215	#FEF8FA	#CBCBCB	19
216	#CD1076	#000000	53
217	#FEF8FA	#CBCBCB	19
218	#FEF8FA	#CBCBCB	19
219	#FEF8FA	#CBCBCB	19
220	#FEF8FA	#CBCBCB	19
221	#FEF8FA	#CBCBCB	19
222	#FEF8FA	#CBCBCB	19
223	#FEF8FA	#CBCBCB	19
224	#FEF8FA	#CBCBCB	19
225	#FEF8FA	#CBCBCB	19
226	#FEF8FA	#CBCBCB	19
227	#DA4F8C	#242424	3
228	#FEF8FA	#CBCBCB	19
229	#FFFFFF	#D3D3D3	34
230	#FFFFFF	#D3D3D3	34
231	#FFFFFF	#D3D3D3	64
233	#FFFFFF	#D3D3D3	2
234	#FFFFFF	#D3D3D3	2
238	#DA4F8C	#242424	3
248	#DD5991	#2B2B2B	11
249	#DD5991	#2B2B2B	11
250	#DD5991	#2B2B2B	11
251	#DD5991	#2B2B2B	11
252	#DD5991	#2B2B2B	11
254	#CD1076	#000000	90
255	#CD1076	#000000	53
256	#DD5991	#2B2B2B	11
257	#DD5991	#2B2B2B	11
258	#FFFFFF	#D3D3D3	69
259	#DD5991	#2B2B2B	11
260	#FFFFFF	#D3D3D3	69
261	#FFFFFF	#D3D3D3	69
262	#FFFFFF	#D3D3D3	69
263	#FFFFFF	#D3D3D3	69
264	#FFFFFF	#D3D3D3	69
265	#FFFFFF	#D3D3D3	69
266	#CD1076	#000000	53
267	#FEF8FA	#CBCBCB	19
268	#FEF8FA	#CBCBCB	19
269	#FEF8FA	#CBCBCB	19
270	#FEF8FA	#CBCBCB	19
271	#FEF8FA	#CBCBCB	19
272	#FEF8FA	#CBCBCB	19
273	#FEF8FA	#CBCBCB	19
274	#FEF8FA	#CBCBCB	19
275	#FEF8FA	#CBCBCB	19
276	#FEF8FA	#CBCBCB	19
277	#DA4F8C	#242424	3
278	#FEF8FA	#CBCBCB	19
279	#FEF8FA	#CBCBCB	19
280	#FFFFFF	#D3D3D3	34
281	#FFFFFF	#D3D3D3	34
284	#FFFFFF	#D3D3D3	2
285	#FFFFFF	#D3D3D3	2
288	#DA4F8C	#242424	3
299	#DD5991	#2B2B2B	11
300	#DD5991	#2B2B2B	11
301	#DD5991	#2B2B2B	11
302	#DD5991	#2B2B2B	11
303	#DD5991	#2B2B2B	11
305	#CD1076	#000000	90
306	#CD1076	#000000	53
307	#DD5991	#2B2B2B	11
308	#DD5991	#2B2B2B	11
309	#FFFFFF	#D3D3D3	69
310	#FFFFFF	#D3D3D3	69
311	#FFFFFF	#D3D3D3	69
312	#FFFFFF	#D3D3D3	69
313	#FFFFFF	#D3D3D3	69
314	#FFFFFF	#D3D3D3	69
315	#FFFFFF	#D3D3D3	69
316	#FFFFFF	#D3D3D3	69
317	#CD1076	#000000	53
318	#FFFFFF	#D3D3D3	69
319	#FEF8FA	#CBCBCB	19
320	#FEF8FA	#CBCBCB	19
321	#FEF8FA	#CBCBCB	19
322	#FEF8FA	#CBCBCB	19
323	#FEF8FA	#CBCBCB	19
324	#FEF8FA	#CBCBCB	19
325	#FEF8FA	#CBCBCB	19
326	#FEF8FA	#CBCBCB	19
327	#FEF8FA	#CBCBCB	19
328	#DA4F8C	#242424	3
329	#FEF8FA	#CBCBCB	19
330	#FEF8FA	#CBCBCB	19
331	#FFFFFF	#D3D3D3	34
332	#FFFFFF	#D3D3D3	34
335	#FFFFFF	#D3D3D3	2
336	#FFFFFF	#D3D3D3	2
339	#DD5991	#2B2B2B	11
349	#DD5991	#2B2B2B	11
350	#DD5991	#2B2B2B	11
351	#DD5991	#2B2B2B	11
352	#DD5991	#2B2B2B	11
353	#DD5991	#2B2B2B	11
355	#CD1076	#000000	90
356	#CD1076	#000000	90
357	#DD5991	#2B2B2B	11
358	#DD5991	#2B2B2B	11
359	#DD5991	#2B2B2B	11
360	#FFFFFF	#D3D3D3	69
361	#FFFFFF	#D3D3D3	69
362	#FFFFFF	#D3D3D3	69
363	#FFFFFF	#D3D3D3	69
364	#FFFFFF	#D3D3D3	69
365	#FFFFFF	#D3D3D3	69
366	#FFFFFF	#D3D3D3	69
367	#CD1076	#000000	53
368	#FFFFFF	#D3D3D3	69
369	#FEF8FA	#CBCBCB	19
370	#FEF8FA	#CBCBCB	19
371	#FEF8FA	#CBCBCB	19
372	#FEF8FA	#CBCBCB	19
373	#FEF8FA	#CBCBCB	19
374	#FEF8FA	#CBCBCB	19
375	#FEF8FA	#CBCBCB	19
376	#FEF8FA	#CBCBCB	19
377	#FEF8FA	#CBCBCB	19
378	#DA4F8C	#242424	3
379	#FEF8FA	#CBCBCB	19
380	#FEF8FA	#CBCBCB	19
381	#FEF8FA	#CBCBCB	19
382	#FFFFFF	#D3D3D3	34
383	#FFFFFF	#D3D3D3	34
386	#FFFFFF	#D3D3D3	2
387	#FFFFFF	#D3D3D3	2
389	#DD5991	#2B2B2B	11
400	#DD5991	#2B2B2B	11
401	#DD5991	#2B2B2B	11
402	#DD5991	#2B2B2B	11
403	#DD5991	#2B2B2B	11
404	#DD5991	#2B2B2B	11
406	#CD1076	#000000	90
407	#CD1076	#000000	53
408	#DD5991	#2B2B2B	11
409	#DD5991	#2B2B2B	11
410	#DD5991	#2B2B2B	11
411	#FFFFFF	#D3D3D3	69
412	#FFFFFF	#D3D3D3	69
413	#FFFFFF	#D3D3D3	69
414	#FFFFFF	#D3D3D3	69
415	#FFFFFF	#D3D3D3	69
416	#FFFFFF	#D3D3D3	69
417	#FEF8FA	#CBCBCB	19
418	#CD1076	#000000	53
419	#FFFFFF	#D3D3D3	69
420	#FEF8FA	#CBCBCB	19
421	#FEF8FA	#CBCBCB	19
422	#FEF8FA	#CBCBCB	19
423	#FEF8FA	#CBCBCB	19
424	#FEF8FA	#CBCBCB	19
425	#FEF8FA	#CBCBCB	19
426	#FEF8FA	#CBCBCB	19
427	#FEF8FA	#CBCBCB	19
428	#FEF8FA	#CBCBCB	19
429	#DA4F8C	#242424	3
430	#FEF8FA	#CBCBCB	19
431	#FEF8FA	#CBCBCB	19
432	#FEF8FA	#CBCBCB	19
433	#FFFFFF	#D3D3D3	34
434	#FFFFFF	#D3D3D3	34
436	#FFFFFF	#D3D3D3	64
437	#FFFFFF	#D3D3D3	2
438	#FFFFFF	#D3D3D3	2
440	#DD5991	#2B2B2B	11
450	#DD5991	#2B2B2B	11
451	#DD5991	#2B2B2B	11
452	#DD5991	#2B2B2B	11
453	#DD5991	#2B2B2B	11
454	#DD5991	#2B2B2B	11
456	#CD1076	#000000	90
457	#CD1076	#000000	53
458	#DD5991	#2B2B2B	11
459	#DD5991	#2B2B2B	11
460	#DD5991	#2B2B2B	11
461	#DD5991	#2B2B2B	11
462	#FFFFFF	#D3D3D3	69
463	#FFFFFF	#D3D3D3	69
464	#FFFFFF	#D3D3D3	69
465	#FFFFFF	#D3D3D3	69
466	#FFFFFF	#D3D3D3	69
467	#FEF8FA	#CBCBCB	19
468	#CD1076	#000000	53
469	#FEF8FA	#CBCBCB	19
470	#FFFFFF	#D3D3D3	69
471	#FEF8FA	#CBCBCB	19
472	#FEF8FA	#CBCBCB	19
473	#FEF8FA	#CBCBCB	19
474	#FEF8FA	#CBCBCB	19
475	#FEF8FA	#CBCBCB	19
476	#FEF8FA	#CBCBCB	19
477	#FEF8FA	#CBCBCB	19
478	#FEF8FA	#CBCBCB	19
479	#DA4F8C	#242424	3
480	#FEF8FA	#CBCBCB	19
481	#FEF8FA	#CBCBCB	19
482	#FEF8FA	#CBCBCB	19
483	#FEF8FA	#CBCBCB	19
484	#FFFFFF	#D3D3D3	34
485	#FFFFFF	#D3D3D3	34
486	#FFFFFF	#D3D3D3	64
488	#FFFFFF	#D3D3D3	48
489	#FFFFFF	#D3D3D3	2
490	#DA4F8C	#242424	3
501	#DD5991	#2B2B2B	11
502	#DD5991	#2B2B2B	11
503	#DD5991	#2B2B2B	11
504	#DD5991	#2B2B2B	11
505	#DD5991	#2B2B2B	11
507	#CD1076	#000000	90
508	#CD1076	#000000	53
509	#DD5991	#2B2B2B	11
510	#DD5991	#2B2B2B	11
511	#DD5991	#2B2B2B	11
512	#DD5991	#2B2B2B	11
513	#FFFFFF	#D3D3D3	69
514	#FFFFFF	#D3D3D3	69
515	#FFFFFF	#D3D3D3	69
516	#FFFFFF	#D3D3D3	69
517	#FEF8FA	#CBCBCB	19
518	#FEF8FA	#CBCBCB	19
519	#DA4F8C	#242424	3
520	#FEF8FA	#CBCBCB	19
521	#FEF8FA	#CBCBCB	19
522	#FEF8FA	#CBCBCB	19
523	#FEF8FA	#CBCBCB	19
524	#FEF8FA	#CBCBCB	19
525	#FEF8FA	#CBCBCB	19
526	#FEF8FA	#CBCBCB	19
527	#FEF8FA	#CBCBCB	19
528	#FEF8FA	#CBCBCB	19
529	#FEF8FA	#CBCBCB	19
530	#DA4F8C	#242424	3
531	#FEF8FA	#CBCBCB	19
532	#FEF8FA	#CBCBCB	19
533	#FEF8FA	#CBCBCB	19
534	#FEF8FA	#CBCBCB	19
535	#FFFFFF	#D3D3D3	34
536	#FFFFFF	#D3D3D3	34
537	#FFFFFF	#D3D3D3	64
539	#FFFFFF	#D3D3D3	48
540	#FFFFFF	#D3D3D3	48
541	#DA4F8C	#242424	3
551	#DD5991	#2B2B2B	11
552	#DD5991	#2B2B2B	11
553	#DD5991	#2B2B2B	11
554	#DD5991	#2B2B2B	11
555	#DD5991	#2B2B2B	11
557	#CD1076	#000000	90
558	#CD1076	#000000	53
559	#DD5991	#2B2B2B	11
560	#DD5991	#2B2B2B	11
561	#DD5991	#2B2B2B	11
562	#DD5991	#2B2B2B	11
563	#DD5991	#2B2B2B	11
564	#FFFFFF	#D3D3D3	69
565	#FFFFFF	#D3D3D3	69
566	#FFFFFF	#D3D3D3	69
567	#FFFFFF	#D3D3D3	69
568	#FEF8FA	#CBCBCB	19
569	#DA4F8C	#242424	3
570	#FEF8FA	#CBCBCB	19
571	#FEF8FA	#CBCBCB	19
572	#FEF8FA	#CBCBCB	19
573	#FEF8FA	#CBCBCB	19
574	#FEF8FA	#CBCBCB	19
575	#FEF8FA	#CBCBCB	19
576	#FEF8FA	#CBCBCB	19
577	#FEF8FA	#CBCBCB	19
578	#FEF8FA	#CBCBCB	19
579	#FEF8FA	#CBCBCB	19
580	#DA4F8C	#242424	3
581	#FEF8FA	#CBCBCB	19
582	#FEF8FA	#CBCBCB	19
583	#FEF8FA	#CBCBCB	19
584	#FEF8FA	#CBCBCB	19
585	#FEF8FA	#CBCBCB	19
586	#FFFFFF	#D3D3D3	34
587	#FFFFFF	#D3D3D3	34
588	#FFFFFF	#D3D3D3	64
590	#FFFFFF	#D3D3D3	48
591	#DA4F8C	#242424	3
592	#FFFFFF	#D3D3D3	48
602	#DA4F8C	#242424	3
603	#DD5991	#2B2B2B	11
604	#DD5991	#2B2B2B	11
605	#DD5991	#2B2B2B	11
606	#DD5991	#2B2B2B	11
608	#CD1076	#000000	90
609	#CD1076	#000000	53
610	#DD5991	#2B2B2B	11
611	#DD5991	#2B2B2B	11
612	#DD5991	#2B2B2B	11
613	#DD5991	#2B2B2B	11
614	#DD5991	#2B2B2B	11
615	#FFFFFF	#D3D3D3	69
616	#FFFFFF	#D3D3D3	69
617	#FFFFFF	#D3D3D3	69
618	#FFFFFF	#D3D3D3	69
619	#FEF8FA	#CBCBCB	19
620	#DA4F8C	#242424	3
621	#FEF8FA	#CBCBCB	19
622	#FEF8FA	#CBCBCB	19
623	#FEF8FA	#CBCBCB	19
624	#FEF8FA	#CBCBCB	19
625	#FEF8FA	#CBCBCB	19
626	#FEF8FA	#CBCBCB	19
627	#FEF8FA	#CBCBCB	19
628	#FEF8FA	#CBCBCB	19
629	#FEF8FA	#CBCBCB	19
630	#FEF8FA	#CBCBCB	19
631	#DA4F8C	#242424	3
632	#FEF8FA	#CBCBCB	19
633	#FEF8FA	#CBCBCB	19
634	#FEF8FA	#CBCBCB	19
635	#FEF8FA	#CBCBCB	19
636	#FEF8FA	#CBCBCB	19
637	#FFFFFF	#D3D3D3	34
638	#FFFFFF	#D3D3D3	34
639	#FFFFFF	#D3D3D3	64
641	#FFFFFF	#D3D3D3	64
642	#DA4F8C	#242424	3
643	#FFFFFF	#D3D3D3	48
652	#DA4F8C	#242424	3
653	#DD5991	#2B2B2B	11
654	#DD5991	#2B2B2B	11
655	#DD5991	#2B2B2B	11
656	#DD5991	#2B2B2B	11
658	#CD1076	#000000	90
659	#CD1076	#000000	53
660	#DD5991	#2B2B2B	11
661	#DD5991	#2B2B2B	11
662	#DD5991	#2B2B2B	11
663	#DD5991	#2B2B2B	11
664	#DD5991	#2B2B2B	11
665	#DD5991	#2B2B2B	11
666	#FFFFFF	#D3D3D3	69
667	#FFFFFF	#D3D3D3	69
668	#FFFFFF	#D3D3D3	69
669	#FEF8FA	#CBCBCB	19
670	#CD1076	#000000	53
671	#FEF8FA	#CBCBCB	19
672	#FEF8FA	#CBCBCB	19
673	#FEF8FA	#CBCBCB	19
674	#FEF8FA	#CBCBCB	19
675	#FEF8FA	#CBCBCB	19
676	#FEF8FA	#CBCBCB	19
677	#FEF8FA	#CBCBCB	19
678	#FEF8FA	#CBCBCB	19
679	#FEF8FA	#CBCBCB	19
680	#FEF8FA	#CBCBCB	19
681	#DA4F8C	#242424	3
682	#FEF8FA	#CBCBCB	19
683	#FEF8FA	#CBCBCB	19
684	#FEF8FA	#CBCBCB	19
685	#FEF8FA	#CBCBCB	19
686	#FEF8FA	#CBCBCB	19
687	#FEF8FA	#CBCBCB	19
688	#FFFFFF	#D3D3D3	34
689	#FFFFFF	#D3D3D3	34
690	#FFFFFF	#D3D3D3	64
692	#DA4F8C	#242424	3
693	#FFFFFF	#D3D3D3	64
694	#FFFFFF	#D3D3D3	48
703	#DA4F8C	#242424	3
704	#DA4F8C	#242424	3
705	#DD5991	#2B2B2B	11
706	#DD5991	#2B2B2B	11
707	#DD5991	#2B2B2B	11
709	#CD1076	#000000	90
710	#CD1076	#000000	53
711	#DD5991	#2B2B2B	11
712	#DD5991	#2B2B2B	11
713	#DD5991	#2B2B2B	11
714	#DD5991	#2B2B2B	11
715	#DD5991	#2B2B2B	11
716	#DD5991	#2B2B2B	11
717	#FFFFFF	#D3D3D3	69
718	#FFFFFF	#D3D3D3	69
719	#FFFFFF	#D3D3D3	69
720	#FEF8FA	#CBCBCB	19
721	#CD1076	#000000	53
722	#FEF8FA	#CBCBCB	19
723	#FEF8FA	#CBCBCB	19
724	#FEF8FA	#CBCBCB	19
725	#FEF8FA	#CBCBCB	19
726	#FEF8FA	#CBCBCB	19
727	#FEF8FA	#CBCBCB	19
728	#FEF8FA	#CBCBCB	19
729	#FEF8FA	#CBCBCB	19
730	#FEF8FA	#CBCBCB	19
731	#FEF8FA	#CBCBCB	19
732	#DA4F8C	#242424	3
733	#FEF8FA	#CBCBCB	19
734	#FEF8FA	#CBCBCB	19
735	#FEF8FA	#CBCBCB	19
736	#FEF8FA	#CBCBCB	19
737	#FEF8FA	#CBCBCB	19
738	#FEF8FA	#CBCBCB	19
739	#FFFFFF	#D3D3D3	34
740	#FFFFFF	#D3D3D3	34
743	#DA4F8C	#242424	3
744	#FFFFFF	#D3D3D3	64
745	#FFFFFF	#D3D3D3	48
753	#DA4F8C	#242424	3
754	#DD5991	#2B2B2B	11
755	#DD5991	#2B2B2B	11
756	#DD5991	#2B2B2B	11
757	#DD5991	#2B2B2B	11
759	#CD1076	#000000	90
760	#CD1076	#000000	53
761	#DD5991	#2B2B2B	11
762	#DD5991	#2B2B2B	11
763	#DD5991	#2B2B2B	11
764	#DD5991	#2B2B2B	11
765	#CD1076	#000000	38
766	#DD5991	#2B2B2B	11
767	#DD5991	#2B2B2B	11
768	#FFFFFF	#D3D3D3	69
769	#FFFFFF	#D3D3D3	69
770	#FEF8FA	#CBCBCB	19
771	#CD1076	#000000	53
772	#FEF8FA	#CBCBCB	19
773	#FEF8FA	#CBCBCB	19
774	#FEF8FA	#CBCBCB	19
775	#FEF8FA	#CBCBCB	19
776	#FEF8FA	#CBCBCB	19
777	#FEF8FA	#CBCBCB	19
778	#FEF8FA	#CBCBCB	19
779	#FEF8FA	#CBCBCB	19
780	#FEF8FA	#CBCBCB	19
781	#FEF8FA	#CBCBCB	19
782	#CD1076	#000000	53
783	#FEF8FA	#CBCBCB	19
784	#FEF8FA	#CBCBCB	19
785	#FEF8FA	#CBCBCB	19
786	#FEF8FA	#CBCBCB	19
787	#FEF8FA	#CBCBCB	19
788	#FEF8FA	#CBCBCB	19
789	#FEF8FA	#CBCBCB	19
790	#FFFFFF	#D3D3D3	34
791	#FFFFFF	#D3D3D3	87
793	#DA4F8C	#242424	3
795	#FFFFFF	#D3D3D3	48
796	#FFFFFF	#D3D3D3	48
804	#DA4F8C	#242424	3
805	#DA4F8C	#242424	3
806	#DD5991	#2B2B2B	11
807	#DD5991	#2B2B2B	11
808	#DD5991	#2B2B2B	11
810	#CD1076	#000000	90
811	#CD1076	#000000	53
812	#DD5991	#2B2B2B	11
813	#DD5991	#2B2B2B	11
814	#DD5991	#2B2B2B	11
815	#DD5991	#2B2B2B	11
816	#CD1076	#000000	38
817	#CD1076	#000000	38
818	#CD1076	#000000	38
819	#FFFFFF	#D3D3D3	69
820	#FFFFFF	#D3D3D3	69
821	#FEF8FA	#CBCBCB	19
822	#CD1076	#000000	53
823	#FEF8FA	#CBCBCB	19
824	#FEF8FA	#CBCBCB	19
825	#FEF8FA	#CBCBCB	19
826	#FEF8FA	#CBCBCB	19
827	#FEF8FA	#CBCBCB	19
828	#FEF8FA	#CBCBCB	19
829	#FEF8FA	#CBCBCB	19
830	#FEF8FA	#CBCBCB	19
831	#FEF8FA	#CBCBCB	19
832	#FEF8FA	#CBCBCB	19
833	#CD1076	#000000	53
834	#FEF8FA	#CBCBCB	19
835	#FEF8FA	#CBCBCB	19
836	#FEF8FA	#CBCBCB	19
837	#FEF8FA	#CBCBCB	19
838	#FEF8FA	#CBCBCB	19
839	#FFFFFF	#D3D3D3	112
840	#FFFFFF	#D3D3D3	112
841	#FFFFFF	#D3D3D3	87
842	#FFFFFF	#D3D3D3	87
843	#FFFFFF	#D3D3D3	64
844	#DA4F8C	#242424	3
846	#FFFFFF	#D3D3D3	48
847	#FFFFFF	#D3D3D3	48
854	#DA4F8C	#242424	3
855	#DD5991	#2B2B2B	11
856	#DD5991	#2B2B2B	11
857	#DD5991	#2B2B2B	11
858	#DD5991	#2B2B2B	11
860	#CD1076	#000000	90
861	#CD1076	#000000	53
862	#DD5991	#2B2B2B	11
863	#DD5991	#2B2B2B	11
864	#DD5991	#2B2B2B	11
865	#DD5991	#2B2B2B	11
866	#DD5991	#2B2B2B	11
867	#CD1076	#000000	38
868	#CD1076	#000000	38
869	#CD1076	#000000	38
870	#FFFFFF	#D3D3D3	69
871	#FFFFFF	#D3D3D3	69
872	#CD1076	#000000	53
873	#FEF8FA	#CBCBCB	19
874	#FEF8FA	#CBCBCB	19
875	#FEF8FA	#CBCBCB	19
876	#FEF8FA	#CBCBCB	19
877	#FEF8FA	#CBCBCB	19
878	#FEF8FA	#CBCBCB	19
879	#FEF8FA	#CBCBCB	19
880	#FEF8FA	#CBCBCB	19
881	#FEF8FA	#CBCBCB	19
882	#FEF8FA	#CBCBCB	19
883	#CD1076	#000000	53
884	#FEF8FA	#CBCBCB	19
885	#FEF8FA	#CBCBCB	19
886	#FEF8FA	#CBCBCB	19
887	#FEF8FA	#CBCBCB	19
888	#FEF8FA	#CBCBCB	19
889	#FEF8FA	#CBCBCB	19
890	#FFFFFF	#D3D3D3	112
891	#FFFFFF	#D3D3D3	21
892	#FFFFFF	#D3D3D3	87
893	#FFFFFF	#D3D3D3	87
894	#CD1076	#000000	53
895	#FFFFFF	#D3D3D3	64
897	#FFFFFF	#D3D3D3	48
898	#FFFFFF	#D3D3D3	48
905	#DA4F8C	#242424	3
906	#DA4F8C	#242424	3
907	#DD5991	#2B2B2B	11
908	#DD5991	#2B2B2B	11
909	#DD5991	#2B2B2B	11
911	#CD1076	#000000	90
912	#CD1076	#000000	53
913	#DD5991	#2B2B2B	11
914	#DD5991	#2B2B2B	11
915	#DD5991	#2B2B2B	11
916	#DD5991	#2B2B2B	11
917	#CD1076	#000000	38
918	#CD1076	#000000	38
919	#CD1076	#000000	38
920	#CD1076	#000000	38
921	#FFFFFF	#D3D3D3	69
922	#FFFFFF	#D3D3D3	69
923	#CD1076	#000000	53
924	#FEF8FA	#CBCBCB	19
925	#FEF8FA	#CBCBCB	19
926	#FEF8FA	#CBCBCB	19
927	#FEF8FA	#CBCBCB	19
928	#FEF8FA	#CBCBCB	19
929	#FEF8FA	#CBCBCB	19
930	#FEF8FA	#CBCBCB	19
931	#FEF8FA	#CBCBCB	19
932	#FEF8FA	#CBCBCB	19
933	#FEF8FA	#CBCBCB	19
934	#CD1076	#000000	53
935	#FEF8FA	#CBCBCB	19
936	#FEF8FA	#CBCBCB	19
937	#FFFFFF	#D3D3D3	112
938	#FEF8FA	#CBCBCB	19
939	#FEF8FA	#CBCBCB	19
940	#FFFFFF	#D3D3D3	112
941	#FFFFFF	#D3D3D3	21
942	#FFFFFF	#D3D3D3	21
943	#FFFFFF	#D3D3D3	87
944	#FFFFFF	#D3D3D3	87
945	#CD1076	#000000	53
946	#FFFFFF	#D3D3D3	64
948	#FFFFFF	#D3D3D3	48
949	#FFFFFF	#D3D3D3	48
955	#DA4F8C	#242424	3
956	#DA4F8C	#242424	3
957	#DD5991	#2B2B2B	11
958	#DD5991	#2B2B2B	11
959	#DD5991	#2B2B2B	11
961	#CD1076	#000000	90
962	#CD1076	#000000	90
963	#DD5991	#2B2B2B	11
964	#DD5991	#2B2B2B	11
965	#DD5991	#2B2B2B	11
966	#DD5991	#2B2B2B	11
967	#CD1076	#000000	38
968	#CD1076	#000000	38
969	#CD1076	#000000	38
970	#CD1076	#000000	38
971	#CD1076	#000000	38
972	#FFFFFF	#D3D3D3	69
973	#CD1076	#000000	53
974	#FEF8FA	#CBCBCB	19
975	#FEF8FA	#CBCBCB	19
976	#FEF8FA	#CBCBCB	19
977	#FEF8FA	#CBCBCB	19
978	#FEF8FA	#CBCBCB	19
979	#FEF8FA	#CBCBCB	19
980	#FEF8FA	#CBCBCB	19
981	#FEF8FA	#CBCBCB	19
982	#FEF8FA	#CBCBCB	19
983	#FEF8FA	#CBCBCB	19
984	#CD1076	#000000	53
985	#FEF8FA	#CBCBCB	19
986	#FEF8FA	#CBCBCB	19
987	#FFFFFF	#D3D3D3	112
988	#FEF8FA	#CBCBCB	19
989	#FEF8FA	#CBCBCB	19
990	#FFFFFF	#D3D3D3	112
991	#FFFFFF	#D3D3D3	21
992	#FFFFFF	#D3D3D3	21
993	#FFFFFF	#D3D3D3	21
994	#FFFFFF	#D3D3D3	87
995	#CD1076	#000000	53
996	#FFFFFF	#D3D3D3	87
999	#FFFFFF	#D3D3D3	48
1000	#FFFFFF	#D3D3D3	48
1006	#DA4F8C	#242424	3
1007	#DA4F8C	#242424	3
1008	#DA4F8C	#242424	3
1009	#DD5991	#2B2B2B	11
1010	#DD5991	#2B2B2B	11
1012	#CD1076	#000000	90
1013	#CD1076	#000000	53
1014	#DD5991	#2B2B2B	11
1015	#DD5991	#2B2B2B	11
1016	#DD5991	#2B2B2B	11
1017	#DD5991	#2B2B2B	11
1018	#CD1076	#000000	38
1019	#CD1076	#000000	38
1020	#CD1076	#000000	38
1021	#CD1076	#000000	38
1022	#CD1076	#000000	38
1023	#FFFFFF	#D3D3D3	69
1024	#CD1076	#000000	53
1025	#FEF8FA	#CBCBCB	19
1026	#FEF8FA	#CBCBCB	19
1027	#FEF8FA	#CBCBCB	19
1028	#FEF8FA	#CBCBCB	19
1029	#FEF8FA	#CBCBCB	19
1030	#FEF8FA	#CBCBCB	19
1031	#FEF8FA	#CBCBCB	19
1032	#FEF8FA	#CBCBCB	19
1033	#FEF8FA	#CBCBCB	19
1034	#FEF8FA	#CBCBCB	19
1035	#CD1076	#000000	53
1036	#FEF8FA	#CBCBCB	19
1037	#FFFFFF	#D3D3D3	112
1038	#FFFFFF	#D3D3D3	112
1039	#FEF8FA	#CBCBCB	19
1040	#FFFFFF	#D3D3D3	112
1041	#FFFFFF	#D3D3D3	21
1042	#FFFFFF	#D3D3D3	21
1043	#FFFFFF	#D3D3D3	21
1044	#FFFFFF	#D3D3D3	21
1045	#FFFFFF	#D3D3D3	87
1046	#DA4F8C	#242424	3
1047	#FFFFFF	#D3D3D3	87
1050	#FFFFFF	#D3D3D3	48
1051	#FFFFFF	#D3D3D3	48
1056	#DA4F8C	#242424	3
1057	#DD5991	#2B2B2B	11
1058	#DD5991	#2B2B2B	11
1059	#DD5991	#2B2B2B	11
1060	#DD5991	#2B2B2B	11
1062	#CD1076	#000000	90
1063	#CD1076	#000000	53
1064	#DD5991	#2B2B2B	11
1065	#DD5991	#2B2B2B	11
1066	#DD5991	#2B2B2B	11
1067	#DD5991	#2B2B2B	11
1068	#CD1076	#000000	38
1069	#CD1076	#000000	38
1070	#CD1076	#000000	38
1071	#CD1076	#000000	38
1072	#CD1076	#000000	38
1073	#CD1076	#000000	38
1074	#CD1076	#000000	53
1075	#FEF8FA	#CBCBCB	19
1076	#FEF8FA	#CBCBCB	19
1077	#FEF8FA	#CBCBCB	19
1078	#FEF8FA	#CBCBCB	19
1079	#FEF8FA	#CBCBCB	19
1080	#FEF8FA	#CBCBCB	19
1081	#FFFFFF	#D3D3D3	97
1082	#FEF8FA	#CBCBCB	19
1083	#FEF8FA	#CBCBCB	19
1084	#FEF8FA	#CBCBCB	19
1085	#DA4F8C	#242424	3
1086	#FEF8FA	#CBCBCB	19
1087	#FFFFFF	#D3D3D3	112
1088	#FFFFFF	#D3D3D3	112
1089	#FFFFFF	#D3D3D3	112
1090	#FFFFFF	#D3D3D3	112
1091	#FFFFFF	#D3D3D3	21
1092	#FFFFFF	#D3D3D3	21
1093	#FFFFFF	#D3D3D3	21
1094	#FFFFFF	#D3D3D3	21
1095	#FFFFFF	#D3D3D3	21
1096	#DA4F8C	#242424	3
1097	#FFFFFF	#D3D3D3	87
1098	#FFFFFF	#D3D3D3	87
1100	#FFFFFF	#D3D3D3	64
1101	#FFFFFF	#D3D3D3	64
1102	#FFFFFF	#D3D3D3	48
1107	#DA4F8C	#242424	3
1108	#DA4F8C	#242424	3
1109	#DD5991	#2B2B2B	11
1110	#DD5991	#2B2B2B	11
1111	#DD5991	#2B2B2B	11
1113	#CD1076	#000000	90
1114	#CD1076	#000000	53
1115	#DD5991	#2B2B2B	11
1116	#DD5991	#2B2B2B	11
1117	#DD5991	#2B2B2B	11
1118	#CD1076	#000000	38
1119	#CD1076	#000000	38
1120	#CD1076	#000000	38
1121	#CD1076	#000000	38
1122	#CD1076	#000000	38
1123	#CD1076	#000000	38
1124	#CD1076	#000000	38
1125	#DA4F8C	#242424	3
1126	#FEF8FA	#CBCBCB	19
1127	#FEF8FA	#CBCBCB	19
1128	#FEF8FA	#CBCBCB	19
1129	#FEF8FA	#CBCBCB	19
1130	#FEF8FA	#CBCBCB	19
1131	#FFFFFF	#D3D3D3	97
1132	#FFFFFF	#D3D3D3	97
1133	#FEF8FA	#CBCBCB	19
1134	#FEF8FA	#CBCBCB	19
1135	#FEF8FA	#CBCBCB	19
1136	#DA4F8C	#242424	3
1137	#FFFFFF	#D3D3D3	112
1138	#FFFFFF	#D3D3D3	112
1139	#FFFFFF	#D3D3D3	112
1140	#FFFFFF	#D3D3D3	112
1141	#FFFFFF	#D3D3D3	112
1142	#FFFFFF	#D3D3D3	21
1143	#FFFFFF	#D3D3D3	21
1144	#FFFFFF	#D3D3D3	21
1145	#FFFFFF	#D3D3D3	21
1146	#FFFFFF	#D3D3D3	21
1147	#DA4F8C	#242424	3
1148	#FFFFFF	#D3D3D3	87
1149	#FFFFFF	#D3D3D3	87
1150	#FFFFFF	#D3D3D3	64
1152	#FFFFFF	#D3D3D3	64
1153	#FFFFFF	#D3D3D3	48
1157	#DA4F8C	#242424	3
1158	#DD5991	#2B2B2B	11
1159	#DD5991	#2B2B2B	11
1160	#DD5991	#2B2B2B	11
1161	#DD5991	#2B2B2B	11
1163	#F4B2C9	#7D7D7D	42
1164	#F4B2C9	#7D7D7D	42
1165	#FFFFFF	#D3D3D3	69
1166	#FFFFFF	#D3D3D3	69
1167	#FEF8FA	#CBCBCB	19
1168	#FEF8FA	#CBCBCB	19
1169	#FEF8FA	#CBCBCB	19
1170	#FEF8FA	#CBCBCB	19
1171	#FEF8FA	#CBCBCB	19
1172	#FEF8FA	#CBCBCB	19
1173	#FEF8FA	#CBCBCB	19
1174	#FEF8FA	#CBCBCB	19
1175	#DA4F8C	#242424	3
1176	#FFFFFF	#D3D3D3	69
1177	#FFFFFF	#D3D3D3	69
1178	#FFFFFF	#D3D3D3	69
1179	#FFFFFF	#D3D3D3	34
1180	#FFFFFF	#D3D3D3	34
1181	#FFFFFF	#D3D3D3	64
1183	#FFFFFF	#D3D3D3	2
1184	#FFFFFF	#D3D3D3	85
1186	#DA4F8C	#242424	3
1197	#DD5991	#2B2B2B	11
1204	#FFFFFF	#D3D3D3	2
1205	#FFFFFF	#D3D3D3	2
1206	#FFFFFF	#D3D3D3	8
1207	#FFFFFF	#D3D3D3	8
1208	#FFFFFF	#D3D3D3	69
1209	#FFFFFF	#D3D3D3	69
1210	#DD5991	#2B2B2B	11
1211	#FFFFFF	#D3D3D3	69
1212	#FFFFFF	#D3D3D3	69
1214	#F4B2C9	#7D7D7D	42
1215	#F4B2C9	#7D7D7D	42
1216	#FFFFFF	#D3D3D3	69
1217	#FFFFFF	#D3D3D3	69
1218	#FFFFFF	#D3D3D3	69
1219	#FEF8FA	#CBCBCB	19
1220	#FEF8FA	#CBCBCB	19
1221	#FEF8FA	#CBCBCB	19
1222	#FEF8FA	#CBCBCB	19
1223	#FEF8FA	#CBCBCB	19
1224	#FEF8FA	#CBCBCB	19
1225	#FEF8FA	#CBCBCB	19
1226	#DA4F8C	#242424	3
1227	#FFFFFF	#D3D3D3	69
1228	#FFFFFF	#D3D3D3	69
1229	#FFFFFF	#D3D3D3	69
1230	#FFFFFF	#D3D3D3	34
1231	#FFFFFF	#D3D3D3	34
1232	#FFFFFF	#D3D3D3	64
1233	#FFFFFF	#D3D3D3	64
1234	#FFFFFF	#D3D3D3	2
1235	#FFFFFF	#D3D3D3	85
1237	#DA4F8C	#242424	3
1248	#DD5991	#2B2B2B	11
1255	#FFFFFF	#D3D3D3	2
1256	#FFFFFF	#D3D3D3	2
1257	#FFFFFF	#D3D3D3	8
1258	#FFFFFF	#D3D3D3	69
1259	#DD5991	#2B2B2B	11
1260	#FFFFFF	#D3D3D3	69
1261	#FFFFFF	#D3D3D3	69
1262	#FFFFFF	#D3D3D3	69
1264	#CD1076	#000000	90
1265	#CD1076	#000000	53
1266	#DD5991	#2B2B2B	11
1267	#DD5991	#2B2B2B	11
1268	#DD5991	#2B2B2B	11
1269	#CD1076	#000000	38
1270	#CD1076	#000000	38
1271	#CD1076	#000000	38
1272	#CD1076	#000000	38
1273	#CD1076	#000000	38
1274	#CD1076	#000000	38
1275	#CD1076	#000000	38
1276	#DA4F8C	#242424	3
1277	#CD1076	#000000	38
1278	#FEF8FA	#CBCBCB	19
1279	#FEF8FA	#CBCBCB	19
1280	#FEF8FA	#CBCBCB	19
1281	#FEF8FA	#CBCBCB	19
1282	#FFFFFF	#D3D3D3	97
1283	#FFFFFF	#D3D3D3	97
1284	#FFFFFF	#D3D3D3	97
1285	#FEF8FA	#CBCBCB	19
1286	#FEF8FA	#CBCBCB	19
1287	#DA4F8C	#242424	3
1288	#FFFFFF	#D3D3D3	112
1289	#FFFFFF	#D3D3D3	112
1290	#FFFFFF	#D3D3D3	112
1291	#FFFFFF	#D3D3D3	112
1292	#FFFFFF	#D3D3D3	112
1293	#FFFFFF	#D3D3D3	112
1294	#FFFFFF	#D3D3D3	21
1295	#FFFFFF	#D3D3D3	21
1296	#FFFFFF	#D3D3D3	21
1297	#FFFFFF	#D3D3D3	21
1298	#DA4F8C	#242424	3
1299	#FFFFFF	#D3D3D3	21
1300	#FFFFFF	#D3D3D3	87
1301	#FFFFFF	#D3D3D3	87
1304	#FFFFFF	#D3D3D3	48
1305	#FFFFFF	#D3D3D3	48
1309	#DA4F8C	#242424	3
1310	#DD5991	#2B2B2B	11
1311	#DD5991	#2B2B2B	11
1312	#DD5991	#2B2B2B	11
1313	#DD5991	#2B2B2B	11
1315	#CD1076	#000000	90
1316	#DA4F8C	#242424	3
1317	#DD5991	#2B2B2B	11
1318	#DD5991	#2B2B2B	11
1319	#CD1076	#000000	38
1320	#CD1076	#000000	38
1321	#CD1076	#000000	38
1322	#CD1076	#000000	38
1323	#CD1076	#000000	38
1324	#CD1076	#000000	38
1325	#CD1076	#000000	38
1326	#CD1076	#000000	38
1327	#DA4F8C	#242424	3
1328	#CD1076	#000000	38
1329	#FEF8FA	#CBCBCB	19
1330	#FEF8FA	#CBCBCB	19
1331	#FEF8FA	#CBCBCB	19
1332	#FFFFFF	#D3D3D3	97
1333	#FFFFFF	#D3D3D3	97
1334	#FFFFFF	#D3D3D3	97
1335	#FFFFFF	#D3D3D3	97
1336	#FEF8FA	#CBCBCB	19
1337	#FFFFFF	#D3D3D3	112
1338	#DA4F8C	#242424	3
1339	#FFFFFF	#D3D3D3	112
1340	#FFFFFF	#D3D3D3	112
1341	#FFFFFF	#D3D3D3	112
1342	#FFFFFF	#D3D3D3	112
1343	#FFFFFF	#D3D3D3	112
1344	#FFFFFF	#D3D3D3	21
1345	#FFFFFF	#D3D3D3	21
1346	#FFFFFF	#D3D3D3	112
1347	#FFFFFF	#D3D3D3	21
1348	#FFFFFF	#D3D3D3	21
1349	#DA4F8C	#242424	3
1350	#FFFFFF	#D3D3D3	21
1351	#FFFFFF	#D3D3D3	87
1352	#FFFFFF	#D3D3D3	87
1353	#FFFFFF	#D3D3D3	64
1355	#FFFFFF	#D3D3D3	48
1356	#FFFFFF	#D3D3D3	48
1359	#DD5991	#2B2B2B	11
1360	#DD5991	#2B2B2B	11
1361	#DD5991	#2B2B2B	11
1362	#DD5991	#2B2B2B	11
1363	#DD5991	#2B2B2B	11
1365	#CD1076	#000000	90
1366	#DA4F8C	#242424	3
1367	#DD5991	#2B2B2B	11
1368	#DD5991	#2B2B2B	11
1369	#CD1076	#000000	38
1370	#CD1076	#000000	38
1371	#CD1076	#000000	38
1372	#CD1076	#000000	38
1373	#CD1076	#000000	38
1374	#CD1076	#000000	38
1375	#CD1076	#000000	38
1376	#CD1076	#000000	38
1377	#DA4F8C	#242424	3
1378	#CD1076	#000000	38
1379	#CD1076	#000000	38
1380	#FEF8FA	#CBCBCB	19
1381	#FEF8FA	#CBCBCB	19
1382	#FFFFFF	#D3D3D3	97
1383	#FFFFFF	#D3D3D3	97
1384	#FFFFFF	#D3D3D3	97
1385	#FFFFFF	#D3D3D3	97
1386	#FEF8FA	#CBCBCB	19
1387	#FEF8FA	#CBCBCB	19
1388	#DA4F8C	#242424	3
1389	#FFFFFF	#D3D3D3	112
1390	#FFFFFF	#D3D3D3	112
1391	#FFFFFF	#D3D3D3	112
1392	#FFFFFF	#D3D3D3	112
1393	#FFFFFF	#D3D3D3	112
1394	#FFFFFF	#D3D3D3	112
1395	#FFFFFF	#D3D3D3	112
1396	#FFFFFF	#D3D3D3	112
1397	#FFFFFF	#D3D3D3	21
1398	#FFFFFF	#D3D3D3	21
1399	#DA4F8C	#242424	3
1400	#FFFFFF	#D3D3D3	21
1401	#FFFFFF	#D3D3D3	21
1402	#FFFFFF	#D3D3D3	87
1403	#FFFFFF	#D3D3D3	87
1404	#FFFFFF	#D3D3D3	64
1406	#FFFFFF	#D3D3D3	48
1407	#FFFFFF	#D3D3D3	48
1410	#DD5991	#2B2B2B	11
1411	#DD5991	#2B2B2B	11
1412	#DD5991	#2B2B2B	11
1413	#DD5991	#2B2B2B	11
1414	#DD5991	#2B2B2B	11
1416	#CD1076	#000000	90
1417	#DA4F8C	#242424	3
1418	#DD5991	#2B2B2B	11
1419	#DD5991	#2B2B2B	11
1420	#CD1076	#000000	38
1421	#CD1076	#000000	38
1422	#CD1076	#000000	38
1423	#CD1076	#000000	38
1424	#CD1076	#000000	38
1425	#CD1076	#000000	38
1426	#CD1076	#000000	38
1427	#CD1076	#000000	38
1428	#DA4F8C	#242424	3
1429	#CD1076	#000000	38
1430	#CD1076	#000000	38
1431	#FEF8FA	#CBCBCB	19
1432	#FEF8FA	#CBCBCB	19
1433	#FFFFFF	#D3D3D3	97
1434	#FFFFFF	#D3D3D3	97
1435	#FFFFFF	#D3D3D3	97
1436	#FEF8FA	#CBCBCB	19
1437	#FEF8FA	#CBCBCB	19
1438	#FEF8FA	#CBCBCB	19
1439	#DA4F8C	#242424	3
1440	#FFFFFF	#D3D3D3	112
1441	#FFFFFF	#D3D3D3	112
1442	#FFFFFF	#D3D3D3	112
1443	#FFFFFF	#D3D3D3	112
1444	#FFFFFF	#D3D3D3	112
1445	#FFFFFF	#D3D3D3	112
1446	#FFFFFF	#D3D3D3	112
1447	#FFFFFF	#D3D3D3	21
1448	#FFFFFF	#D3D3D3	21
1449	#FFFFFF	#D3D3D3	21
1450	#DA4F8C	#242424	3
1451	#FFFFFF	#D3D3D3	21
1452	#FFFFFF	#D3D3D3	21
1453	#FFFFFF	#D3D3D3	87
1454	#FFFFFF	#D3D3D3	87
1457	#FFFFFF	#D3D3D3	48
1458	#FFFFFF	#D3D3D3	48
1460	#DD5991	#2B2B2B	11
1461	#DD5991	#2B2B2B	11
1462	#DD5991	#2B2B2B	11
1463	#DD5991	#2B2B2B	11
1464	#DD5991	#2B2B2B	11
1466	#CD1076	#000000	90
1467	#DA4F8C	#242424	3
1468	#DD5991	#2B2B2B	11
1469	#CD1076	#000000	38
1470	#CD1076	#000000	38
1471	#CD1076	#000000	38
1472	#CD1076	#000000	38
1473	#CD1076	#000000	38
1474	#CD1076	#000000	38
1475	#CD1076	#000000	38
1476	#CD1076	#000000	38
1477	#CD1076	#000000	38
1478	#DA4F8C	#242424	3
1479	#CD1076	#000000	38
1480	#CD1076	#000000	38
1481	#CD1076	#000000	38
1482	#FEF8FA	#CBCBCB	19
1483	#FEF8FA	#CBCBCB	19
1484	#FFFFFF	#D3D3D3	97
1485	#FFFFFF	#D3D3D3	97
1486	#FEF8FA	#CBCBCB	19
1487	#FEF8FA	#CBCBCB	19
1488	#FEF8FA	#CBCBCB	19
1489	#DA4F8C	#242424	3
1490	#FFFFFF	#D3D3D3	112
1491	#FFFFFF	#D3D3D3	112
1492	#FFFFFF	#D3D3D3	112
1493	#FFFFFF	#D3D3D3	112
1494	#FFFFFF	#D3D3D3	112
1495	#FFFFFF	#D3D3D3	112
1496	#FFFFFF	#D3D3D3	112
1497	#FFFFFF	#D3D3D3	21
1498	#FFFFFF	#D3D3D3	21
1499	#FFFFFF	#D3D3D3	21
1500	#DA4F8C	#242424	3
1501	#FFFFFF	#D3D3D3	21
1502	#FFFFFF	#D3D3D3	21
1503	#FFFFFF	#D3D3D3	21
1504	#FFFFFF	#D3D3D3	87
1505	#FFFFFF	#D3D3D3	87
1508	#FFFFFF	#D3D3D3	48
1509	#FFFFFF	#D3D3D3	48
1511	#DA4F8C	#242424	3
1512	#DD5991	#2B2B2B	11
1513	#DD5991	#2B2B2B	11
1514	#DD5991	#2B2B2B	11
1515	#DD5991	#2B2B2B	11
1517	#CD1076	#000000	90
1518	#DA4F8C	#242424	3
1519	#DD5991	#2B2B2B	11
1520	#CD1076	#000000	38
1521	#CD1076	#000000	38
1522	#CD1076	#000000	38
1523	#CD1076	#000000	38
1524	#CD1076	#000000	38
1525	#CD1076	#000000	38
1526	#CD1076	#000000	38
1527	#CD1076	#000000	38
1528	#CD1076	#000000	38
1529	#DA4F8C	#242424	3
1530	#CD1076	#000000	38
1531	#CD1076	#000000	38
1532	#FEF8FA	#CBCBCB	19
1533	#FEF8FA	#CBCBCB	19
1534	#FEF8FA	#CBCBCB	19
1535	#FFFFFF	#D3D3D3	97
1536	#FEF8FA	#CBCBCB	19
1537	#FEF8FA	#CBCBCB	19
1538	#FEF8FA	#CBCBCB	19
1539	#FFFFFF	#D3D3D3	112
1540	#DA4F8C	#242424	3
1541	#FFFFFF	#D3D3D3	112
1542	#FFFFFF	#D3D3D3	12
1543	#FFFFFF	#D3D3D3	112
1544	#FFFFFF	#D3D3D3	112
1545	#FFFFFF	#D3D3D3	112
1546	#FFFFFF	#D3D3D3	112
1547	#FFFFFF	#D3D3D3	112
1548	#FFFFFF	#D3D3D3	21
1549	#FFFFFF	#D3D3D3	112
1550	#FFFFFF	#D3D3D3	21
1551	#DA4F8C	#242424	3
1552	#FFFFFF	#D3D3D3	21
1553	#FFFFFF	#D3D3D3	21
1554	#FFFFFF	#D3D3D3	21
1555	#FFFFFF	#D3D3D3	87
1556	#FFFFFF	#D3D3D3	87
1559	#FFFFFF	#D3D3D3	48
1560	#FFFFFF	#D3D3D3	48
1561	#DA4F8C	#242424	3
1562	#DD5991	#2B2B2B	11
1563	#DD5991	#2B2B2B	11
1564	#DD5991	#2B2B2B	11
1565	#DD5991	#2B2B2B	11
1567	#CD1076	#000000	90
1568	#CD1076	#000000	90
1569	#DD5991	#2B2B2B	11
1570	#CD1076	#000000	38
1571	#CD1076	#000000	38
1572	#CD1076	#000000	38
1573	#CD1076	#000000	38
1574	#CD1076	#000000	38
1575	#CD1076	#000000	38
1576	#CD1076	#000000	38
1577	#CD1076	#000000	38
1578	#CD1076	#000000	38
1579	#DA4F8C	#242424	3
1580	#CD1076	#000000	38
1581	#CD1076	#000000	38
1582	#FEF8FA	#CBCBCB	19
1583	#FEF8FA	#CBCBCB	19
1584	#FEF8FA	#CBCBCB	19
1585	#FEF8FA	#CBCBCB	19
1586	#FEF8FA	#CBCBCB	19
1587	#FEF8FA	#CBCBCB	19
1588	#FEF8FA	#CBCBCB	19
1589	#FFFFFF	#D3D3D3	112
1590	#DA4F8C	#242424	3
1591	#FFFFFF	#D3D3D3	12
1592	#FFFFFF	#D3D3D3	12
1593	#FFFFFF	#D3D3D3	12
1594	#FFFFFF	#D3D3D3	112
1595	#FFFFFF	#D3D3D3	112
1596	#FFFFFF	#D3D3D3	112
1597	#FFFFFF	#D3D3D3	112
1598	#FFFFFF	#D3D3D3	112
1599	#FFFFFF	#D3D3D3	112
1600	#FFFFFF	#D3D3D3	112
1601	#DA4F8C	#242424	3
1602	#FFFFFF	#D3D3D3	21
1603	#FFFFFF	#D3D3D3	21
1604	#FFFFFF	#D3D3D3	21
1605	#FFFFFF	#D3D3D3	21
1606	#FFFFFF	#D3D3D3	87
1607	#FFFFFF	#D3D3D3	87
1610	#FFFFFF	#D3D3D3	64
1611	#FFFFFF	#D3D3D3	64
1612	#DA4F8C	#242424	3
1613	#DD5991	#2B2B2B	11
1614	#DD5991	#2B2B2B	11
1615	#DD5991	#2B2B2B	11
1616	#DD5991	#2B2B2B	11
1618	#CD1076	#000000	90
1619	#DA4F8C	#242424	3
1620	#CD1076	#000000	38
1621	#CD1076	#000000	38
1622	#CD1076	#000000	38
1623	#CD1076	#000000	38
1624	#CD1076	#000000	38
1625	#CD1076	#000000	38
1626	#CD1076	#000000	38
1627	#CD1076	#000000	38
1628	#CD1076	#000000	38
1629	#CD1076	#000000	38
1630	#DA4F8C	#242424	3
1631	#CD1076	#000000	38
1632	#FEF8FA	#CBCBCB	19
1633	#FEF8FA	#CBCBCB	19
1634	#FEF8FA	#CBCBCB	19
1635	#FEF8FA	#CBCBCB	19
1636	#FEF8FA	#CBCBCB	19
1637	#FEF8FA	#CBCBCB	19
1638	#FEF8FA	#CBCBCB	19
1639	#FFFFFF	#D3D3D3	112
1640	#FFFFFF	#D3D3D3	12
1641	#DA4F8C	#242424	3
1642	#FFFFFF	#D3D3D3	12
1643	#FFFFFF	#D3D3D3	12
1644	#FFFFFF	#D3D3D3	12
1645	#FFFFFF	#D3D3D3	112
1646	#FFFFFF	#D3D3D3	112
1647	#FFFFFF	#D3D3D3	112
1648	#FFFFFF	#D3D3D3	112
1649	#FFFFFF	#D3D3D3	112
1650	#FFFFFF	#D3D3D3	112
1651	#FFFFFF	#D3D3D3	21
1652	#DA4F8C	#242424	3
1653	#FFFFFF	#D3D3D3	21
1654	#FFFFFF	#D3D3D3	21
1655	#FFFFFF	#D3D3D3	21
1656	#FFFFFF	#D3D3D3	21
1657	#FFFFFF	#D3D3D3	87
1658	#FFFFFF	#D3D3D3	87
1659	#FFFFFF	#D3D3D3	64
1661	#FFFFFF	#D3D3D3	64
1662	#DD5991	#2B2B2B	11
1663	#DD5991	#2B2B2B	11
1664	#DD5991	#2B2B2B	11
1665	#DD5991	#2B2B2B	11
1666	#DD5991	#2B2B2B	11
1668	#CD1076	#000000	90
1669	#DA4F8C	#242424	3
1670	#CD1076	#000000	38
1671	#CD1076	#000000	38
1672	#CD1076	#000000	38
1673	#CD1076	#000000	38
1674	#CD1076	#000000	38
1675	#CD1076	#000000	38
1676	#CD1076	#000000	38
1677	#CD1076	#000000	38
1678	#CD1076	#000000	38
1679	#CD1076	#000000	38
1680	#DA4F8C	#242424	3
1681	#CD1076	#000000	38
1682	#FEF8FA	#CBCBCB	19
1683	#FEF8FA	#CBCBCB	19
1684	#FEF8FA	#CBCBCB	19
1685	#FEF8FA	#CBCBCB	19
1686	#FEF8FA	#CBCBCB	19
1687	#FEF8FA	#CBCBCB	19
1688	#FEF8FA	#CBCBCB	19
1689	#FFFFFF	#D3D3D3	112
1690	#FFFFFF	#D3D3D3	12
1691	#DA4F8C	#242424	3
1692	#FFFFFF	#D3D3D3	12
1693	#FFFFFF	#D3D3D3	12
1694	#FFFFFF	#D3D3D3	12
1695	#FFFFFF	#D3D3D3	12
1696	#FFFFFF	#D3D3D3	112
1697	#FFFFFF	#D3D3D3	112
1698	#FFFFFF	#D3D3D3	112
1699	#FFFFFF	#D3D3D3	112
1700	#FFFFFF	#D3D3D3	21
1701	#FFFFFF	#D3D3D3	21
1702	#DA4F8C	#242424	3
1703	#FFFFFF	#D3D3D3	21
1704	#FFFFFF	#D3D3D3	21
1705	#FFFFFF	#D3D3D3	21
1706	#FFFFFF	#D3D3D3	21
1707	#FFFFFF	#D3D3D3	21
1708	#FFFFFF	#D3D3D3	87
1709	#FFFFFF	#D3D3D3	87
1712	#FFFFFF	#D3D3D3	64
1713	#DD5991	#2B2B2B	11
1714	#DD5991	#2B2B2B	11
1715	#DD5991	#2B2B2B	11
1716	#CD1076	#000000	38
1717	#DD5991	#2B2B2B	11
1719	#CD1076	#000000	90
1720	#DA4F8C	#242424	3
1721	#CD1076	#000000	38
1722	#CD1076	#000000	38
1723	#CD1076	#000000	38
1724	#CD1076	#000000	38
1725	#CD1076	#000000	38
1726	#CD1076	#000000	38
1727	#CD1076	#000000	38
1728	#CD1076	#000000	38
1729	#CD1076	#000000	38
1730	#CD1076	#000000	38
1731	#DA4F8C	#242424	3
1732	#FEF8FA	#CBCBCB	19
1733	#FEF8FA	#CBCBCB	19
1734	#FEF8FA	#CBCBCB	19
1735	#FEF8FA	#CBCBCB	19
1736	#CD1076	#000000	38
1737	#FEF8FA	#CBCBCB	19
1738	#FEF8FA	#CBCBCB	19
1739	#FFFFFF	#D3D3D3	112
1740	#FFFFFF	#D3D3D3	12
1741	#FFFFFF	#D3D3D3	12
1742	#DA4F8C	#242424	3
1743	#FFFFFF	#D3D3D3	12
1744	#FFFFFF	#D3D3D3	12
1745	#FFFFFF	#D3D3D3	12
1746	#FFFFFF	#D3D3D3	12
1747	#FFFFFF	#D3D3D3	112
1748	#FFFFFF	#D3D3D3	112
1749	#FFFFFF	#D3D3D3	112
1750	#FFFFFF	#D3D3D3	112
1751	#FFFFFF	#D3D3D3	21
1752	#FFFFFF	#D3D3D3	112
1753	#DA4F8C	#242424	3
1754	#FFFFFF	#D3D3D3	112
1755	#FFFFFF	#D3D3D3	21
1756	#FFFFFF	#D3D3D3	21
1757	#FFFFFF	#D3D3D3	21
1758	#FFFFFF	#D3D3D3	21
1759	#FFFFFF	#D3D3D3	87
1760	#FFFFFF	#D3D3D3	87
1763	#DA4F8C	#242424	3
1764	#DD5991	#2B2B2B	11
1765	#CD1076	#000000	38
1766	#CD1076	#000000	38
1767	#DD5991	#2B2B2B	11
1769	#CD1076	#000000	90
1770	#CD1076	#000000	111
1771	#CD1076	#000000	38
1772	#CD1076	#000000	38
1773	#CD1076	#000000	38
1774	#CD1076	#000000	38
1775	#CD1076	#000000	38
1776	#CD1076	#000000	38
1777	#CD1076	#000000	38
1778	#CD1076	#000000	38
1779	#CD1076	#000000	38
1780	#CD1076	#000000	38
1781	#DA4F8C	#242424	3
1782	#CD1076	#000000	38
1783	#FEF8FA	#CBCBCB	19
1784	#FEF8FA	#CBCBCB	19
1785	#FEF8FA	#CBCBCB	19
1786	#CD1076	#000000	38
1787	#FEF8FA	#CBCBCB	19
1788	#FEF8FA	#CBCBCB	19
1789	#FFFFFF	#D3D3D3	112
1790	#FFFFFF	#D3D3D3	12
1791	#FFFFFF	#D3D3D3	12
1792	#DA4F8C	#242424	3
1793	#FFFFFF	#D3D3D3	12
1794	#FFFFFF	#D3D3D3	12
1795	#FFFFFF	#D3D3D3	12
1796	#FFFFFF	#D3D3D3	12
1797	#FFFFFF	#D3D3D3	12
1798	#FFFFFF	#D3D3D3	112
1799	#FFFFFF	#D3D3D3	112
1800	#FFFFFF	#D3D3D3	112
1801	#FFFFFF	#D3D3D3	112
1802	#FFFFFF	#D3D3D3	112
1803	#DA4F8C	#242424	3
1804	#FFFFFF	#D3D3D3	112
1805	#FFFFFF	#D3D3D3	112
1806	#FFFFFF	#D3D3D3	21
1807	#FFFFFF	#D3D3D3	21
1808	#FFFFFF	#D3D3D3	21
1809	#FFFFFF	#D3D3D3	21
1810	#FFFFFF	#D3D3D3	87
1811	#FFFFFF	#D3D3D3	87
1814	#DA4F8C	#242424	3
1815	#DD5991	#2B2B2B	11
1816	#CD1076	#000000	38
1817	#CD1076	#000000	38
1818	#CD1076	#000000	38
1820	#CD1076	#000000	90
1821	#CD1076	#000000	111
1822	#CD1076	#000000	38
1823	#CD1076	#000000	38
1824	#CD1076	#000000	38
1825	#CD1076	#000000	38
1826	#CD1076	#000000	38
1827	#CD1076	#000000	38
1828	#CD1076	#000000	38
1829	#CD1076	#000000	38
1830	#CD1076	#000000	38
1831	#CD1076	#000000	38
1832	#DA4F8C	#242424	3
1833	#CD1076	#000000	38
1834	#FEF8FA	#CBCBCB	19
1835	#FEF8FA	#CBCBCB	19
1836	#CD1076	#000000	38
1837	#FEF8FA	#CBCBCB	19
1838	#FEF8FA	#CBCBCB	19
1839	#FFFFFF	#D3D3D3	112
1840	#FFFFFF	#D3D3D3	12
1841	#FFFFFF	#D3D3D3	12
1842	#FFFFFF	#D3D3D3	12
1843	#DA4F8C	#242424	3
1844	#FFFFFF	#D3D3D3	12
1845	#FFFFFF	#D3D3D3	12
1846	#FFFFFF	#D3D3D3	12
1847	#FFFFFF	#D3D3D3	12
1848	#FFFFFF	#D3D3D3	12
1849	#FFFFFF	#D3D3D3	112
1850	#FFFFFF	#D3D3D3	112
1851	#FFFFFF	#D3D3D3	112
1852	#FFFFFF	#D3D3D3	112
1853	#FFFFFF	#D3D3D3	112
1854	#DA4F8C	#242424	3
1855	#FFFFFF	#D3D3D3	112
1856	#FFFFFF	#D3D3D3	21
1857	#FFFFFF	#D3D3D3	21
1858	#FFFFFF	#D3D3D3	21
1859	#FFFFFF	#D3D3D3	21
1860	#FFFFFF	#D3D3D3	21
1861	#FFFFFF	#D3D3D3	87
1862	#FFFFFF	#D3D3D3	87
1864	#DA4F8C	#242424	3
1865	#CD1076	#000000	38
1866	#CD1076	#000000	38
1867	#CD1076	#000000	38
1868	#CD1076	#000000	38
1870	#CD1076	#000000	90
1871	#CD1076	#000000	90
1872	#CD1076	#000000	38
1873	#CD1076	#000000	38
1874	#CD1076	#000000	38
1875	#CD1076	#000000	38
1876	#CD1076	#000000	38
1877	#CD1076	#000000	38
1878	#CD1076	#000000	38
1879	#CD1076	#000000	38
1880	#CD1076	#000000	38
1881	#CD1076	#000000	38
1882	#CD1076	#000000	111
1883	#CD1076	#000000	38
1884	#CD1076	#000000	38
1885	#FEF8FA	#CBCBCB	19
1886	#CD1076	#000000	38
1887	#FEF8FA	#CBCBCB	19
1888	#FEF8FA	#CBCBCB	19
1889	#FFFFFF	#D3D3D3	112
1890	#FFFFFF	#D3D3D3	112
1891	#FFFFFF	#D3D3D3	12
1892	#FFFFFF	#D3D3D3	12
1893	#DA4F8C	#242424	3
1894	#FFFFFF	#D3D3D3	12
1895	#FFFFFF	#D3D3D3	12
1896	#FFFFFF	#D3D3D3	12
1897	#FFFFFF	#D3D3D3	12
1898	#FFFFFF	#D3D3D3	12
1899	#FFFFFF	#D3D3D3	12
1900	#FFFFFF	#D3D3D3	112
1901	#FFFFFF	#D3D3D3	112
1902	#FFFFFF	#D3D3D3	112
1903	#FFFFFF	#D3D3D3	112
1904	#DA4F8C	#242424	3
1905	#FFFFFF	#D3D3D3	112
1906	#FFFFFF	#D3D3D3	21
1907	#FFFFFF	#D3D3D3	21
1908	#FFFFFF	#D3D3D3	21
1909	#FFFFFF	#D3D3D3	21
1910	#FFFFFF	#D3D3D3	129
1911	#FFFFFF	#D3D3D3	21
1912	#FFFFFF	#D3D3D3	87
1913	#FFFFFF	#D3D3D3	87
1914	#FFFFFF	#D3D3D3	64
1915	#DA4F8C	#242424	3
1916	#CD1076	#000000	38
1917	#CD1076	#000000	38
1918	#CD1076	#000000	38
1919	#CD1076	#000000	38
1921	#CD1076	#000000	90
1922	#CD1076	#000000	90
1923	#CD1076	#000000	38
1924	#CD1076	#000000	38
1925	#CD1076	#000000	38
1926	#CD1076	#000000	38
1927	#CD1076	#000000	38
1928	#CD1076	#000000	38
1929	#CD1076	#000000	38
1930	#CD1076	#000000	38
1931	#CD1076	#000000	38
1932	#CD1076	#000000	38
1933	#CD1076	#000000	111
1934	#CD1076	#000000	38
1935	#CD1076	#000000	38
1936	#CD1076	#000000	38
1937	#FEF8FA	#CBCBCB	19
1938	#FEF8FA	#CBCBCB	19
1939	#FFFFFF	#D3D3D3	112
1940	#FFFFFF	#D3D3D3	112
1941	#FFFFFF	#D3D3D3	12
1942	#FFFFFF	#D3D3D3	12
1943	#FFFFFF	#D3D3D3	12
1944	#DA4F8C	#242424	3
1945	#FFFFFF	#D3D3D3	12
1946	#FFFFFF	#D3D3D3	12
1947	#FFFFFF	#D3D3D3	12
1948	#FFFFFF	#D3D3D3	12
1949	#FFFFFF	#D3D3D3	12
1950	#FFFFFF	#D3D3D3	12
1951	#FFFFFF	#D3D3D3	112
1952	#FFFFFF	#D3D3D3	112
1953	#FFFFFF	#D3D3D3	112
1954	#FFFFFF	#D3D3D3	112
1955	#DA4F8C	#242424	3
1956	#FFFFFF	#D3D3D3	112
1957	#FFFFFF	#D3D3D3	21
1958	#FFFFFF	#D3D3D3	21
1959	#FFFFFF	#D3D3D3	21
1960	#FFFFFF	#D3D3D3	21
1961	#FFFFFF	#D3D3D3	129
1962	#FFFFFF	#D3D3D3	21
1963	#FFFFFF	#D3D3D3	87
1964	#FFFFFF	#D3D3D3	87
1965	#DA4F8C	#242424	3
1966	#CD1076	#000000	38
1967	#CD1076	#000000	38
1968	#CD1076	#000000	38
1969	#CD1076	#000000	38
1971	#CD1076	#000000	90
1972	#CD1076	#000000	90
1973	#CD1076	#000000	38
1974	#CD1076	#000000	38
1975	#CD1076	#000000	38
1976	#CD1076	#000000	38
1977	#CD1076	#000000	38
1978	#CD1076	#000000	38
1979	#CD1076	#000000	38
1980	#CD1076	#000000	38
1981	#CD1076	#000000	117
1982	#CD1076	#000000	38
1983	#CD1076	#000000	90
1984	#CD1076	#000000	38
1985	#CD1076	#000000	38
1986	#CD1076	#000000	38
1987	#FEF8FA	#CBCBCB	19
1988	#FEF8FA	#CBCBCB	19
1989	#FFFFFF	#D3D3D3	112
1990	#FFFFFF	#D3D3D3	112
1991	#FFFFFF	#D3D3D3	12
1992	#FFFFFF	#D3D3D3	12
1993	#FFFFFF	#D3D3D3	12
1994	#CD1076	#000000	111
1995	#FFFFFF	#D3D3D3	12
1996	#FFFFFF	#D3D3D3	12
1997	#FFFFFF	#D3D3D3	12
1998	#FFFFFF	#D3D3D3	12
1999	#FFFFFF	#D3D3D3	12
2000	#FFFFFF	#D3D3D3	12
2001	#FFFFFF	#D3D3D3	12
2002	#FFFFFF	#D3D3D3	112
2003	#FFFFFF	#D3D3D3	112
2004	#FFFFFF	#D3D3D3	112
2005	#DA4F8C	#242424	3
2006	#FFFFFF	#D3D3D3	112
2007	#FFFFFF	#D3D3D3	21
2008	#FFFFFF	#D3D3D3	21
2009	#FFFFFF	#D3D3D3	21
2010	#FFFFFF	#D3D3D3	21
2011	#FFFFFF	#D3D3D3	21
2012	#FFFFFF	#D3D3D3	129
2013	#FFFFFF	#D3D3D3	21
2014	#FFFFFF	#D3D3D3	87
2015	#FFFFFF	#D3D3D3	87
2016	#DA4F8C	#242424	3
2017	#DA4F8C	#242424	3
2018	#CD1076	#000000	38
2019	#CD1076	#000000	38
2020	#CD1076	#000000	38
2022	#CD1076	#000000	90
2023	#CD1076	#000000	90
2024	#CD1076	#000000	38
2025	#CD1076	#000000	38
2026	#CD1076	#000000	38
2027	#CD1076	#000000	38
2028	#CD1076	#000000	38
2029	#CD1076	#000000	38
2030	#CD1076	#000000	38
2031	#CD1076	#000000	117
2032	#CD1076	#000000	117
2033	#CD1076	#000000	38
2034	#CD1076	#000000	111
2035	#CD1076	#000000	38
2036	#CD1076	#000000	38
2037	#FEF8FA	#CBCBCB	19
2038	#FEF8FA	#CBCBCB	19
2039	#FFFFFF	#D3D3D3	112
2040	#FFFFFF	#D3D3D3	112
2041	#FFFFFF	#D3D3D3	12
2042	#FFFFFF	#D3D3D3	12
2043	#FFFFFF	#D3D3D3	12
2044	#FFFFFF	#D3D3D3	12
2045	#CD1076	#000000	111
2046	#FFFFFF	#D3D3D3	12
2047	#FFFFFF	#D3D3D3	12
2048	#FFFFFF	#D3D3D3	12
2049	#FFFFFF	#D3D3D3	12
2050	#FFFFFF	#D3D3D3	12
2051	#FFFFFF	#D3D3D3	12
2052	#FFFFFF	#D3D3D3	112
2053	#FFFFFF	#D3D3D3	12
2054	#FFFFFF	#D3D3D3	112
2055	#FFFFFF	#D3D3D3	112
2056	#DA4F8C	#242424	3
2057	#FFFFFF	#D3D3D3	112
2058	#FFFFFF	#D3D3D3	21
2059	#FFFFFF	#D3D3D3	21
2060	#FFFFFF	#D3D3D3	21
2061	#FFFFFF	#D3D3D3	21
2062	#FFFFFF	#D3D3D3	21
2063	#FFFFFF	#D3D3D3	129
2064	#FFFFFF	#D3D3D3	21
2065	#FFFFFF	#D3D3D3	87
2066	#DA4F8C	#242424	3
2067	#DA4F8C	#242424	3
2068	#CD1076	#000000	38
2069	#CD1076	#000000	38
2070	#CD1076	#000000	38
2072	#CD1076	#000000	90
2073	#CD1076	#000000	90
2074	#CD1076	#000000	38
2075	#CD1076	#000000	38
2076	#CD1076	#000000	38
2077	#CD1076	#000000	38
2078	#CD1076	#000000	38
2079	#CD1076	#000000	38
2080	#CD1076	#000000	38
2081	#CD1076	#000000	117
2082	#CD1076	#000000	117
2083	#CD1076	#000000	117
2084	#CD1076	#000000	111
2085	#CD1076	#000000	38
2086	#CD1076	#000000	38
2087	#FEF8FA	#CBCBCB	19
2088	#FEF8FA	#CBCBCB	19
2089	#FFFFFF	#D3D3D3	112
2090	#FFFFFF	#D3D3D3	112
2091	#FFFFFF	#D3D3D3	12
2092	#FFFFFF	#D3D3D3	12
2093	#FFFFFF	#D3D3D3	12
2094	#FFFFFF	#D3D3D3	12
2095	#CD1076	#000000	111
2096	#FFFFFF	#D3D3D3	12
2097	#FFFFFF	#D3D3D3	12
2098	#FFFFFF	#D3D3D3	12
2099	#FFFFFF	#D3D3D3	12
2100	#FFFFFF	#D3D3D3	12
2101	#FFFFFF	#D3D3D3	12
2102	#FFFFFF	#D3D3D3	12
2103	#FFFFFF	#D3D3D3	12
2104	#FFFFFF	#D3D3D3	112
2105	#FFFFFF	#D3D3D3	112
2106	#DA4F8C	#242424	3
2107	#FFFFFF	#D3D3D3	112
2108	#FFFFFF	#D3D3D3	112
2109	#FFFFFF	#D3D3D3	21
2110	#FFFFFF	#D3D3D3	21
2111	#FFFFFF	#D3D3D3	21
2112	#FFFFFF	#D3D3D3	21
2113	#FFFFFF	#D3D3D3	21
2114	#FFFFFF	#D3D3D3	129
2115	#FFFFFF	#D3D3D3	21
2116	#FFFFFF	#D3D3D3	87
2117	#DA4F8C	#242424	3
2118	#DA4F8C	#242424	3
2119	#CD1076	#000000	38
2120	#CD1076	#000000	38
2121	#CD1076	#000000	38
2123	#CD1076	#000000	90
2124	#CD1076	#000000	111
2125	#CD1076	#000000	38
2126	#CD1076	#000000	38
2127	#CD1076	#000000	38
2128	#CD1076	#000000	38
2129	#CD1076	#000000	38
2130	#CD1076	#000000	38
2131	#CD1076	#000000	117
2132	#CD1076	#000000	117
2133	#CD1076	#000000	117
2134	#CD1076	#000000	38
2135	#CD1076	#000000	111
2136	#CD1076	#000000	38
2137	#FEF8FA	#CBCBCB	19
2138	#FEF8FA	#CBCBCB	19
2139	#FEF8FA	#CBCBCB	19
2140	#FFFFFF	#D3D3D3	112
2141	#FFFFFF	#D3D3D3	12
2142	#FFFFFF	#D3D3D3	12
2143	#FFFFFF	#D3D3D3	12
2144	#FFFFFF	#D3D3D3	12
2145	#FFFFFF	#D3D3D3	12
2146	#CD1076	#000000	111
2147	#FFFFFF	#D3D3D3	12
2148	#FFFFFF	#D3D3D3	12
2149	#FFFFFF	#D3D3D3	12
2150	#FFFFFF	#D3D3D3	12
2151	#FFFFFF	#D3D3D3	12
2152	#FFFFFF	#D3D3D3	12
2153	#FFFFFF	#D3D3D3	12
2154	#FFFFFF	#D3D3D3	12
2155	#FFFFFF	#D3D3D3	112
2156	#FFFFFF	#D3D3D3	112
2157	#DA4F8C	#242424	3
2158	#FFFFFF	#D3D3D3	112
2159	#FFFFFF	#D3D3D3	112
2160	#FFFFFF	#D3D3D3	21
2161	#FFFFFF	#D3D3D3	21
2162	#FFFFFF	#D3D3D3	21
2163	#FFFFFF	#D3D3D3	21
2164	#FFFFFF	#D3D3D3	21
2165	#FFFFFF	#D3D3D3	129
2166	#FFFFFF	#D3D3D3	21
2167	#DA4F8C	#242424	3
2168	#DA4F8C	#242424	3
2169	#CD1076	#000000	38
2170	#CD1076	#000000	38
2171	#CD1076	#000000	38
2173	#CD1076	#000000	90
2174	#CD1076	#000000	111
2175	#CD1076	#000000	38
2176	#CD1076	#000000	38
2177	#CD1076	#000000	38
2178	#CD1076	#000000	38
2179	#CD1076	#000000	38
2180	#CD1076	#000000	38
2181	#CD1076	#000000	117
2182	#CD1076	#000000	117
2183	#CD1076	#000000	117
2184	#CD1076	#000000	38
2185	#CD1076	#000000	111
2186	#CD1076	#000000	38
2187	#FEF8FA	#CBCBCB	19
2188	#FEF8FA	#CBCBCB	19
2189	#FEF8FA	#CBCBCB	19
2190	#FEF8FA	#CBCBCB	19
2191	#FFFFFF	#D3D3D3	12
2192	#FFFFFF	#D3D3D3	12
2193	#FFFFFF	#D3D3D3	12
2194	#FFFFFF	#D3D3D3	12
2195	#FFFFFF	#D3D3D3	12
2196	#DA4F8C	#242424	3
2197	#FFFFFF	#D3D3D3	12
2198	#FFFFFF	#D3D3D3	12
2199	#FFFFFF	#D3D3D3	12
2200	#FFFFFF	#D3D3D3	12
2201	#FFFFFF	#D3D3D3	12
2202	#FFFFFF	#D3D3D3	12
2203	#FFFFFF	#D3D3D3	12
2204	#FFFFFF	#D3D3D3	12
2205	#FFFFFF	#D3D3D3	12
2206	#FFFFFF	#D3D3D3	112
2207	#DA4F8C	#242424	3
2208	#FFFFFF	#D3D3D3	112
2209	#FFFFFF	#D3D3D3	112
2210	#FFFFFF	#D3D3D3	21
2211	#FFFFFF	#D3D3D3	21
2212	#FFFFFF	#D3D3D3	21
2213	#FFFFFF	#D3D3D3	21
2214	#FFFFFF	#D3D3D3	21
2215	#FFFFFF	#D3D3D3	21
2216	#FFFFFF	#D3D3D3	129
2217	#FFFFFF	#D3D3D3	21
2218	#DA4F8C	#242424	3
2219	#DA4F8C	#242424	3
2220	#DA4F8C	#242424	3
2221	#CD1076	#000000	38
2222	#CD1076	#000000	38
2224	#CD1076	#000000	111
2225	#CD1076	#000000	111
2226	#CD1076	#000000	38
2227	#CD1076	#000000	38
2228	#CD1076	#000000	38
2229	#CD1076	#000000	38
2230	#CD1076	#000000	38
2231	#CD1076	#000000	117
2232	#CD1076	#000000	117
2233	#CD1076	#000000	117
2234	#CD1076	#000000	38
2235	#CD1076	#000000	38
2236	#DA4F8C	#242424	3
2237	#FEF8FA	#CBCBCB	19
2238	#FEF8FA	#CBCBCB	19
2239	#FEF8FA	#CBCBCB	19
2240	#FEF8FA	#CBCBCB	19
2241	#FEF8FA	#CBCBCB	19
2242	#FFFFFF	#D3D3D3	12
2243	#FFFFFF	#D3D3D3	12
2244	#FFFFFF	#D3D3D3	12
2245	#FFFFFF	#D3D3D3	12
2246	#FFFFFF	#D3D3D3	12
2247	#DA4F8C	#242424	3
2248	#FFFFFF	#D3D3D3	12
2249	#FFFFFF	#D3D3D3	12
2250	#FFFFFF	#D3D3D3	12
2251	#FFFFFF	#D3D3D3	12
2252	#FFFFFF	#D3D3D3	12
2253	#FFFFFF	#D3D3D3	12
2254	#FFFFFF	#D3D3D3	12
2255	#FFFFFF	#D3D3D3	18
2256	#FFFFFF	#D3D3D3	12
2257	#FFFFFF	#D3D3D3	112
2258	#DA4F8C	#242424	3
2259	#FFFFFF	#D3D3D3	112
2260	#FFFFFF	#D3D3D3	21
2261	#FFFFFF	#D3D3D3	21
2262	#FFFFFF	#D3D3D3	21
2263	#FFFFFF	#D3D3D3	21
2264	#FFFFFF	#D3D3D3	21
2265	#FFFFFF	#D3D3D3	21
2266	#FFFFFF	#D3D3D3	21
2267	#FFFFFF	#D3D3D3	129
2268	#DA4F8C	#242424	3
2269	#DA4F8C	#242424	3
2270	#DA4F8C	#242424	3
2271	#CD1076	#000000	38
2272	#CD1076	#000000	38
2274	#F4B2C9	#7D7D7D	42
2275	#F4B2C9	#7D7D7D	42
2276	#FFFFFF	#D3D3D3	69
2277	#FFFFFF	#D3D3D3	69
2278	#FFFFFF	#D3D3D3	69
2279	#FEF8FA	#CBCBCB	19
2280	#FEF8FA	#CBCBCB	19
2281	#FEF8FA	#CBCBCB	19
2282	#FEF8FA	#CBCBCB	19
2283	#FEF8FA	#CBCBCB	19
2284	#FEF8FA	#CBCBCB	19
2285	#FEF8FA	#CBCBCB	19
2286	#DA4F8C	#242424	3
2287	#FEF8FA	#CBCBCB	19
2288	#FFFFFF	#D3D3D3	69
2289	#FFFFFF	#D3D3D3	69
2290	#FFFFFF	#D3D3D3	69
2291	#FFFFFF	#D3D3D3	34
2292	#FFFFFF	#D3D3D3	34
2293	#FFFFFF	#D3D3D3	64
2294	#FFFFFF	#D3D3D3	64
2295	#FFFFFF	#D3D3D3	2
2296	#FFFFFF	#D3D3D3	85
2297	#DA4F8C	#242424	3
2308	#DA4F8C	#242424	3
2316	#FFFFFF	#D3D3D3	2
2317	#FFFFFF	#D3D3D3	2
2318	#FFFFFF	#D3D3D3	8
2319	#DD5991	#2B2B2B	11
2320	#DD5991	#2B2B2B	11
2321	#FFFFFF	#D3D3D3	69
2322	#FFFFFF	#D3D3D3	69
2323	#FFFFFF	#D3D3D3	69
2325	#F4B2C9	#7D7D7D	42
2326	#DA4F8C	#242424	3
2327	#FFFFFF	#D3D3D3	69
2328	#FFFFFF	#D3D3D3	69
2329	#FEF8FA	#CBCBCB	19
2330	#FEF8FA	#CBCBCB	19
2331	#FEF8FA	#CBCBCB	19
2332	#FEF8FA	#CBCBCB	19
2333	#FEF8FA	#CBCBCB	19
2334	#FEF8FA	#CBCBCB	19
2335	#FEF8FA	#CBCBCB	19
2336	#FEF8FA	#CBCBCB	19
2337	#DA4F8C	#242424	3
2338	#FEF8FA	#CBCBCB	19
2339	#FFFFFF	#D3D3D3	69
2340	#FFFFFF	#D3D3D3	69
2341	#FFFFFF	#D3D3D3	69
2342	#FFFFFF	#D3D3D3	34
2343	#FFFFFF	#D3D3D3	34
2344	#FFFFFF	#D3D3D3	64
2346	#FFFFFF	#D3D3D3	2
2347	#FFFFFF	#D3D3D3	85
2348	#DA4F8C	#242424	3
2359	#DD5991	#2B2B2B	11
2367	#FFFFFF	#D3D3D3	2
2368	#FFFFFF	#D3D3D3	2
2369	#DD5991	#2B2B2B	11
2370	#FFFFFF	#D3D3D3	69
2371	#FFFFFF	#D3D3D3	69
2372	#FFFFFF	#D3D3D3	69
2373	#FFFFFF	#D3D3D3	69
2375	#CD1076	#000000	68
2376	#CD1076	#000000	111
2377	#CD1076	#000000	38
2378	#CD1076	#000000	38
2379	#CD1076	#000000	38
2380	#CD1076	#000000	38
2381	#CD1076	#000000	38
2382	#CD1076	#000000	38
2383	#CD1076	#000000	117
2384	#CD1076	#000000	117
2385	#CD1076	#000000	38
2386	#CD1076	#000000	38
2387	#CD1076	#000000	111
2388	#FEF8FA	#CBCBCB	19
2389	#FEF8FA	#CBCBCB	19
2390	#FEF8FA	#CBCBCB	19
2391	#FFFFFF	#D3D3D3	60
2392	#FEF8FA	#CBCBCB	19
2393	#FFFFFF	#D3D3D3	60
2394	#FFFFFF	#D3D3D3	12
2395	#FFFFFF	#D3D3D3	12
2396	#FFFFFF	#D3D3D3	12
2397	#FFFFFF	#D3D3D3	12
2398	#DA4F8C	#242424	3
2399	#FFFFFF	#D3D3D3	12
2400	#FFFFFF	#D3D3D3	12
2401	#FFFFFF	#D3D3D3	12
2402	#FFFFFF	#D3D3D3	12
2403	#FFFFFF	#D3D3D3	12
2404	#FFFFFF	#D3D3D3	12
2405	#FFFFFF	#D3D3D3	12
2406	#FFFFFF	#D3D3D3	18
2407	#FFFFFF	#D3D3D3	18
2408	#FFFFFF	#D3D3D3	18
2409	#DA4F8C	#242424	3
2410	#FFFFFF	#D3D3D3	112
2411	#FFFFFF	#D3D3D3	21
2412	#FFFFFF	#D3D3D3	21
2413	#FFFFFF	#D3D3D3	21
2414	#FFFFFF	#D3D3D3	21
2415	#FFFFFF	#D3D3D3	21
2416	#FFFFFF	#D3D3D3	21
2417	#FFFFFF	#D3D3D3	21
2418	#FFFFFF	#D3D3D3	21
2419	#FFFFFF	#D3D3D3	129
2420	#DA4F8C	#242424	3
2421	#DA4F8C	#242424	3
2422	#DA4F8C	#242424	3
2423	#CD1076	#000000	38
2424	#CD1076	#000000	38
2426	#CD1076	#000000	68
2427	#CD1076	#000000	111
2428	#CD1076	#000000	38
2429	#CD1076	#000000	38
2430	#CD1076	#000000	38
2431	#CD1076	#000000	38
2432	#CD1076	#000000	117
2433	#CD1076	#000000	117
2434	#CD1076	#000000	117
2435	#CD1076	#000000	38
2436	#CD1076	#000000	38
2437	#FEF8FA	#CBCBCB	19
2438	#DA4F8C	#242424	3
2439	#FEF8FA	#CBCBCB	19
2440	#FEF8FA	#CBCBCB	19
2441	#FFFFFF	#D3D3D3	60
2442	#FFFFFF	#D3D3D3	60
2443	#FFFFFF	#D3D3D3	60
2444	#FFFFFF	#D3D3D3	60
2445	#FFFFFF	#D3D3D3	12
2446	#FFFFFF	#D3D3D3	12
2447	#FFFFFF	#D3D3D3	12
2448	#FFFFFF	#D3D3D3	12
2449	#DA4F8C	#242424	3
2450	#FFFFFF	#D3D3D3	12
2451	#FFFFFF	#D3D3D3	12
2452	#FFFFFF	#D3D3D3	12
2453	#FFFFFF	#D3D3D3	12
2454	#FFFFFF	#D3D3D3	12
2455	#FFFFFF	#D3D3D3	12
2456	#FFFFFF	#D3D3D3	18
2457	#FFFFFF	#D3D3D3	18
2458	#FFFFFF	#D3D3D3	18
2459	#FFFFFF	#D3D3D3	18
2460	#DA4F8C	#242424	3
2461	#FFFFFF	#D3D3D3	112
2462	#FFFFFF	#D3D3D3	21
2463	#FFFFFF	#D3D3D3	21
2464	#FFFFFF	#D3D3D3	21
2465	#FFFFFF	#D3D3D3	21
2466	#FFFFFF	#D3D3D3	21
2467	#FFFFFF	#D3D3D3	21
2468	#FFFFFF	#D3D3D3	21
2469	#FFFFFF	#D3D3D3	21
2470	#DA4F8C	#242424	3
2471	#DA4F8C	#242424	3
2472	#CD1076	#000000	38
2473	#CD1076	#000000	38
2474	#CD1076	#000000	38
2476	#CD1076	#000000	68
2477	#CD1076	#000000	111
2478	#CD1076	#000000	38
2479	#CD1076	#000000	38
2480	#CD1076	#000000	38
2481	#CD1076	#000000	38
2482	#CD1076	#000000	117
2483	#CD1076	#000000	117
2484	#CD1076	#000000	38
2485	#CD1076	#000000	38
2486	#CD1076	#000000	38
2487	#FEF8FA	#CBCBCB	19
2488	#CD1076	#000000	111
2489	#FEF8FA	#CBCBCB	19
2490	#FFFFFF	#D3D3D3	60
2491	#FFFFFF	#D3D3D3	60
2492	#FFFFFF	#D3D3D3	60
2493	#FFFFFF	#D3D3D3	60
2494	#FFFFFF	#D3D3D3	60
2495	#FFFFFF	#D3D3D3	60
2496	#FFFFFF	#D3D3D3	12
2497	#FFFFFF	#D3D3D3	12
2498	#FFFFFF	#D3D3D3	12
2499	#DA4F8C	#242424	3
2500	#FFFFFF	#D3D3D3	12
2501	#FFFFFF	#D3D3D3	12
2502	#FFFFFF	#D3D3D3	12
2503	#FFFFFF	#D3D3D3	12
2504	#FFFFFF	#D3D3D3	12
2505	#FFFFFF	#D3D3D3	12
2506	#FFFFFF	#D3D3D3	18
2507	#FFFFFF	#D3D3D3	18
2508	#FFFFFF	#D3D3D3	18
2509	#FFFFFF	#D3D3D3	18
2510	#DA4F8C	#242424	3
2511	#FFFFFF	#D3D3D3	18
2512	#FFFFFF	#D3D3D3	112
2513	#FFFFFF	#D3D3D3	21
2514	#FFFFFF	#D3D3D3	21
2515	#FFFFFF	#D3D3D3	21
2516	#FFFFFF	#D3D3D3	21
2517	#FFFFFF	#D3D3D3	21
2518	#FFFFFF	#D3D3D3	21
2519	#FFFFFF	#D3D3D3	21
2520	#FFFFFF	#D3D3D3	21
2521	#DA4F8C	#242424	3
2522	#DA4F8C	#242424	3
2523	#CD1076	#000000	38
2524	#DA4F8C	#242424	3
2525	#CD1076	#000000	38
2527	#CD1076	#000000	68
2528	#CD1076	#000000	111
2529	#CD1076	#000000	38
2530	#CD1076	#000000	38
2531	#CD1076	#000000	38
2532	#CD1076	#000000	117
2533	#CD1076	#000000	117
2534	#CD1076	#000000	117
2535	#CD1076	#000000	38
2536	#CD1076	#000000	38
2537	#FEF8FA	#CBCBCB	19
2538	#FEF8FA	#CBCBCB	19
2539	#CD1076	#000000	111
2540	#FFFFFF	#D3D3D3	60
2541	#FFFFFF	#D3D3D3	60
2542	#FFFFFF	#D3D3D3	60
2543	#FFFFFF	#D3D3D3	60
2544	#FFFFFF	#D3D3D3	60
2545	#FFFFFF	#D3D3D3	60
2546	#FFFFFF	#D3D3D3	60
2547	#FFFFFF	#D3D3D3	12
2548	#FFFFFF	#D3D3D3	12
2549	#FFFFFF	#D3D3D3	12
2550	#DA4F8C	#242424	3
2551	#FFFFFF	#D3D3D3	12
2552	#FFFFFF	#D3D3D3	12
2553	#FFFFFF	#D3D3D3	12
2554	#FFFFFF	#D3D3D3	12
2555	#FFFFFF	#D3D3D3	12
2556	#FFFFFF	#D3D3D3	18
2557	#FFFFFF	#D3D3D3	18
2558	#FFFFFF	#D3D3D3	18
2559	#FFFFFF	#D3D3D3	18
2560	#FFFFFF	#D3D3D3	18
2561	#DA4F8C	#242424	3
2562	#FFFFFF	#D3D3D3	18
2563	#FFFFFF	#D3D3D3	112
2564	#FFFFFF	#D3D3D3	21
2565	#FFFFFF	#D3D3D3	21
2566	#FFFFFF	#D3D3D3	21
2567	#FFFFFF	#D3D3D3	21
2568	#FFFFFF	#D3D3D3	21
2569	#FFFFFF	#D3D3D3	21
2570	#FFFFFF	#D3D3D3	21
2571	#DA4F8C	#242424	3
2572	#CD1076	#000000	38
2573	#DA4F8C	#242424	3
2574	#CD1076	#000000	38
2575	#CD1076	#000000	38
2577	#CD1076	#000000	68
2578	#CD1076	#000000	111
2579	#CD1076	#000000	38
2580	#CD1076	#000000	38
2581	#CD1076	#000000	38
2582	#CD1076	#000000	117
2583	#CD1076	#000000	117
2584	#CD1076	#000000	117
2585	#CD1076	#000000	38
2586	#CD1076	#000000	38
2587	#FEF8FA	#CBCBCB	19
2588	#FEF8FA	#CBCBCB	19
2589	#CD1076	#000000	111
2590	#FFFFFF	#D3D3D3	60
2591	#FFFFFF	#D3D3D3	60
2592	#FFFFFF	#D3D3D3	60
2593	#FFFFFF	#D3D3D3	60
2594	#FFFFFF	#D3D3D3	60
2595	#FFFFFF	#D3D3D3	60
2596	#FFFFFF	#D3D3D3	60
2597	#FFFFFF	#D3D3D3	60
2598	#FFFFFF	#D3D3D3	12
2599	#FFFFFF	#D3D3D3	12
2600	#DA4F8C	#242424	3
2601	#FFFFFF	#D3D3D3	12
2602	#FFFFFF	#D3D3D3	12
2603	#FFFFFF	#D3D3D3	12
2604	#FFFFFF	#D3D3D3	12
2605	#FFFFFF	#D3D3D3	12
2606	#FFFFFF	#D3D3D3	18
2607	#FFFFFF	#D3D3D3	18
2608	#FFFFFF	#D3D3D3	18
2609	#FFFFFF	#D3D3D3	18
2610	#FFFFFF	#D3D3D3	74
2611	#DA4F8C	#242424	3
2612	#FFFFFF	#D3D3D3	18
2613	#FFFFFF	#D3D3D3	18
2614	#FFFFFF	#D3D3D3	112
2615	#FFFFFF	#D3D3D3	112
2616	#FFFFFF	#D3D3D3	21
2617	#FFFFFF	#D3D3D3	21
2618	#FFFFFF	#D3D3D3	21
2619	#FFFFFF	#D3D3D3	21
2620	#FFFFFF	#D3D3D3	21
2621	#FFFFFF	#D3D3D3	21
2622	#DA4F8C	#242424	3
2623	#CD1076	#000000	38
2624	#DA4F8C	#242424	3
2625	#CD1076	#000000	38
2626	#CD1076	#000000	38
2628	#CD1076	#000000	68
2629	#CD1076	#000000	111
2630	#CD1076	#000000	38
2631	#CD1076	#000000	38
2632	#CD1076	#000000	117
2633	#CD1076	#000000	117
2634	#CD1076	#000000	117
2635	#CD1076	#000000	38
2636	#CD1076	#000000	38
2637	#FEF8FA	#CBCBCB	19
2638	#FEF8FA	#CBCBCB	19
2639	#FFFFFF	#D3D3D3	60
2640	#DA4F8C	#242424	3
2641	#FFFFFF	#D3D3D3	60
2642	#FFFFFF	#D3D3D3	60
2643	#FFFFFF	#D3D3D3	60
2644	#FFFFFF	#D3D3D3	60
2645	#FFFFFF	#D3D3D3	60
2646	#FFFFFF	#D3D3D3	60
2647	#FFFFFF	#D3D3D3	60
2648	#FFFFFF	#D3D3D3	60
2649	#FFFFFF	#D3D3D3	12
2650	#FFFFFF	#D3D3D3	12
2651	#DA4F8C	#242424	3
2652	#FFFFFF	#D3D3D3	12
2653	#FFFFFF	#D3D3D3	12
2654	#FFFFFF	#D3D3D3	12
2655	#FFFFFF	#D3D3D3	12
2656	#FFFFFF	#D3D3D3	18
2657	#FFFFFF	#D3D3D3	18
2658	#FFFFFF	#D3D3D3	18
2659	#FFFFFF	#D3D3D3	18
2660	#FFFFFF	#D3D3D3	74
2661	#FFFFFF	#D3D3D3	74
2662	#DA4F8C	#242424	3
2663	#FFFFFF	#D3D3D3	18
2664	#FFFFFF	#D3D3D3	18
2665	#FFFFFF	#D3D3D3	112
2666	#FFFFFF	#D3D3D3	112
2667	#FFFFFF	#D3D3D3	21
2668	#FFFFFF	#D3D3D3	21
2669	#FFFFFF	#D3D3D3	21
2670	#FFFFFF	#D3D3D3	21
2671	#FFFFFF	#D3D3D3	21
2672	#CD1076	#000000	38
2673	#DA4F8C	#242424	3
2674	#CD1076	#000000	38
2675	#CD1076	#000000	38
2676	#DA4F8C	#242424	3
2678	#CD1076	#000000	68
2679	#CD1076	#000000	111
2680	#CD1076	#000000	38
2681	#CD1076	#000000	38
2682	#CD1076	#000000	38
2683	#CD1076	#000000	117
2684	#CD1076	#000000	117
2685	#CD1076	#000000	38
2686	#CD1076	#000000	38
2687	#FEF8FA	#CBCBCB	19
2688	#FEF8FA	#CBCBCB	19
2689	#FFFFFF	#D3D3D3	60
2690	#CD1076	#000000	111
2691	#FFFFFF	#D3D3D3	60
2692	#FFFFFF	#D3D3D3	60
2693	#FFFFFF	#D3D3D3	60
2694	#FFFFFF	#D3D3D3	60
2695	#FFFFFF	#D3D3D3	60
2696	#FFFFFF	#D3D3D3	60
2697	#FFFFFF	#D3D3D3	60
2698	#FFFFFF	#D3D3D3	60
2699	#FFFFFF	#D3D3D3	60
2700	#FFFFFF	#D3D3D3	12
2701	#DA4F8C	#242424	3
2702	#FFFFFF	#D3D3D3	12
2703	#FFFFFF	#D3D3D3	12
2704	#FFFFFF	#D3D3D3	12
2705	#FFFFFF	#D3D3D3	12
2706	#FFFFFF	#D3D3D3	18
2707	#FFFFFF	#D3D3D3	18
2708	#FFFFFF	#D3D3D3	18
2709	#FFFFFF	#D3D3D3	18
2710	#FFFFFF	#D3D3D3	74
2711	#FFFFFF	#D3D3D3	74
2712	#DA4F8C	#242424	3
2713	#FFFFFF	#D3D3D3	74
2714	#FFFFFF	#D3D3D3	18
2715	#FFFFFF	#D3D3D3	18
2716	#FFFFFF	#D3D3D3	112
2717	#FFFFFF	#D3D3D3	112
2718	#FFFFFF	#D3D3D3	21
2719	#FFFFFF	#D3D3D3	21
2720	#FFFFFF	#D3D3D3	21
2721	#FFFFFF	#D3D3D3	21
2722	#FFFFFF	#D3D3D3	21
2723	#DA4F8C	#242424	3
2724	#DA4F8C	#242424	3
2725	#CD1076	#000000	38
2726	#CD1076	#000000	38
2727	#DA4F8C	#242424	3
2729	#CD1076	#000000	68
2730	#CD1076	#000000	111
2731	#CD1076	#000000	38
2732	#CD1076	#000000	38
2733	#CD1076	#000000	38
2734	#CD1076	#000000	117
2735	#CD1076	#000000	38
2736	#CD1076	#000000	38
2737	#FEF8FA	#CBCBCB	19
2738	#FEF8FA	#CBCBCB	19
2739	#FEF8FA	#CBCBCB	19
2740	#FFFFFF	#D3D3D3	60
2741	#CD1076	#000000	111
2742	#FFFFFF	#D3D3D3	60
2743	#FFFFFF	#D3D3D3	60
2744	#FFFFFF	#D3D3D3	60
2745	#FFFFFF	#D3D3D3	60
2746	#FFFFFF	#D3D3D3	60
2747	#FFFFFF	#D3D3D3	60
2748	#FFFFFF	#D3D3D3	60
2749	#FFFFFF	#D3D3D3	60
2750	#FFFFFF	#D3D3D3	60
2751	#FFFFFF	#D3D3D3	12
2752	#DA4F8C	#242424	3
2753	#FFFFFF	#D3D3D3	12
2754	#FFFFFF	#D3D3D3	12
2755	#FFFFFF	#D3D3D3	12
2756	#FFFFFF	#D3D3D3	18
2757	#FFFFFF	#D3D3D3	18
2758	#FFFFFF	#D3D3D3	18
2759	#FFFFFF	#D3D3D3	18
2760	#FFFFFF	#D3D3D3	74
2761	#FFFFFF	#D3D3D3	74
2762	#FFFFFF	#D3D3D3	74
2763	#DA4F8C	#242424	3
2764	#FFFFFF	#D3D3D3	74
2765	#FFFFFF	#D3D3D3	18
2766	#FFFFFF	#D3D3D3	18
2767	#FFFFFF	#D3D3D3	112
2768	#FFFFFF	#D3D3D3	21
2769	#FFFFFF	#D3D3D3	112
2770	#FFFFFF	#D3D3D3	112
2771	#FFFFFF	#D3D3D3	21
2772	#FFFFFF	#D3D3D3	21
2773	#DA4F8C	#242424	3
2774	#CD1076	#000000	38
2775	#CD1076	#000000	38
2776	#DA4F8C	#242424	3
2777	#CD1076	#000000	38
2779	#CD1076	#000000	68
2780	#CD1076	#000000	111
2781	#CD1076	#000000	38
2782	#CD1076	#000000	38
2783	#CD1076	#000000	38
2784	#CD1076	#000000	38
2785	#CD1076	#000000	38
2786	#CD1076	#000000	38
2787	#FEF8FA	#CBCBCB	19
2788	#FEF8FA	#CBCBCB	19
2789	#FFFFFF	#D3D3D3	60
2790	#FFFFFF	#D3D3D3	60
2791	#CD1076	#000000	111
2792	#FFFFFF	#D3D3D3	60
2793	#FFFFFF	#D3D3D3	60
2794	#FFFFFF	#D3D3D3	60
2795	#FFFFFF	#D3D3D3	60
2796	#FFFFFF	#D3D3D3	60
2797	#FFFFFF	#D3D3D3	60
2798	#FFFFFF	#D3D3D3	60
2799	#FFFFFF	#D3D3D3	60
2800	#FFFFFF	#D3D3D3	60
2801	#FFFFFF	#D3D3D3	60
2802	#DA4F8C	#242424	3
2803	#FFFFFF	#D3D3D3	12
2804	#FFFFFF	#D3D3D3	12
2805	#FFFFFF	#D3D3D3	12
2806	#FFFFFF	#D3D3D3	18
2807	#FFFFFF	#D3D3D3	18
2808	#FFFFFF	#D3D3D3	18
2809	#FFFFFF	#D3D3D3	18
2810	#FFFFFF	#D3D3D3	74
2811	#FFFFFF	#D3D3D3	74
2812	#FFFFFF	#D3D3D3	74
2813	#DA4F8C	#242424	3
2814	#FFFFFF	#D3D3D3	74
2815	#FFFFFF	#D3D3D3	74
2816	#FFFFFF	#D3D3D3	18
2817	#FFFFFF	#D3D3D3	18
2818	#FFFFFF	#D3D3D3	112
2819	#FFFFFF	#D3D3D3	112
2820	#FFFFFF	#D3D3D3	112
2821	#FFFFFF	#D3D3D3	112
2822	#FFFFFF	#D3D3D3	21
2823	#FFFFFF	#D3D3D3	21
2824	#DA4F8C	#242424	3
2825	#CD1076	#000000	38
2826	#CD1076	#000000	38
2827	#DA4F8C	#242424	3
2828	#CD1076	#000000	38
2830	#CD1076	#000000	68
2831	#CD1076	#000000	111
2832	#CD1076	#000000	38
2833	#CD1076	#000000	38
2834	#CD1076	#000000	38
2835	#CD1076	#000000	38
2836	#CD1076	#000000	38
2837	#FFFFFF	#D3D3D3	13
2838	#FEF8FA	#CBCBCB	19
2839	#FFFFFF	#D3D3D3	60
2840	#FFFFFF	#D3D3D3	60
2841	#FFFFFF	#D3D3D3	60
2842	#CD1076	#000000	111
2843	#FFFFFF	#D3D3D3	60
2844	#FFFFFF	#D3D3D3	60
2845	#FFFFFF	#D3D3D3	60
2846	#FFFFFF	#D3D3D3	60
2847	#FFFFFF	#D3D3D3	60
2848	#FFFFFF	#D3D3D3	60
2849	#FFFFFF	#D3D3D3	60
2850	#FFFFFF	#D3D3D3	60
2851	#FFFFFF	#D3D3D3	60
2852	#FFFFFF	#D3D3D3	60
2853	#DA4F8C	#242424	3
2854	#FFFFFF	#D3D3D3	60
2855	#FFFFFF	#D3D3D3	12
2856	#FFFFFF	#D3D3D3	18
2857	#FFFFFF	#D3D3D3	18
2858	#FFFFFF	#D3D3D3	18
2859	#FFFFFF	#D3D3D3	18
2860	#FFFFFF	#D3D3D3	18
2861	#FFFFFF	#D3D3D3	74
2862	#FFFFFF	#D3D3D3	74
2863	#FFFFFF	#D3D3D3	74
2864	#DA4F8C	#242424	3
2865	#FFFFFF	#D3D3D3	74
2866	#FFFFFF	#D3D3D3	74
2867	#FFFFFF	#D3D3D3	18
2868	#FFFFFF	#D3D3D3	18
2869	#FFFFFF	#D3D3D3	112
2870	#FFFFFF	#D3D3D3	112
2871	#FFFFFF	#D3D3D3	112
2872	#FFFFFF	#D3D3D3	112
2873	#FFFFFF	#D3D3D3	21
2874	#CD1076	#000000	38
2875	#CD1076	#000000	38
2876	#DA4F8C	#242424	3
2877	#CD1076	#000000	38
2878	#CD1076	#000000	38
2880	#CD1076	#000000	68
2881	#CD1076	#000000	111
2882	#CD1076	#000000	38
2883	#CD1076	#000000	38
2884	#CD1076	#000000	38
2885	#DA4F8C	#242424	3
2886	#DA4F8C	#242424	3
2887	#FFFFFF	#D3D3D3	13
2888	#FEF8FA	#CBCBCB	19
2889	#FFFFFF	#D3D3D3	60
2890	#FFFFFF	#D3D3D3	60
2891	#FFFFFF	#D3D3D3	58
2892	#CD1076	#000000	111
2893	#FFFFFF	#D3D3D3	60
2894	#FFFFFF	#D3D3D3	60
2895	#FFFFFF	#D3D3D3	60
2896	#FFFFFF	#D3D3D3	60
2897	#FFFFFF	#D3D3D3	60
2898	#FFFFFF	#D3D3D3	60
2899	#FFFFFF	#D3D3D3	60
2900	#FFFFFF	#D3D3D3	60
2901	#FFFFFF	#D3D3D3	60
2902	#FFFFFF	#D3D3D3	60
2903	#DA4F8C	#242424	3
2904	#FFFFFF	#D3D3D3	60
2905	#FFFFFF	#D3D3D3	12
2906	#FFFFFF	#D3D3D3	18
2907	#FFFFFF	#D3D3D3	18
2908	#FFFFFF	#D3D3D3	18
2909	#FFFFFF	#D3D3D3	18
2910	#FFFFFF	#D3D3D3	18
2911	#FFFFFF	#D3D3D3	18
2912	#FFFFFF	#D3D3D3	74
2913	#FFFFFF	#D3D3D3	74
2914	#DA4F8C	#242424	3
2915	#FFFFFF	#D3D3D3	74
2916	#FFFFFF	#D3D3D3	74
2917	#FFFFFF	#D3D3D3	74
2918	#FFFFFF	#D3D3D3	18
2919	#FFFFFF	#D3D3D3	18
2920	#FFFFFF	#D3D3D3	112
2921	#FFFFFF	#D3D3D3	112
2922	#FFFFFF	#D3D3D3	112
2923	#FFFFFF	#D3D3D3	21
2924	#FFFFFF	#D3D3D3	21
2925	#CD1076	#000000	38
2926	#DA4F8C	#242424	3
2927	#DA4F8C	#242424	3
2928	#CD1076	#000000	38
2929	#CD1076	#000000	38
2931	#CD1076	#000000	68
2932	#CD1076	#000000	111
2933	#CD1076	#000000	38
2934	#CD1076	#000000	38
2935	#CD1076	#000000	38
2936	#DA4F8C	#242424	3
2937	#FFFFFF	#D3D3D3	13
2938	#FEF8FA	#CBCBCB	19
2939	#FFFFFF	#D3D3D3	60
2940	#FFFFFF	#D3D3D3	60
2941	#FFFFFF	#D3D3D3	58
2942	#FFFFFF	#D3D3D3	58
2943	#DA4F8C	#242424	3
2944	#FFFFFF	#D3D3D3	60
2945	#FFFFFF	#D3D3D3	60
2946	#FFFFFF	#D3D3D3	60
2947	#FFFFFF	#D3D3D3	60
2948	#FFFFFF	#D3D3D3	60
2949	#FFFFFF	#D3D3D3	60
2950	#FFFFFF	#D3D3D3	60
2951	#FFFFFF	#D3D3D3	60
2952	#FFFFFF	#D3D3D3	60
2953	#FFFFFF	#D3D3D3	60
2954	#DA4F8C	#242424	3
2955	#FFFFFF	#D3D3D3	60
2956	#FFFFFF	#D3D3D3	18
2957	#FFFFFF	#D3D3D3	18
2958	#FFFFFF	#D3D3D3	18
2959	#FFFFFF	#D3D3D3	18
2960	#FFFFFF	#D3D3D3	18
2961	#FFFFFF	#D3D3D3	18
2962	#FFFFFF	#D3D3D3	18
2963	#FFFFFF	#D3D3D3	74
2964	#FFFFFF	#D3D3D3	74
2965	#DA4F8C	#242424	3
2966	#FFFFFF	#D3D3D3	74
2967	#FFFFFF	#D3D3D3	74
2968	#FFFFFF	#D3D3D3	74
2969	#FFFFFF	#D3D3D3	18
2970	#FFFFFF	#D3D3D3	18
2971	#FFFFFF	#D3D3D3	112
2972	#FFFFFF	#D3D3D3	112
2973	#FFFFFF	#D3D3D3	112
2974	#FFFFFF	#D3D3D3	112
2975	#DA4F8C	#242424	3
2976	#DA4F8C	#242424	3
2977	#DA4F8C	#242424	3
2978	#CD1076	#000000	38
2979	#CD1076	#000000	38
2981	#CD1076	#000000	68
2982	#CD1076	#000000	68
2983	#CD1076	#000000	38
2984	#CD1076	#000000	38
2985	#CD1076	#000000	38
2986	#DA4F8C	#242424	3
2987	#FFFFFF	#D3D3D3	13
2988	#FFFFFF	#D3D3D3	13
2989	#FFFFFF	#D3D3D3	60
2990	#FFFFFF	#D3D3D3	60
2991	#FFFFFF	#D3D3D3	58
2992	#FFFFFF	#D3D3D3	58
2993	#DA4F8C	#242424	3
2994	#FFFFFF	#D3D3D3	58
2995	#FFFFFF	#D3D3D3	60
2996	#FFFFFF	#D3D3D3	60
2997	#FFFFFF	#D3D3D3	60
2998	#FFFFFF	#D3D3D3	60
2999	#FFFFFF	#D3D3D3	60
3000	#FFFFFF	#D3D3D3	60
3001	#FFFFFF	#D3D3D3	60
3002	#FFFFFF	#D3D3D3	60
3003	#FFFFFF	#D3D3D3	60
3004	#DA4F8C	#242424	3
3005	#FFFFFF	#D3D3D3	60
3006	#FFFFFF	#D3D3D3	60
3007	#FFFFFF	#D3D3D3	18
3008	#FFFFFF	#D3D3D3	18
3009	#FFFFFF	#D3D3D3	18
3010	#FFFFFF	#D3D3D3	18
3011	#FFFFFF	#D3D3D3	18
3012	#FFFFFF	#D3D3D3	18
3013	#FFFFFF	#D3D3D3	18
3014	#FFFFFF	#D3D3D3	74
3015	#DA4F8C	#242424	3
3016	#FFFFFF	#D3D3D3	74
3017	#FFFFFF	#D3D3D3	74
3018	#FFFFFF	#D3D3D3	74
3019	#FFFFFF	#D3D3D3	74
3020	#FFFFFF	#D3D3D3	18
3021	#FFFFFF	#D3D3D3	18
3022	#FFFFFF	#D3D3D3	112
3023	#FFFFFF	#D3D3D3	112
3024	#FFFFFF	#D3D3D3	112
3025	#FFFFFF	#D3D3D3	112
3026	#DA4F8C	#242424	3
3027	#DA4F8C	#242424	3
3028	#DA4F8C	#242424	3
3029	#CD1076	#000000	38
3030	#CD1076	#000000	38
3032	#CD1076	#000000	68
3033	#CE1B78	#050505	61
3034	#CD1076	#000000	38
3035	#CD1076	#000000	38
3036	#DA4F8C	#242424	3
3037	#FFFFFF	#D3D3D3	13
3038	#FFFFFF	#D3D3D3	13
3039	#FFFFFF	#D3D3D3	13
3040	#FFFFFF	#D3D3D3	60
3041	#FFFFFF	#D3D3D3	58
3042	#FFFFFF	#D3D3D3	58
3043	#FFFFFF	#D3D3D3	58
3044	#DA4F8C	#242424	3
3045	#FFFFFF	#D3D3D3	58
3046	#FFFFFF	#D3D3D3	60
3047	#FFFFFF	#D3D3D3	60
3048	#FFFFFF	#D3D3D3	60
3049	#FFFFFF	#D3D3D3	60
3050	#FFFFFF	#D3D3D3	60
3051	#FFFFFF	#D3D3D3	60
3052	#FFFFFF	#D3D3D3	60
3053	#FFFFFF	#D3D3D3	60
3054	#FFFFFF	#D3D3D3	60
3055	#DA4F8C	#242424	3
3056	#FFFFFF	#D3D3D3	60
3057	#FFFFFF	#D3D3D3	60
3058	#FFFFFF	#D3D3D3	18
3059	#FFFFFF	#D3D3D3	18
3060	#FFFFFF	#D3D3D3	18
3061	#FFFFFF	#D3D3D3	18
3062	#FFFFFF	#D3D3D3	18
3063	#FFFFFF	#D3D3D3	18
3064	#FFFFFF	#D3D3D3	18
3065	#FFFFFF	#D3D3D3	74
3066	#DA4F8C	#242424	3
3067	#FFFFFF	#D3D3D3	74
3068	#FFFFFF	#D3D3D3	74
3069	#FFFFFF	#D3D3D3	74
3070	#FFFFFF	#D3D3D3	74
3071	#FFFFFF	#D3D3D3	18
3072	#FFFFFF	#D3D3D3	18
3073	#FFFFFF	#D3D3D3	112
3074	#FFFFFF	#D3D3D3	112
3075	#FFFFFF	#D3D3D3	112
3076	#DA4F8C	#242424	3
3077	#DA4F8C	#242424	3
3078	#CD1076	#000000	38
3079	#CD1076	#000000	38
3080	#CD1076	#000000	38
3082	#CD1076	#000000	68
3083	#CE1B78	#050505	61
3084	#CD1076	#000000	38
3085	#CD1076	#000000	38
3086	#DA4F8C	#242424	3
3087	#FFFFFF	#D3D3D3	13
3088	#FFFFFF	#D3D3D3	13
3089	#FFFFFF	#D3D3D3	13
3090	#FFFFFF	#D3D3D3	60
3091	#FFFFFF	#D3D3D3	58
3092	#FFFFFF	#D3D3D3	58
3093	#FFFFFF	#D3D3D3	58
3094	#CE1B78	#050505	61
3095	#FFFFFF	#D3D3D3	58
3096	#FFFFFF	#D3D3D3	58
3097	#FFFFFF	#D3D3D3	60
3098	#FFFFFF	#D3D3D3	60
3099	#FFFFFF	#D3D3D3	60
3100	#FFFFFF	#D3D3D3	60
3101	#FFFFFF	#D3D3D3	60
3102	#FFFFFF	#D3D3D3	60
3103	#FFFFFF	#D3D3D3	60
3104	#FFFFFF	#D3D3D3	60
3105	#DA4F8C	#242424	3
3106	#FFFFFF	#D3D3D3	118
3107	#FFFFFF	#D3D3D3	60
3108	#FFFFFF	#D3D3D3	118
3109	#FFFFFF	#D3D3D3	18
3110	#FFFFFF	#D3D3D3	18
3111	#FFFFFF	#D3D3D3	18
3112	#FFFFFF	#D3D3D3	18
3113	#FFFFFF	#D3D3D3	18
3114	#FFFFFF	#D3D3D3	18
3115	#FFFFFF	#D3D3D3	18
3116	#DA4F8C	#242424	3
3117	#FFFFFF	#D3D3D3	74
3118	#FFFFFF	#D3D3D3	74
3119	#FFFFFF	#D3D3D3	74
3120	#FFFFFF	#D3D3D3	74
3121	#FFFFFF	#D3D3D3	18
3122	#FFFFFF	#D3D3D3	18
3123	#FFFFFF	#D3D3D3	18
3124	#FFFFFF	#D3D3D3	112
3125	#FFFFFF	#D3D3D3	112
3126	#FFFFFF	#D3D3D3	112
3127	#DA4F8C	#242424	3
3128	#DA4F8C	#242424	3
3129	#CD1076	#000000	38
3130	#CD1076	#000000	38
3131	#CD1076	#000000	38
3133	#CE1B78	#050505	61
3134	#CE1B78	#050505	61
3135	#CD1076	#000000	38
3136	#DA4F8C	#242424	3
3137	#FFFFFF	#D3D3D3	13
3138	#FFFFFF	#D3D3D3	13
3139	#FFFFFF	#D3D3D3	13
3140	#FFFFFF	#D3D3D3	60
3141	#FFFFFF	#D3D3D3	58
3142	#FFFFFF	#D3D3D3	58
3143	#FFFFFF	#D3D3D3	58
3144	#FFFFFF	#D3D3D3	58
3145	#CE1B78	#050505	61
3146	#FFFFFF	#D3D3D3	58
3147	#FFFFFF	#D3D3D3	58
3148	#FFFFFF	#D3D3D3	60
3149	#FFFFFF	#D3D3D3	60
3150	#FFFFFF	#D3D3D3	60
3151	#FFFFFF	#D3D3D3	60
3152	#FFFFFF	#D3D3D3	60
3153	#FFFFFF	#D3D3D3	60
3154	#FFFFFF	#D3D3D3	60
3155	#FFFFFF	#D3D3D3	118
3156	#DA4F8C	#242424	3
3157	#FFFFFF	#D3D3D3	118
3158	#FFFFFF	#D3D3D3	118
3159	#FFFFFF	#D3D3D3	118
3160	#FFFFFF	#D3D3D3	18
3161	#FFFFFF	#D3D3D3	18
3162	#FFFFFF	#D3D3D3	18
3163	#FFFFFF	#D3D3D3	18
3164	#FFFFFF	#D3D3D3	18
3165	#FFFFFF	#D3D3D3	18
3166	#FFFFFF	#D3D3D3	18
3167	#DA4F8C	#242424	3
3168	#FFFFFF	#D3D3D3	74
3169	#FFFFFF	#D3D3D3	74
3170	#FFFFFF	#D3D3D3	74
3171	#FFFFFF	#D3D3D3	18
3172	#FFFFFF	#D3D3D3	18
3173	#FFFFFF	#D3D3D3	18
3174	#FFFFFF	#D3D3D3	18
3175	#FFFFFF	#D3D3D3	18
3176	#FFFFFF	#D3D3D3	112
3177	#DA4F8C	#242424	3
3178	#DA4F8C	#242424	3
3179	#CD1076	#000000	38
3180	#CD1076	#000000	38
3181	#CD1076	#000000	38
3183	#CD1076	#000000	103
3184	#CE1B78	#050505	61
3185	#DA4F8C	#242424	3
3186	#DA4F8C	#242424	3
3187	#FFFFFF	#D3D3D3	13
3188	#FFFFFF	#D3D3D3	13
3189	#FFFFFF	#D3D3D3	13
3190	#FFFFFF	#D3D3D3	60
3191	#FFFFFF	#D3D3D3	60
3192	#FFFFFF	#D3D3D3	58
3193	#FFFFFF	#D3D3D3	58
3194	#FFFFFF	#D3D3D3	58
3195	#CE1B78	#050505	61
3196	#FFFFFF	#D3D3D3	58
3197	#FFFFFF	#D3D3D3	58
3198	#FFFFFF	#D3D3D3	58
3199	#FFFFFF	#D3D3D3	60
3200	#FFFFFF	#D3D3D3	60
3201	#FFFFFF	#D3D3D3	60
3202	#FFFFFF	#D3D3D3	60
3203	#FFFFFF	#D3D3D3	60
3204	#FFFFFF	#D3D3D3	60
3205	#FFFFFF	#D3D3D3	10
3206	#CE1B78	#050505	61
3207	#FFFFFF	#D3D3D3	118
3208	#FFFFFF	#D3D3D3	118
3209	#FFFFFF	#D3D3D3	118
3210	#FFFFFF	#D3D3D3	118
3211	#FFFFFF	#D3D3D3	18
3212	#FFFFFF	#D3D3D3	18
3213	#FFFFFF	#D3D3D3	18
3214	#FFFFFF	#D3D3D3	18
3215	#FFFFFF	#D3D3D3	18
3216	#FFFFFF	#D3D3D3	18
3217	#DA4F8C	#242424	3
3218	#FFFFFF	#D3D3D3	18
3219	#FFFFFF	#D3D3D3	74
3220	#FFFFFF	#D3D3D3	74
3221	#FFFFFF	#D3D3D3	18
3222	#FFFFFF	#D3D3D3	18
3223	#FFFFFF	#D3D3D3	18
3224	#FFFFFF	#D3D3D3	18
3225	#FFFFFF	#D3D3D3	18
3226	#FFFFFF	#D3D3D3	18
3227	#FFFFFF	#D3D3D3	112
3228	#DA4F8C	#242424	3
3229	#DA4F8C	#242424	3
3230	#CD1076	#000000	38
3231	#CD1076	#000000	38
3232	#CD1076	#000000	38
3234	#CD1076	#000000	103
3235	#CE1B78	#050505	61
3236	#DA4F8C	#242424	3
3237	#FFFFFF	#D3D3D3	13
3238	#FFFFFF	#D3D3D3	13
3239	#FFFFFF	#D3D3D3	13
3240	#FFFFFF	#D3D3D3	60
3241	#FFFFFF	#D3D3D3	58
3242	#FFFFFF	#D3D3D3	58
3243	#FFFFFF	#D3D3D3	58
3244	#FFFFFF	#D3D3D3	58
3245	#FFFFFF	#D3D3D3	58
3246	#CE1B78	#050505	61
3247	#FFFFFF	#D3D3D3	58
3248	#FFFFFF	#D3D3D3	58
3249	#FFFFFF	#D3D3D3	60
3250	#FFFFFF	#D3D3D3	60
3251	#FFFFFF	#D3D3D3	60
3252	#FFFFFF	#D3D3D3	60
3253	#FFFFFF	#D3D3D3	60
3254	#FFFFFF	#D3D3D3	60
3255	#FFFFFF	#D3D3D3	10
3256	#FFFFFF	#D3D3D3	10
3257	#DA4F8C	#242424	3
3258	#FFFFFF	#D3D3D3	118
3259	#FFFFFF	#D3D3D3	118
3260	#FFFFFF	#D3D3D3	118
3261	#FFFFFF	#D3D3D3	118
3262	#FFFFFF	#D3D3D3	18
3263	#FFFFFF	#D3D3D3	18
3264	#FFFFFF	#D3D3D3	18
3265	#FFFFFF	#D3D3D3	18
3266	#FFFFFF	#D3D3D3	18
3267	#FFFFFF	#D3D3D3	18
3268	#DA4F8C	#242424	3
3269	#FFFFFF	#D3D3D3	18
3270	#FFFFFF	#D3D3D3	74
3271	#FFFFFF	#D3D3D3	18
3272	#FFFFFF	#D3D3D3	18
3273	#FFFFFF	#D3D3D3	18
3274	#FFFFFF	#D3D3D3	18
3275	#FFFFFF	#D3D3D3	18
3276	#FFFFFF	#D3D3D3	18
3277	#FFFFFF	#D3D3D3	112
3278	#DA4F8C	#242424	3
3279	#CD1076	#000000	38
3280	#CD1076	#000000	38
3281	#CD1076	#000000	38
3282	#DA4F8C	#242424	3
3284	#CD1076	#000000	103
3285	#CE1B78	#050505	61
3286	#DA4F8C	#242424	3
3287	#FFFFFF	#D3D3D3	13
3288	#FFFFFF	#D3D3D3	13
3289	#FFFFFF	#D3D3D3	13
3290	#FFFFFF	#D3D3D3	60
3291	#FFFFFF	#D3D3D3	58
3292	#FFFFFF	#D3D3D3	58
3293	#FFFFFF	#D3D3D3	58
3294	#FFFFFF	#D3D3D3	58
3295	#FFFFFF	#D3D3D3	58
3296	#CE1B78	#050505	61
3297	#FFFFFF	#D3D3D3	58
3298	#FFFFFF	#D3D3D3	58
3299	#FFFFFF	#D3D3D3	60
3300	#FFFFFF	#D3D3D3	60
3301	#FFFFFF	#D3D3D3	60
3302	#FFFFFF	#D3D3D3	60
3303	#FFFFFF	#D3D3D3	60
3304	#FFFFFF	#D3D3D3	60
3305	#FFFFFF	#D3D3D3	10
3306	#FFFFFF	#D3D3D3	10
3307	#CE1B78	#050505	61
3308	#FFFFFF	#D3D3D3	118
3309	#FFFFFF	#D3D3D3	118
3310	#FFFFFF	#D3D3D3	118
3311	#FFFFFF	#D3D3D3	118
3312	#FFFFFF	#D3D3D3	118
3313	#FFFFFF	#D3D3D3	18
3314	#FFFFFF	#D3D3D3	18
3315	#FFFFFF	#D3D3D3	18
3316	#FFFFFF	#D3D3D3	18
3317	#FFFFFF	#D3D3D3	18
3318	#DA4F8C	#242424	3
3319	#FFFFFF	#D3D3D3	18
3320	#FFFFFF	#D3D3D3	18
3321	#FFFFFF	#D3D3D3	18
3322	#FFFFFF	#D3D3D3	18
3323	#FFFFFF	#D3D3D3	18
3324	#FFFFFF	#D3D3D3	18
3325	#FFFFFF	#D3D3D3	18
3326	#FFFFFF	#D3D3D3	18
3327	#FFFFFF	#D3D3D3	18
3328	#FFFFFF	#D3D3D3	112
3329	#DA4F8C	#242424	3
3330	#CD1076	#000000	38
3331	#CD1076	#000000	38
3332	#CD1076	#000000	38
3333	#CD1076	#000000	38
3335	#CE1B78	#050505	61
3336	#CE1B78	#050505	61
3337	#FFFFFF	#D3D3D3	13
3338	#FFFFFF	#D3D3D3	13
3339	#FFFFFF	#D3D3D3	13
3340	#FFFFFF	#D3D3D3	60
3341	#FFFFFF	#D3D3D3	58
3342	#FFFFFF	#D3D3D3	58
3343	#FFFFFF	#D3D3D3	58
3344	#FFFFFF	#D3D3D3	58
3345	#FFFFFF	#D3D3D3	58
3346	#FFFFFF	#D3D3D3	58
3347	#CE1B78	#050505	61
3348	#FFFFFF	#D3D3D3	58
3349	#FFFFFF	#D3D3D3	60
3350	#FFFFFF	#D3D3D3	60
3351	#FFFFFF	#D3D3D3	60
3352	#FFFFFF	#D3D3D3	60
3353	#FFFFFF	#D3D3D3	60
3354	#FFFFFF	#D3D3D3	60
3355	#FFFFFF	#D3D3D3	10
3356	#FFFFFF	#D3D3D3	10
3357	#FFFFFF	#D3D3D3	10
3358	#CE1B78	#050505	61
3359	#FFFFFF	#D3D3D3	10
3360	#FFFFFF	#D3D3D3	118
3361	#FFFFFF	#D3D3D3	10
3362	#FFFFFF	#D3D3D3	118
3363	#FFFFFF	#D3D3D3	118
3364	#FFFFFF	#D3D3D3	18
3365	#FFFFFF	#D3D3D3	18
3366	#FFFFFF	#D3D3D3	18
3367	#FFFFFF	#D3D3D3	18
3368	#FFFFFF	#D3D3D3	18
3369	#DA4F8C	#242424	3
3370	#FFFFFF	#D3D3D3	18
3371	#FFFFFF	#D3D3D3	18
3372	#FFFFFF	#D3D3D3	18
3373	#FFFFFF	#D3D3D3	18
3374	#FFFFFF	#D3D3D3	18
3375	#FFFFFF	#D3D3D3	18
3376	#FFFFFF	#D3D3D3	18
3377	#FFFFFF	#D3D3D3	18
3378	#FFFFFF	#D3D3D3	18
3379	#CD1076	#000000	38
3380	#CD1076	#000000	38
3381	#CD1076	#000000	38
3382	#CD1076	#000000	38
3383	#DA4F8C	#242424	3
3385	#F4B2C9	#7D7D7D	42
3386	#DA4F8C	#242424	3
3387	#FFFFFF	#D3D3D3	69
3388	#FFFFFF	#D3D3D3	69
3389	#FFFFFF	#D3D3D3	69
3390	#FEF8FA	#CBCBCB	19
3391	#FEF8FA	#CBCBCB	19
3392	#FEF8FA	#CBCBCB	19
3393	#FEF8FA	#CBCBCB	19
3394	#FEF8FA	#CBCBCB	19
3395	#FEF8FA	#CBCBCB	19
3396	#FEF8FA	#CBCBCB	19
3397	#DA4F8C	#242424	3
3398	#FEF8FA	#CBCBCB	19
3399	#FEF8FA	#CBCBCB	19
3400	#FEF8FA	#CBCBCB	19
3401	#FFFFFF	#D3D3D3	69
3402	#FFFFFF	#D3D3D3	69
3403	#FFFFFF	#D3D3D3	34
3404	#FFFFFF	#D3D3D3	34
3405	#FFFFFF	#D3D3D3	64
3406	#FFFFFF	#D3D3D3	64
3407	#FFFFFF	#D3D3D3	2
3408	#DA4F8C	#242424	3
3409	#FFFFFF	#D3D3D3	85
3419	#DA4F8C	#242424	3
3428	#FFFFFF	#D3D3D3	2
3429	#FFFFFF	#D3D3D3	2
3430	#DD5991	#2B2B2B	11
3431	#DD5991	#2B2B2B	11
3432	#DD5991	#2B2B2B	11
3433	#FFFFFF	#D3D3D3	69
3434	#FFFFFF	#D3D3D3	69
3436	#F4B2C9	#7D7D7D	42
3437	#DA4F8C	#242424	3
3438	#FFFFFF	#D3D3D3	69
3439	#FFFFFF	#D3D3D3	69
3440	#FFFFFF	#D3D3D3	69
3441	#FEF8FA	#CBCBCB	19
3442	#FEF8FA	#CBCBCB	19
3443	#FEF8FA	#CBCBCB	19
3444	#FEF8FA	#CBCBCB	19
3445	#FEF8FA	#CBCBCB	19
3446	#FEF8FA	#CBCBCB	19
3447	#FEF8FA	#CBCBCB	19
3448	#DA4F8C	#242424	3
3449	#FEF8FA	#CBCBCB	19
3450	#FEF8FA	#CBCBCB	19
3451	#FEF8FA	#CBCBCB	19
3452	#FFFFFF	#D3D3D3	69
3453	#FFFFFF	#D3D3D3	69
3454	#FFFFFF	#D3D3D3	34
3455	#FFFFFF	#D3D3D3	34
3456	#FFFFFF	#D3D3D3	64
3458	#FFFFFF	#D3D3D3	2
3459	#DA4F8C	#242424	3
3460	#FFFFFF	#D3D3D3	85
3470	#DA4F8C	#242424	3
3479	#FFFFFF	#D3D3D3	2
3480	#DD5991	#2B2B2B	11
3481	#DD5991	#2B2B2B	11
3482	#DD5991	#2B2B2B	11
3483	#FFFFFF	#D3D3D3	69
3484	#FFFFFF	#D3D3D3	69
3486	#CD1076	#000000	96
3487	#CE1B78	#050505	61
3488	#FFFFFF	#D3D3D3	13
3489	#FFFFFF	#D3D3D3	13
3490	#FFFFFF	#D3D3D3	13
3491	#FFFFFF	#D3D3D3	60
3492	#FFFFFF	#D3D3D3	58
3493	#FFFFFF	#D3D3D3	58
3494	#FFFFFF	#D3D3D3	58
3495	#FFFFFF	#D3D3D3	58
3496	#FFFFFF	#D3D3D3	58
3497	#FFFFFF	#D3D3D3	58
3498	#CE1B78	#050505	61
3499	#FFFFFF	#D3D3D3	58
3500	#FFFFFF	#D3D3D3	60
3501	#FFFFFF	#D3D3D3	60
3502	#FFFFFF	#D3D3D3	60
3503	#FFFFFF	#D3D3D3	60
3504	#FFFFFF	#D3D3D3	60
3505	#FFFFFF	#D3D3D3	60
3506	#FFFFFF	#D3D3D3	10
3507	#FFFFFF	#D3D3D3	10
3508	#FFFFFF	#D3D3D3	10
3509	#CE1B78	#050505	61
3510	#FFFFFF	#D3D3D3	10
3511	#FFFFFF	#D3D3D3	10
3512	#FFFFFF	#D3D3D3	10
3513	#FFFFFF	#D3D3D3	10
3514	#FFFFFF	#D3D3D3	118
3515	#FFFFFF	#D3D3D3	118
3516	#FFFFFF	#D3D3D3	18
3517	#FFFFFF	#D3D3D3	18
3518	#FFFFFF	#D3D3D3	18
3519	#FFFFFF	#D3D3D3	18
3520	#DA4F8C	#242424	3
3521	#FFFFFF	#D3D3D3	18
3522	#FFFFFF	#D3D3D3	18
3523	#FFFFFF	#D3D3D3	18
3524	#FFFFFF	#D3D3D3	18
3525	#FFFFFF	#D3D3D3	18
3526	#FFFFFF	#D3D3D3	18
3527	#FFFFFF	#D3D3D3	18
3528	#FFFFFF	#D3D3D3	18
3529	#FFFFFF	#D3D3D3	18
3530	#FFFFFF	#D3D3D3	18
3531	#DA4F8C	#242424	3
3532	#CD1076	#000000	38
3533	#CD1076	#000000	38
3534	#DA4F8C	#242424	3
3535	#DA4F8C	#242424	3
3537	#CD1076	#000000	96
3538	#CE1B78	#050505	61
3539	#FFFFFF	#D3D3D3	13
3540	#FFFFFF	#D3D3D3	13
3541	#FFFFFF	#D3D3D3	60
3542	#FFFFFF	#D3D3D3	58
3543	#FFFFFF	#D3D3D3	58
3544	#FFFFFF	#D3D3D3	58
3545	#FFFFFF	#D3D3D3	58
3546	#FFFFFF	#D3D3D3	58
3547	#FFFFFF	#D3D3D3	58
3548	#FFFFFF	#D3D3D3	58
3549	#CE1B78	#050505	61
3550	#FFFFFF	#D3D3D3	60
3551	#FFFFFF	#D3D3D3	60
3552	#FFFFFF	#D3D3D3	60
3553	#FFFFFF	#D3D3D3	60
3554	#FFFFFF	#D3D3D3	60
3555	#FFFFFF	#D3D3D3	60
3556	#FFFFFF	#D3D3D3	10
3557	#FFFFFF	#D3D3D3	10
3558	#FFFFFF	#D3D3D3	10
3559	#FFFFFF	#D3D3D3	10
3560	#CE1B78	#050505	61
3561	#FFFFFF	#D3D3D3	10
3562	#FFFFFF	#D3D3D3	10
3563	#FFFFFF	#D3D3D3	10
3564	#FFFFFF	#D3D3D3	10
3565	#FFFFFF	#D3D3D3	118
3566	#FFFFFF	#D3D3D3	118
3567	#FFFFFF	#D3D3D3	18
3568	#FFFFFF	#D3D3D3	18
3569	#FFFFFF	#D3D3D3	18
3570	#FFFFFF	#D3D3D3	18
3571	#DA4F8C	#242424	3
3572	#FFFFFF	#D3D3D3	18
3573	#FFFFFF	#D3D3D3	18
3574	#FFFFFF	#D3D3D3	18
3575	#FFFFFF	#D3D3D3	18
3576	#FFFFFF	#D3D3D3	18
3577	#FFFFFF	#D3D3D3	18
3578	#FFFFFF	#D3D3D3	18
3579	#FFFFFF	#D3D3D3	18
3580	#FFFFFF	#D3D3D3	18
3581	#DA4F8C	#242424	3
3582	#CD1076	#000000	38
3583	#DA4F8C	#242424	3
3584	#DA4F8C	#242424	3
3585	#FFFFFF	#D3D3D3	13
3587	#CD1076	#000000	96
3588	#CE1B78	#050505	61
3589	#FFFFFF	#D3D3D3	13
3590	#FFFFFF	#D3D3D3	13
3591	#FFFFFF	#D3D3D3	60
3592	#FFFFFF	#D3D3D3	58
3593	#FFFFFF	#D3D3D3	58
3594	#FFFFFF	#D3D3D3	58
3595	#FFFFFF	#D3D3D3	58
3596	#FFFFFF	#D3D3D3	58
3597	#FFFFFF	#D3D3D3	58
3598	#FFFFFF	#D3D3D3	60
3599	#CE1B78	#050505	61
3600	#FFFFFF	#D3D3D3	60
3601	#FFFFFF	#D3D3D3	60
3602	#FFFFFF	#D3D3D3	60
3603	#FFFFFF	#D3D3D3	60
3604	#FFFFFF	#D3D3D3	60
3605	#FFFFFF	#D3D3D3	60
3606	#FFFFFF	#D3D3D3	10
3607	#FFFFFF	#D3D3D3	10
3608	#FFFFFF	#D3D3D3	10
3609	#FFFFFF	#D3D3D3	10
3610	#CE1B78	#050505	61
3611	#FFFFFF	#D3D3D3	10
3612	#FFFFFF	#D3D3D3	10
3613	#FFFFFF	#D3D3D3	10
3614	#FFFFFF	#D3D3D3	10
3615	#FFFFFF	#D3D3D3	10
3616	#FFFFFF	#D3D3D3	118
3617	#FFFFFF	#D3D3D3	118
3618	#FFFFFF	#D3D3D3	18
3619	#FFFFFF	#D3D3D3	18
3620	#FFFFFF	#D3D3D3	18
3621	#DA4F8C	#242424	3
3622	#FFFFFF	#D3D3D3	18
3623	#FFFFFF	#D3D3D3	18
3624	#FFFFFF	#D3D3D3	18
3625	#FFFFFF	#D3D3D3	18
3626	#FFFFFF	#D3D3D3	18
3627	#FFFFFF	#D3D3D3	18
3628	#FFFFFF	#D3D3D3	18
3629	#FFFFFF	#D3D3D3	18
3630	#FFFFFF	#D3D3D3	132
3631	#FFFFFF	#D3D3D3	18
3632	#DA4F8C	#242424	3
3633	#DA4F8C	#242424	3
3634	#DA4F8C	#242424	3
3635	#DA4F8C	#242424	3
3636	#FFFFFF	#D3D3D3	13
3638	#CD1076	#000000	96
3639	#CE1B78	#050505	61
3640	#FFFFFF	#D3D3D3	13
3641	#FFFFFF	#D3D3D3	60
3642	#FFFFFF	#D3D3D3	60
3643	#FFFFFF	#D3D3D3	58
3644	#FFFFFF	#D3D3D3	58
3645	#FFFFFF	#D3D3D3	58
3646	#FFFFFF	#D3D3D3	58
3647	#FFFFFF	#D3D3D3	58
3648	#FFFFFF	#D3D3D3	58
3649	#FFFFFF	#D3D3D3	60
3650	#CE1B78	#050505	61
3651	#FFFFFF	#D3D3D3	60
3652	#FFFFFF	#D3D3D3	60
3653	#FFFFFF	#D3D3D3	60
3654	#FFFFFF	#D3D3D3	60
3655	#FFFFFF	#D3D3D3	60
3656	#FFFFFF	#D3D3D3	10
3657	#FFFFFF	#D3D3D3	10
3658	#FFFFFF	#D3D3D3	10
3659	#FFFFFF	#D3D3D3	10
3660	#FFFFFF	#D3D3D3	10
3661	#DA4F8C	#242424	3
3662	#FFFFFF	#D3D3D3	10
3663	#FFFFFF	#D3D3D3	10
3664	#FFFFFF	#D3D3D3	10
3665	#FFFFFF	#D3D3D3	10
3666	#FFFFFF	#D3D3D3	10
3667	#FFFFFF	#D3D3D3	118
3668	#FFFFFF	#D3D3D3	118
3669	#FFFFFF	#D3D3D3	18
3670	#FFFFFF	#D3D3D3	18
3671	#FFFFFF	#D3D3D3	18
3672	#DA4F8C	#242424	3
3673	#FFFFFF	#D3D3D3	18
3674	#FFFFFF	#D3D3D3	18
3675	#FFFFFF	#D3D3D3	18
3676	#FFFFFF	#D3D3D3	18
3677	#FFFFFF	#D3D3D3	18
3678	#FFFFFF	#D3D3D3	18
3679	#FFFFFF	#D3D3D3	18
3680	#FFFFFF	#D3D3D3	132
3681	#FFFFFF	#D3D3D3	132
3682	#DA4F8C	#242424	3
3683	#DA4F8C	#242424	3
3684	#DA4F8C	#242424	3
3685	#FFFFFF	#D3D3D3	13
3686	#FFFFFF	#D3D3D3	13
3688	#CD1076	#000000	96
3689	#CE1B78	#050505	61
3690	#FFFFFF	#D3D3D3	13
3691	#FFFFFF	#D3D3D3	60
3692	#FFFFFF	#D3D3D3	58
3693	#FFFFFF	#D3D3D3	58
3694	#FFFFFF	#D3D3D3	58
3695	#FFFFFF	#D3D3D3	58
3696	#FFFFFF	#D3D3D3	58
3697	#FFFFFF	#D3D3D3	58
3698	#FFFFFF	#D3D3D3	58
3699	#FFFFFF	#D3D3D3	60
3700	#CE1B78	#050505	61
3701	#FFFFFF	#D3D3D3	60
3702	#FFFFFF	#D3D3D3	60
3703	#FFFFFF	#D3D3D3	60
3704	#FFFFFF	#D3D3D3	60
3705	#FFFFFF	#D3D3D3	60
3706	#FFFFFF	#D3D3D3	10
3707	#FFFFFF	#D3D3D3	10
3708	#FFFFFF	#D3D3D3	10
3709	#FFFFFF	#D3D3D3	10
3710	#FFFFFF	#D3D3D3	10
3711	#DA4F8C	#242424	3
3712	#FFFFFF	#D3D3D3	10
3713	#FFFFFF	#D3D3D3	10
3714	#FFFFFF	#D3D3D3	10
3715	#FFFFFF	#D3D3D3	10
3716	#FFFFFF	#D3D3D3	10
3717	#FFFFFF	#D3D3D3	10
3718	#FFFFFF	#D3D3D3	118
3719	#FFFFFF	#D3D3D3	118
3720	#FFFFFF	#D3D3D3	18
3721	#FFFFFF	#D3D3D3	18
3722	#DA4F8C	#242424	3
3723	#FFFFFF	#D3D3D3	18
3724	#FFFFFF	#D3D3D3	18
3725	#FFFFFF	#D3D3D3	18
3726	#FFFFFF	#D3D3D3	18
3727	#FFFFFF	#D3D3D3	18
3728	#FFFFFF	#D3D3D3	18
3729	#FFFFFF	#D3D3D3	18
3730	#FFFFFF	#D3D3D3	132
3731	#FFFFFF	#D3D3D3	132
3732	#FFFFFF	#D3D3D3	132
3733	#DA4F8C	#242424	3
3734	#DA4F8C	#242424	3
3735	#DA4F8C	#242424	3
3736	#FFFFFF	#D3D3D3	13
3737	#FFFFFF	#D3D3D3	13
3739	#CD1076	#000000	96
3740	#CE1B78	#050505	61
3741	#FFFFFF	#D3D3D3	13
3742	#FFFFFF	#D3D3D3	58
3743	#FFFFFF	#D3D3D3	58
3744	#FFFFFF	#D3D3D3	58
3745	#FFFFFF	#D3D3D3	58
3746	#FFFFFF	#D3D3D3	58
3747	#FFFFFF	#D3D3D3	58
3748	#FFFFFF	#D3D3D3	58
3749	#FFFFFF	#D3D3D3	60
3750	#FFFFFF	#D3D3D3	60
3751	#CE1B78	#050505	61
3752	#FFFFFF	#D3D3D3	60
3753	#FFFFFF	#D3D3D3	60
3754	#FFFFFF	#D3D3D3	60
3755	#FFFFFF	#D3D3D3	60
3756	#FFFFFF	#D3D3D3	10
3757	#FFFFFF	#D3D3D3	10
3758	#FFFFFF	#D3D3D3	10
3759	#FFFFFF	#D3D3D3	10
3760	#FFFFFF	#D3D3D3	10
3761	#FFFFFF	#D3D3D3	10
3762	#DA4F8C	#242424	3
3763	#FFFFFF	#D3D3D3	10
3764	#FFFFFF	#D3D3D3	10
3765	#FFFFFF	#D3D3D3	10
3766	#FFFFFF	#D3D3D3	10
3767	#FFFFFF	#D3D3D3	10
3768	#FFFFFF	#D3D3D3	10
3769	#FFFFFF	#D3D3D3	118
3770	#FFFFFF	#D3D3D3	118
3771	#FFFFFF	#D3D3D3	18
3772	#FFFFFF	#D3D3D3	18
3773	#DA4F8C	#242424	3
3774	#FFFFFF	#D3D3D3	18
3775	#FFFFFF	#D3D3D3	18
3776	#FFFFFF	#D3D3D3	18
3777	#FFFFFF	#D3D3D3	18
3778	#FFFFFF	#D3D3D3	18
3779	#FFFFFF	#D3D3D3	18
3780	#FFFFFF	#D3D3D3	132
3781	#FFFFFF	#D3D3D3	132
3782	#FFFFFF	#D3D3D3	132
3783	#DA4F8C	#242424	3
3784	#DA4F8C	#242424	3
3785	#FFFFFF	#D3D3D3	13
3786	#FFFFFF	#D3D3D3	13
3787	#FFFFFF	#D3D3D3	13
3789	#CD1076	#000000	96
3790	#CE1B78	#050505	61
3791	#FFFFFF	#D3D3D3	13
3792	#FFFFFF	#D3D3D3	106
3793	#FFFFFF	#D3D3D3	58
3794	#FFFFFF	#D3D3D3	58
3795	#FFFFFF	#D3D3D3	58
3796	#FFFFFF	#D3D3D3	58
3797	#FFFFFF	#D3D3D3	58
3798	#FFFFFF	#D3D3D3	58
3799	#FFFFFF	#D3D3D3	60
3800	#FFFFFF	#D3D3D3	60
3801	#CE1B78	#050505	61
3802	#FFFFFF	#D3D3D3	60
3803	#FFFFFF	#D3D3D3	60
3804	#FFFFFF	#D3D3D3	60
3805	#FFFFFF	#D3D3D3	60
3806	#FFFFFF	#D3D3D3	10
3807	#FFFFFF	#D3D3D3	10
3808	#FFFFFF	#D3D3D3	10
3809	#FFFFFF	#D3D3D3	10
3810	#FFFFFF	#D3D3D3	10
3811	#FFFFFF	#D3D3D3	10
3812	#CE1B78	#050505	61
3813	#FFFFFF	#D3D3D3	10
3814	#FFFFFF	#D3D3D3	10
3815	#FFFFFF	#D3D3D3	10
3816	#FFFFFF	#D3D3D3	10
3817	#FFFFFF	#D3D3D3	10
3818	#FFFFFF	#D3D3D3	10
3819	#FFFFFF	#D3D3D3	10
3820	#FFFFFF	#D3D3D3	118
3821	#FFFFFF	#D3D3D3	118
3822	#FFFFFF	#D3D3D3	18
3823	#DA4F8C	#242424	3
3824	#FFFFFF	#D3D3D3	18
3825	#FFFFFF	#D3D3D3	18
3826	#FFFFFF	#D3D3D3	18
3827	#FFFFFF	#D3D3D3	18
3828	#FFFFFF	#D3D3D3	18
3829	#FFFFFF	#D3D3D3	18
3830	#FFFFFF	#D3D3D3	132
3831	#FFFFFF	#D3D3D3	132
3832	#FFFFFF	#D3D3D3	132
3833	#FFFFFF	#D3D3D3	18
3834	#DA4F8C	#242424	3
3835	#DA4F8C	#242424	3
3836	#FFFFFF	#D3D3D3	13
3837	#FFFFFF	#D3D3D3	13
3838	#FFFFFF	#D3D3D3	13
3840	#CD1076	#000000	96
3841	#CE1B78	#050505	61
3842	#FFFFFF	#D3D3D3	106
3843	#FFFFFF	#D3D3D3	106
3844	#FFFFFF	#D3D3D3	58
3845	#FFFFFF	#D3D3D3	58
3846	#FFFFFF	#D3D3D3	58
3847	#FFFFFF	#D3D3D3	58
3848	#FFFFFF	#D3D3D3	58
3849	#FFFFFF	#D3D3D3	60
3850	#FFFFFF	#D3D3D3	60
3851	#FFFFFF	#D3D3D3	60
3852	#CE1B78	#050505	61
3853	#FFFFFF	#D3D3D3	60
3854	#FFFFFF	#D3D3D3	60
3855	#FFFFFF	#D3D3D3	60
3856	#FFFFFF	#D3D3D3	10
3857	#FFFFFF	#D3D3D3	10
3858	#FFFFFF	#D3D3D3	10
3859	#FFFFFF	#D3D3D3	10
3860	#FFFFFF	#D3D3D3	94
3861	#FFFFFF	#D3D3D3	10
3862	#FFFFFF	#D3D3D3	10
3863	#CE1B78	#050505	61
3864	#FFFFFF	#D3D3D3	10
3865	#FFFFFF	#D3D3D3	10
3866	#FFFFFF	#D3D3D3	10
3867	#FFFFFF	#D3D3D3	10
3868	#FFFFFF	#D3D3D3	10
3869	#FFFFFF	#D3D3D3	10
3870	#FFFFFF	#D3D3D3	10
3871	#FFFFFF	#D3D3D3	118
3872	#FFFFFF	#D3D3D3	118
3873	#FFFFFF	#D3D3D3	18
3874	#DA4F8C	#242424	3
3875	#FFFFFF	#D3D3D3	18
3876	#FFFFFF	#D3D3D3	18
3877	#FFFFFF	#D3D3D3	18
3878	#FFFFFF	#D3D3D3	18
3879	#FFFFFF	#D3D3D3	18
3880	#FFFFFF	#D3D3D3	18
3881	#FFFFFF	#D3D3D3	132
3882	#FFFFFF	#D3D3D3	132
3883	#FFFFFF	#D3D3D3	18
3884	#DA4F8C	#242424	3
3885	#FFFFFF	#D3D3D3	13
3886	#FFFFFF	#D3D3D3	13
3887	#FFFFFF	#D3D3D3	13
3888	#FFFFFF	#D3D3D3	13
3890	#CD1076	#000000	96
3891	#CE1B78	#050505	61
3892	#FFFFFF	#D3D3D3	106
3893	#FFFFFF	#D3D3D3	60
3894	#FFFFFF	#D3D3D3	60
3895	#FFFFFF	#D3D3D3	58
3896	#FFFFFF	#D3D3D3	58
3897	#FFFFFF	#D3D3D3	58
3898	#FFFFFF	#D3D3D3	58
3899	#FFFFFF	#D3D3D3	60
3900	#FFFFFF	#D3D3D3	60
3901	#FFFFFF	#D3D3D3	60
3902	#CE1B78	#050505	61
3903	#FFFFFF	#D3D3D3	60
3904	#FFFFFF	#D3D3D3	60
3905	#FFFFFF	#D3D3D3	60
3906	#FFFFFF	#D3D3D3	10
3907	#FFFFFF	#D3D3D3	10
3908	#FFFFFF	#D3D3D3	10
3909	#FFFFFF	#D3D3D3	10
3910	#FFFFFF	#D3D3D3	94
3911	#FFFFFF	#D3D3D3	94
3912	#FFFFFF	#D3D3D3	10
3913	#CE1B78	#050505	61
3914	#FFFFFF	#D3D3D3	10
3915	#FFFFFF	#D3D3D3	10
3916	#FFFFFF	#D3D3D3	10
3917	#FFFFFF	#D3D3D3	10
3918	#FFFFFF	#D3D3D3	10
3919	#FFFFFF	#D3D3D3	10
3920	#FFFFFF	#D3D3D3	10
3921	#FFFFFF	#D3D3D3	10
3922	#FFFFFF	#D3D3D3	118
3923	#FFFFFF	#D3D3D3	118
3924	#CE1B78	#050505	61
3925	#FFFFFF	#D3D3D3	18
3926	#FFFFFF	#D3D3D3	18
3927	#FFFFFF	#D3D3D3	18
3928	#FFFFFF	#D3D3D3	18
3929	#FFFFFF	#D3D3D3	18
3930	#FFFFFF	#D3D3D3	18
3931	#FFFFFF	#D3D3D3	18
3932	#FFFFFF	#D3D3D3	132
3933	#FFFFFF	#D3D3D3	18
3934	#FFFFFF	#D3D3D3	18
3935	#DA4F8C	#242424	3
3936	#FFFFFF	#D3D3D3	13
3937	#FFFFFF	#D3D3D3	13
3938	#FFFFFF	#D3D3D3	13
3939	#FFFFFF	#D3D3D3	13
3941	#CE1B78	#050505	61
3942	#CE1B78	#050505	61
3943	#FFFFFF	#D3D3D3	60
3944	#FFFFFF	#D3D3D3	60
3945	#FFFFFF	#D3D3D3	60
3946	#FFFFFF	#D3D3D3	58
3947	#FFFFFF	#D3D3D3	58
3948	#FFFFFF	#D3D3D3	58
3949	#FFFFFF	#D3D3D3	60
3950	#FFFFFF	#D3D3D3	60
3951	#FFFFFF	#D3D3D3	60
3952	#FFFFFF	#D3D3D3	60
3953	#CE1B78	#050505	61
3954	#FFFFFF	#D3D3D3	60
3955	#FFFFFF	#D3D3D3	60
3956	#FFFFFF	#D3D3D3	10
3957	#FFFFFF	#D3D3D3	10
3958	#FFFFFF	#D3D3D3	10
3959	#FFFFFF	#D3D3D3	10
3960	#FFFFFF	#D3D3D3	10
3961	#FFFFFF	#D3D3D3	94
3962	#FFFFFF	#D3D3D3	94
3963	#FFFFFF	#D3D3D3	10
3964	#CE1B78	#050505	61
3965	#FFFFFF	#D3D3D3	10
3966	#FFFFFF	#D3D3D3	10
3967	#FFFFFF	#D3D3D3	10
3968	#FFFFFF	#D3D3D3	10
3969	#FFFFFF	#D3D3D3	10
3970	#FFFFFF	#D3D3D3	10
3971	#FFFFFF	#D3D3D3	10
3972	#FFFFFF	#D3D3D3	10
3973	#FFFFFF	#D3D3D3	118
3974	#FFFFFF	#D3D3D3	118
3975	#DA4F8C	#242424	3
3976	#FFFFFF	#D3D3D3	118
3977	#FFFFFF	#D3D3D3	18
3978	#FFFFFF	#D3D3D3	18
3979	#FFFFFF	#D3D3D3	18
3980	#FFFFFF	#D3D3D3	18
3981	#FFFFFF	#D3D3D3	18
3982	#FFFFFF	#D3D3D3	18
3983	#FFFFFF	#D3D3D3	18
3984	#FFFFFF	#D3D3D3	18
3985	#FFFFFF	#D3D3D3	13
3986	#FFFFFF	#D3D3D3	13
3987	#FFFFFF	#D3D3D3	13
3988	#FFFFFF	#D3D3D3	13
3989	#FFFFFF	#D3D3D3	106
3990	#FAD3DF	#A0A0A0	59
3991	#CE1B78	#050505	61
3992	#FFFFFF	#D3D3D3	106
3993	#FFFFFF	#D3D3D3	60
3994	#FFFFFF	#D3D3D3	60
3995	#FFFFFF	#D3D3D3	60
3996	#FFFFFF	#D3D3D3	58
3997	#FFFFFF	#D3D3D3	58
3998	#FFFFFF	#D3D3D3	60
3999	#FFFFFF	#D3D3D3	60
4000	#FFFFFF	#D3D3D3	60
4001	#FFFFFF	#D3D3D3	60
4002	#CE1B78	#050505	61
4003	#FFFFFF	#D3D3D3	60
4004	#FFFFFF	#D3D3D3	60
4005	#FFFFFF	#D3D3D3	10
4006	#FFFFFF	#D3D3D3	10
4007	#FFFFFF	#D3D3D3	10
4008	#FFFFFF	#D3D3D3	10
4009	#FFFFFF	#D3D3D3	94
4010	#FFFFFF	#D3D3D3	94
4011	#FFFFFF	#D3D3D3	94
4012	#FFFFFF	#D3D3D3	94
4013	#CE1B78	#050505	61
4014	#FFFFFF	#D3D3D3	10
4015	#FFFFFF	#D3D3D3	10
4016	#FFFFFF	#D3D3D3	10
4017	#FFFFFF	#D3D3D3	10
4018	#FFFFFF	#D3D3D3	10
4019	#FFFFFF	#D3D3D3	10
4020	#FFFFFF	#D3D3D3	10
4021	#FFFFFF	#D3D3D3	10
4022	#FFFFFF	#D3D3D3	10
4023	#FFFFFF	#D3D3D3	118
4024	#CE1B78	#050505	61
4025	#FFFFFF	#D3D3D3	118
4026	#FFFFFF	#D3D3D3	18
4027	#FFFFFF	#D3D3D3	18
4028	#FFFFFF	#D3D3D3	18
4029	#FFFFFF	#D3D3D3	18
4030	#FFFFFF	#D3D3D3	18
4031	#FFFFFF	#D3D3D3	18
4032	#FFFFFF	#D3D3D3	18
4033	#FFFFFF	#D3D3D3	18
4034	#FFFFFF	#D3D3D3	118
4035	#FFFFFF	#D3D3D3	13
4036	#FFFFFF	#D3D3D3	13
4037	#FFFFFF	#D3D3D3	13
4038	#FFFFFF	#D3D3D3	13
4039	#FFFFFF	#D3D3D3	106
4041	#F4B2C9	#7D7D7D	42
4042	#CD1076	#000000	53
4043	#FFFFFF	#D3D3D3	69
4044	#FFFFFF	#D3D3D3	69
4045	#FFFFFF	#D3D3D3	69
4046	#FFFFFF	#D3D3D3	69
4047	#FEF8FA	#CBCBCB	19
4048	#FEF8FA	#CBCBCB	19
4049	#FEF8FA	#CBCBCB	19
4050	#FEF8FA	#CBCBCB	19
4051	#FEF8FA	#CBCBCB	19
4052	#FEF8FA	#CBCBCB	19
4053	#DA4F8C	#242424	3
4054	#FEF8FA	#CBCBCB	19
4055	#FEF8FA	#CBCBCB	19
4056	#FEF8FA	#CBCBCB	19
4057	#FEF8FA	#CBCBCB	19
4058	#FFFFFF	#D3D3D3	69
4059	#FEF8FA	#CBCBCB	19
4060	#FFFFFF	#D3D3D3	34
4061	#FFFFFF	#D3D3D3	34
4063	#FFFFFF	#D3D3D3	64
4064	#DA4F8C	#242424	3
4065	#FFFFFF	#D3D3D3	2
4066	#FFFFFF	#D3D3D3	85
4075	#DA4F8C	#242424	3
4085	#FFFFFF	#D3D3D3	2
4086	#DA4F8C	#242424	3
4087	#DD5991	#2B2B2B	11
4088	#DD5991	#2B2B2B	11
4089	#DD5991	#2B2B2B	11
4090	#FFFFFF	#D3D3D3	69
4092	#F4B2C9	#7D7D7D	42
4093	#CD1076	#000000	53
4094	#FFFFFF	#D3D3D3	69
4095	#FFFFFF	#D3D3D3	69
4096	#FFFFFF	#D3D3D3	69
4097	#FFFFFF	#D3D3D3	69
4098	#FEF8FA	#CBCBCB	19
4099	#FEF8FA	#CBCBCB	19
4100	#FEF8FA	#CBCBCB	19
4101	#FEF8FA	#CBCBCB	19
4102	#FEF8FA	#CBCBCB	19
4103	#FEF8FA	#CBCBCB	19
4104	#DA4F8C	#242424	3
4105	#FEF8FA	#CBCBCB	19
4106	#FEF8FA	#CBCBCB	19
4107	#FEF8FA	#CBCBCB	19
4108	#FFFFFF	#D3D3D3	69
4109	#FFFFFF	#D3D3D3	69
4110	#FEF8FA	#CBCBCB	19
4111	#FFFFFF	#D3D3D3	34
4112	#FFFFFF	#D3D3D3	34
4114	#FFFFFF	#D3D3D3	64
4115	#DA4F8C	#242424	3
4116	#FFFFFF	#D3D3D3	2
4117	#FFFFFF	#D3D3D3	85
4126	#DA4F8C	#242424	3
4136	#DA4F8C	#242424	3
4137	#DD5991	#2B2B2B	11
4138	#DD5991	#2B2B2B	11
4139	#FFFFFF	#D3D3D3	69
4140	#FFFFFF	#D3D3D3	69
4142	#F4B2C9	#7D7D7D	42
4143	#CD1076	#000000	53
4144	#FFFFFF	#D3D3D3	69
4145	#FFFFFF	#D3D3D3	69
4146	#FFFFFF	#D3D3D3	69
4147	#FFFFFF	#D3D3D3	69
4148	#FFFFFF	#D3D3D3	69
4149	#FEF8FA	#CBCBCB	19
4150	#FEF8FA	#CBCBCB	19
4151	#FEF8FA	#CBCBCB	19
4152	#FEF8FA	#CBCBCB	19
4153	#FEF8FA	#CBCBCB	19
4154	#CD1076	#000000	53
4155	#FEF8FA	#CBCBCB	19
4156	#FEF8FA	#CBCBCB	19
4157	#FEF8FA	#CBCBCB	19
4158	#FEF8FA	#CBCBCB	19
4159	#FEF8FA	#CBCBCB	19
4160	#FFFFFF	#D3D3D3	69
4161	#FEF8FA	#CBCBCB	19
4162	#FFFFFF	#D3D3D3	34
4163	#FFFFFF	#D3D3D3	34
4164	#FFFFFF	#D3D3D3	64
4165	#DA4F8C	#242424	3
4167	#FFFFFF	#D3D3D3	2
4168	#FFFFFF	#D3D3D3	2
4176	#DA4F8C	#242424	3
4187	#DA4F8C	#242424	3
4188	#DA4F8C	#242424	3
4189	#DD5991	#2B2B2B	11
4190	#DD5991	#2B2B2B	11
4191	#FFFFFF	#D3D3D3	69
4193	#F4B2C9	#7D7D7D	42
4194	#CD1076	#000000	53
4195	#FFFFFF	#D3D3D3	69
4196	#FFFFFF	#D3D3D3	69
4197	#FFFFFF	#D3D3D3	69
4198	#FFFFFF	#D3D3D3	69
4199	#FFFFFF	#D3D3D3	69
4200	#FFFFFF	#D3D3D3	69
4201	#FEF8FA	#CBCBCB	19
4202	#FEF8FA	#CBCBCB	19
4203	#FEF8FA	#CBCBCB	19
4204	#FEF8FA	#CBCBCB	19
4205	#CD1076	#000000	53
4206	#FEF8FA	#CBCBCB	19
4207	#FEF8FA	#CBCBCB	19
4208	#FEF8FA	#CBCBCB	19
4209	#FEF8FA	#CBCBCB	19
4210	#FEF8FA	#CBCBCB	19
4211	#FEF8FA	#CBCBCB	19
4212	#FEF8FA	#CBCBCB	19
4213	#FFFFFF	#D3D3D3	34
4214	#FFFFFF	#D3D3D3	34
4216	#DA4F8C	#242424	3
4217	#FFFFFF	#D3D3D3	64
4218	#FFFFFF	#D3D3D3	2
4219	#FFFFFF	#D3D3D3	85
4227	#DA4F8C	#242424	3
4237	#DA4F8C	#242424	3
4238	#DA4F8C	#242424	3
4239	#DD5991	#2B2B2B	11
4240	#DD5991	#2B2B2B	11
4241	#DD5991	#2B2B2B	11
4243	#F4B2C9	#7D7D7D	42
4244	#CD1076	#000000	53
4245	#DD5991	#2B2B2B	11
4246	#FFFFFF	#D3D3D3	69
4247	#FFFFFF	#D3D3D3	69
4248	#FFFFFF	#D3D3D3	69
4249	#FFFFFF	#D3D3D3	69
4250	#FFFFFF	#D3D3D3	69
4251	#FEF8FA	#CBCBCB	19
4252	#FEF8FA	#CBCBCB	19
4253	#FEF8FA	#CBCBCB	19
4254	#FEF8FA	#CBCBCB	19
4255	#CD1076	#000000	53
4256	#FEF8FA	#CBCBCB	19
4257	#FEF8FA	#CBCBCB	19
4258	#FEF8FA	#CBCBCB	19
4259	#FEF8FA	#CBCBCB	19
4260	#FEF8FA	#CBCBCB	19
4261	#FEF8FA	#CBCBCB	19
4262	#FEF8FA	#CBCBCB	19
4263	#FEF8FA	#CBCBCB	19
4264	#FFFFFF	#D3D3D3	34
4265	#FFFFFF	#D3D3D3	34
4266	#DA4F8C	#242424	3
4267	#FFFFFF	#D3D3D3	64
4269	#FFFFFF	#D3D3D3	2
4270	#FFFFFF	#D3D3D3	2
4277	#DA4F8C	#242424	3
4288	#DA4F8C	#242424	3
4289	#DA4F8C	#242424	3
4290	#DA4F8C	#242424	3
4291	#DD5991	#2B2B2B	11
4292	#DD5991	#2B2B2B	11
4294	#F4B2C9	#7D7D7D	42
4295	#CD1076	#000000	53
4296	#DD5991	#2B2B2B	11
4297	#FFFFFF	#D3D3D3	69
4298	#FFFFFF	#D3D3D3	69
4299	#FFFFFF	#D3D3D3	69
4300	#FFFFFF	#D3D3D3	69
4301	#FFFFFF	#D3D3D3	69
4302	#FEF8FA	#CBCBCB	19
4303	#FEF8FA	#CBCBCB	19
4304	#FEF8FA	#CBCBCB	19
4305	#FEF8FA	#CBCBCB	19
4306	#CD1076	#000000	53
4307	#FEF8FA	#CBCBCB	19
4308	#FEF8FA	#CBCBCB	19
4309	#FEF8FA	#CBCBCB	19
4310	#FEF8FA	#CBCBCB	19
4311	#FEF8FA	#CBCBCB	19
4312	#FEF8FA	#CBCBCB	19
4313	#FEF8FA	#CBCBCB	19
4314	#FEF8FA	#CBCBCB	19
4315	#FFFFFF	#D3D3D3	34
4316	#FFFFFF	#D3D3D3	34
4317	#CD1076	#000000	53
4320	#FFFFFF	#D3D3D3	2
4321	#FFFFFF	#D3D3D3	2
4328	#DA4F8C	#242424	3
4338	#DA4F8C	#242424	3
4339	#DA4F8C	#242424	3
4340	#DD5991	#2B2B2B	11
4341	#DD5991	#2B2B2B	11
4342	#DD5991	#2B2B2B	11
4344	#F4B2C9	#7D7D7D	42
4345	#CD1076	#000000	53
4346	#DD5991	#2B2B2B	11
4347	#DD5991	#2B2B2B	11
4348	#FFFFFF	#D3D3D3	69
4349	#FFFFFF	#D3D3D3	69
4350	#FFFFFF	#D3D3D3	69
4351	#FFFFFF	#D3D3D3	69
4352	#FFFFFF	#D3D3D3	69
4353	#FEF8FA	#CBCBCB	19
4354	#FEF8FA	#CBCBCB	19
4355	#FEF8FA	#CBCBCB	19
4356	#CD1076	#000000	53
4357	#FEF8FA	#CBCBCB	19
4358	#FEF8FA	#CBCBCB	19
4359	#FEF8FA	#CBCBCB	19
4360	#FEF8FA	#CBCBCB	19
4361	#FEF8FA	#CBCBCB	19
4362	#FEF8FA	#CBCBCB	19
4363	#FEF8FA	#CBCBCB	19
4364	#FEF8FA	#CBCBCB	19
4365	#FEF8FA	#CBCBCB	19
4366	#FFFFFF	#D3D3D3	34
4367	#CD1076	#000000	53
4368	#FFFFFF	#D3D3D3	34
4369	#FFFFFF	#D3D3D3	64
4371	#FFFFFF	#D3D3D3	2
4372	#FFFFFF	#D3D3D3	2
4378	#DA4F8C	#242424	3
4389	#DA4F8C	#242424	3
4390	#DD5991	#2B2B2B	11
4391	#DD5991	#2B2B2B	11
4392	#DD5991	#2B2B2B	11
4393	#DD5991	#2B2B2B	11
4395	#F4B2C9	#7D7D7D	42
4396	#CD1076	#000000	53
4397	#DD5991	#2B2B2B	11
4398	#DD5991	#2B2B2B	11
4399	#FFFFFF	#D3D3D3	69
4400	#FFFFFF	#D3D3D3	69
4401	#FFFFFF	#D3D3D3	69
4402	#DD5991	#2B2B2B	11
4403	#FFFFFF	#D3D3D3	69
4404	#FEF8FA	#CBCBCB	19
4405	#FEF8FA	#CBCBCB	19
4406	#FEF8FA	#CBCBCB	19
4407	#CD1076	#000000	53
4408	#FEF8FA	#CBCBCB	19
4409	#FEF8FA	#CBCBCB	19
4410	#FEF8FA	#CBCBCB	19
4411	#FEF8FA	#CBCBCB	19
4412	#FEF8FA	#CBCBCB	19
4413	#FEF8FA	#CBCBCB	19
4414	#FEF8FA	#CBCBCB	19
4415	#FEF8FA	#CBCBCB	19
4416	#FEF8FA	#CBCBCB	19
4417	#FFFFFF	#D3D3D3	34
4418	#DA4F8C	#242424	3
4419	#FFFFFF	#D3D3D3	34
4421	#FFFFFF	#D3D3D3	64
4422	#FFFFFF	#D3D3D3	2
4423	#FFFFFF	#D3D3D3	2
4429	#DA4F8C	#242424	3
4439	#DA4F8C	#242424	3
4440	#DD5991	#2B2B2B	11
4441	#DD5991	#2B2B2B	11
4442	#DD5991	#2B2B2B	11
4443	#DD5991	#2B2B2B	11
4445	#F4B2C9	#7D7D7D	42
4446	#CD1076	#000000	53
4447	#DD5991	#2B2B2B	11
4448	#DD5991	#2B2B2B	11
4449	#DD5991	#2B2B2B	11
4450	#FFFFFF	#D3D3D3	69
4451	#DD5991	#2B2B2B	11
4452	#DD5991	#2B2B2B	11
4453	#FFFFFF	#D3D3D3	69
4454	#FFFFFF	#D3D3D3	69
4455	#FEF8FA	#CBCBCB	19
4456	#FEF8FA	#CBCBCB	19
4457	#CD1076	#000000	53
4458	#FEF8FA	#CBCBCB	19
4459	#FEF8FA	#CBCBCB	19
4460	#FEF8FA	#CBCBCB	19
4461	#FEF8FA	#CBCBCB	19
4462	#FEF8FA	#CBCBCB	19
4463	#FEF8FA	#CBCBCB	19
4464	#FEF8FA	#CBCBCB	19
4465	#FEF8FA	#CBCBCB	19
4466	#FEF8FA	#CBCBCB	19
4467	#FEF8FA	#CBCBCB	19
4468	#DA4F8C	#242424	3
4469	#FFFFFF	#D3D3D3	34
4470	#FFFFFF	#D3D3D3	34
4472	#FFFFFF	#D3D3D3	64
4473	#FFFFFF	#D3D3D3	2
4474	#FFFFFF	#D3D3D3	2
4479	#DA4F8C	#242424	3
4490	#DA4F8C	#242424	3
4491	#DD5991	#2B2B2B	11
4492	#DD5991	#2B2B2B	11
4493	#DD5991	#2B2B2B	11
4494	#DD5991	#2B2B2B	11
4496	#CD1076	#000000	53
4497	#CD1076	#000000	53
4498	#DD5991	#2B2B2B	11
4499	#DD5991	#2B2B2B	11
4500	#FFFFFF	#D3D3D3	69
4501	#FFFFFF	#D3D3D3	69
4502	#DD5991	#2B2B2B	11
4503	#FFFFFF	#D3D3D3	69
4504	#DD5991	#2B2B2B	11
4505	#FFFFFF	#D3D3D3	69
4506	#FEF8FA	#CBCBCB	19
4507	#FEF8FA	#CBCBCB	19
4508	#CD1076	#000000	53
4509	#FEF8FA	#CBCBCB	19
4510	#FEF8FA	#CBCBCB	19
4511	#FEF8FA	#CBCBCB	19
4512	#FEF8FA	#CBCBCB	19
4513	#FEF8FA	#CBCBCB	19
4514	#FEF8FA	#CBCBCB	19
4515	#FEF8FA	#CBCBCB	19
4516	#FEF8FA	#CBCBCB	19
4517	#FEF8FA	#CBCBCB	19
4518	#FEF8FA	#CBCBCB	19
4519	#DA4F8C	#242424	3
4520	#FFFFFF	#D3D3D3	34
4521	#FFFFFF	#D3D3D3	34
4524	#FFFFFF	#D3D3D3	2
4525	#FFFFFF	#D3D3D3	2
4530	#DA4F8C	#242424	3
4540	#DD5991	#2B2B2B	11
4541	#DD5991	#2B2B2B	11
4542	#DD5991	#2B2B2B	11
4543	#DD5991	#2B2B2B	11
4544	#DD5991	#2B2B2B	11
4546	#F4B2C9	#7D7D7D	42
4547	#DA4F8C	#242424	3
4548	#FFFFFF	#D3D3D3	69
4549	#FEF8FA	#CBCBCB	19
4550	#FEF8FA	#CBCBCB	19
4551	#FEF8FA	#CBCBCB	19
4552	#FEF8FA	#CBCBCB	19
4553	#FEF8FA	#CBCBCB	19
4554	#FEF8FA	#CBCBCB	19
4555	#FEF8FA	#CBCBCB	19
4556	#FEF8FA	#CBCBCB	19
4557	#FFFFFF	#D3D3D3	69
4558	#DA4F8C	#242424	3
4559	#FFFFFF	#D3D3D3	69
4560	#FFFFFF	#D3D3D3	34
4561	#FFFFFF	#D3D3D3	34
4562	#FFFFFF	#D3D3D3	64
4564	#FFFFFF	#D3D3D3	2
4565	#FFFFFF	#D3D3D3	85
4569	#DA4F8C	#242424	3
4580	#DA4F8C	#242424	3
4585	#FFFFFF	#D3D3D3	2
4586	#FFFFFF	#D3D3D3	2
4587	#FFFFFF	#D3D3D3	8
4588	#FFFFFF	#D3D3D3	8
4589	#FFFFFF	#D3D3D3	66
4590	#FFFFFF	#D3D3D3	8
4591	#FFFFFF	#D3D3D3	69
4592	#FFFFFF	#D3D3D3	69
4593	#FFFFFF	#D3D3D3	69
4594	#FFFFFF	#D3D3D3	69
4595	#FFFFFF	#D3D3D3	69
4597	#F4B2C9	#7D7D7D	42
4598	#DA4F8C	#242424	3
4599	#FFFFFF	#D3D3D3	69
4600	#FEF8FA	#CBCBCB	19
4601	#FEF8FA	#CBCBCB	19
4602	#FEF8FA	#CBCBCB	19
4603	#FEF8FA	#CBCBCB	19
4604	#FEF8FA	#CBCBCB	19
4605	#FEF8FA	#CBCBCB	19
4606	#FEF8FA	#CBCBCB	19
4607	#FFFFFF	#D3D3D3	69
4608	#FFFFFF	#D3D3D3	69
4609	#DA4F8C	#242424	3
4610	#FFFFFF	#D3D3D3	34
4611	#FFFFFF	#D3D3D3	34
4612	#FFFFFF	#D3D3D3	64
4614	#FFFFFF	#D3D3D3	2
4615	#FFFFFF	#D3D3D3	85
4620	#DA4F8C	#242424	3
4631	#DA4F8C	#242424	3
4635	#FFFFFF	#D3D3D3	2
4636	#FFFFFF	#D3D3D3	2
4637	#FFFFFF	#D3D3D3	8
4638	#FFFFFF	#D3D3D3	8
4639	#FFFFFF	#D3D3D3	66
4640	#FFFFFF	#D3D3D3	8
4641	#FFFFFF	#D3D3D3	69
4642	#FFFFFF	#D3D3D3	69
4643	#FFFFFF	#D3D3D3	69
4644	#FFFFFF	#D3D3D3	69
4645	#FEF8FA	#CBCBCB	19
4647	#F4B2C9	#7D7D7D	42
4648	#DA4F8C	#242424	3
4649	#FEF8FA	#CBCBCB	19
4650	#FFFFFF	#D3D3D3	69
4651	#FEF8FA	#CBCBCB	19
4652	#FEF8FA	#CBCBCB	19
4653	#FEF8FA	#CBCBCB	19
4654	#FEF8FA	#CBCBCB	19
4655	#FFFFFF	#D3D3D3	69
4656	#FEF8FA	#CBCBCB	19
4657	#FFFFFF	#D3D3D3	69
4658	#FFFFFF	#D3D3D3	69
4659	#DA4F8C	#242424	3
4660	#FFFFFF	#D3D3D3	34
4661	#FFFFFF	#D3D3D3	34
4662	#FFFFFF	#D3D3D3	64
4663	#FFFFFF	#D3D3D3	64
4664	#FFFFFF	#D3D3D3	2
4665	#FFFFFF	#D3D3D3	85
4670	#DA4F8C	#242424	3
4681	#DA4F8C	#242424	3
4685	#FFFFFF	#D3D3D3	2
4686	#FFFFFF	#D3D3D3	2
4687	#FFFFFF	#D3D3D3	8
4688	#FFFFFF	#D3D3D3	8
4689	#FFFFFF	#D3D3D3	66
4690	#FFFFFF	#D3D3D3	8
4691	#FFFFFF	#D3D3D3	8
4692	#DA4F8C	#242424	3
4693	#FFFFFF	#D3D3D3	69
4694	#FFFFFF	#D3D3D3	69
4695	#FFFFFF	#D3D3D3	69
4696	#FFFFFF	#D3D3D3	69
4698	#F4B2C9	#7D7D7D	42
4699	#DA4F8C	#242424	3
4700	#FEF8FA	#CBCBCB	19
4701	#FEF8FA	#CBCBCB	19
4702	#FEF8FA	#CBCBCB	19
4703	#FEF8FA	#CBCBCB	19
4704	#FEF8FA	#CBCBCB	19
4705	#FEF8FA	#CBCBCB	19
4706	#FFFFFF	#D3D3D3	69
4707	#FFFFFF	#D3D3D3	69
4708	#FFFFFF	#D3D3D3	69
4709	#FFFFFF	#D3D3D3	34
4710	#DA4F8C	#242424	3
4711	#FFFFFF	#D3D3D3	34
4712	#FFFFFF	#D3D3D3	64
4714	#FFFFFF	#D3D3D3	2
4715	#FFFFFF	#D3D3D3	85
4721	#FFFFFF	#D3D3D3	69
4732	#DA4F8C	#242424	3
4735	#FFFFFF	#D3D3D3	2
4736	#FFFFFF	#D3D3D3	2
4737	#FFFFFF	#D3D3D3	8
4738	#FFFFFF	#D3D3D3	8
4739	#FFFFFF	#D3D3D3	66
4740	#FFFFFF	#D3D3D3	8
4741	#FFFFFF	#D3D3D3	8
4742	#DA4F8C	#242424	3
4743	#FFFFFF	#D3D3D3	69
4744	#FFFFFF	#D3D3D3	69
4745	#FFFFFF	#D3D3D3	69
4746	#FFFFFF	#D3D3D3	69
4748	#F4B2C9	#7D7D7D	42
4749	#DA4F8C	#242424	3
4750	#FFFFFF	#D3D3D3	69
4751	#FEF8FA	#CBCBCB	19
4752	#FEF8FA	#CBCBCB	19
4753	#FFFFFF	#D3D3D3	69
4754	#FEF8FA	#CBCBCB	19
4755	#FEF8FA	#CBCBCB	19
4756	#FFFFFF	#D3D3D3	69
4757	#FFFFFF	#D3D3D3	69
4758	#FFFFFF	#D3D3D3	69
4759	#FFFFFF	#D3D3D3	34
4760	#DA4F8C	#242424	3
4761	#FFFFFF	#D3D3D3	34
4762	#FFFFFF	#D3D3D3	64
4764	#FFFFFF	#D3D3D3	2
4765	#FFFFFF	#D3D3D3	85
4771	#DA4F8C	#242424	3
4782	#FFFFFF	#D3D3D3	69
4785	#FFFFFF	#D3D3D3	2
4786	#FFFFFF	#D3D3D3	2
4787	#FFFFFF	#D3D3D3	8
4788	#FFFFFF	#D3D3D3	8
4789	#FFFFFF	#D3D3D3	66
4790	#FFFFFF	#D3D3D3	8
4791	#FFFFFF	#D3D3D3	8
4792	#FFFFFF	#D3D3D3	76
4793	#DA4F8C	#242424	3
4794	#FFFFFF	#D3D3D3	69
4795	#FFFFFF	#D3D3D3	69
4796	#FFFFFF	#D3D3D3	69
4797	#FFFFFF	#D3D3D3	69
4799	#F4B2C9	#7D7D7D	42
4800	#DA4F8C	#242424	3
4801	#FFFFFF	#D3D3D3	69
4802	#FEF8FA	#CBCBCB	19
4803	#FFFFFF	#D3D3D3	69
4804	#FEF8FA	#CBCBCB	19
4805	#FEF8FA	#CBCBCB	19
4806	#FFFFFF	#D3D3D3	69
4807	#FFFFFF	#D3D3D3	69
4808	#FFFFFF	#D3D3D3	69
4809	#FFFFFF	#D3D3D3	34
4810	#FFFFFF	#D3D3D3	34
4811	#DA4F8C	#242424	3
4812	#FFFFFF	#D3D3D3	64
4814	#FFFFFF	#D3D3D3	2
4815	#FFFFFF	#D3D3D3	85
4822	#DA4F8C	#242424	3
4833	#FFFFFF	#D3D3D3	69
4835	#FFFFFF	#D3D3D3	85
4836	#FFFFFF	#D3D3D3	2
4837	#FFFFFF	#D3D3D3	8
4838	#FFFFFF	#D3D3D3	8
4839	#FFFFFF	#D3D3D3	66
4840	#FFFFFF	#D3D3D3	8
4841	#FFFFFF	#D3D3D3	8
4842	#FFFFFF	#D3D3D3	76
4843	#FFFFFF	#D3D3D3	69
4844	#FFFFFF	#D3D3D3	69
4845	#FFFFFF	#D3D3D3	69
4846	#FFFFFF	#D3D3D3	69
4847	#FFFFFF	#D3D3D3	69
4849	#F4B2C9	#7D7D7D	42
4850	#DA4F8C	#242424	3
4851	#FFFFFF	#D3D3D3	69
4852	#FFFFFF	#D3D3D3	69
4853	#FFFFFF	#D3D3D3	69
4854	#FEF8FA	#CBCBCB	19
4855	#FEF8FA	#CBCBCB	19
4856	#FFFFFF	#D3D3D3	69
4857	#FFFFFF	#D3D3D3	69
4858	#FFFFFF	#D3D3D3	69
4859	#FFFFFF	#D3D3D3	34
4860	#FFFFFF	#D3D3D3	34
4861	#DA4F8C	#242424	3
4864	#FFFFFF	#D3D3D3	2
4865	#FFFFFF	#D3D3D3	85
4872	#DA4F8C	#242424	3
4883	#DA4F8C	#242424	3
4885	#FFFFFF	#D3D3D3	85
4886	#FFFFFF	#D3D3D3	2
4887	#FFFFFF	#D3D3D3	8
4888	#FFFFFF	#D3D3D3	8
4889	#FFFFFF	#D3D3D3	66
4890	#FFFFFF	#D3D3D3	8
4891	#FFFFFF	#D3D3D3	8
4892	#FFFFFF	#D3D3D3	76
4893	#FFFFFF	#D3D3D3	76
4894	#FFFFFF	#D3D3D3	69
4895	#FFFFFF	#D3D3D3	69
4896	#FFFFFF	#D3D3D3	69
4897	#FFFFFF	#D3D3D3	69
4898	#FFFFFF	#D3D3D3	69
4900	#F4B2C9	#7D7D7D	42
4901	#DA4F8C	#242424	3
4902	#FFFFFF	#D3D3D3	69
4903	#FFFFFF	#D3D3D3	69
4904	#FFFFFF	#D3D3D3	69
4905	#FFFFFF	#D3D3D3	69
4906	#FFFFFF	#D3D3D3	69
4907	#FFFFFF	#D3D3D3	69
4908	#FFFFFF	#D3D3D3	69
4909	#FFFFFF	#D3D3D3	34
4910	#FFFFFF	#D3D3D3	34
4912	#DA4F8C	#242424	3
4913	#FFFFFF	#D3D3D3	64
4914	#FFFFFF	#D3D3D3	2
4915	#FFFFFF	#D3D3D3	85
4923	#DA4F8C	#242424	3
4934	#FFFFFF	#D3D3D3	69
4935	#FFFFFF	#D3D3D3	85
4936	#FFFFFF	#D3D3D3	2
4937	#FFFFFF	#D3D3D3	8
4938	#FFFFFF	#D3D3D3	8
4939	#FFFFFF	#D3D3D3	66
4940	#FFFFFF	#D3D3D3	8
4941	#FFFFFF	#D3D3D3	8
4942	#FFFFFF	#D3D3D3	76
4943	#FFFFFF	#D3D3D3	76
4944	#FFFFFF	#D3D3D3	69
4945	#FFFFFF	#D3D3D3	69
4946	#FFFFFF	#D3D3D3	69
4947	#FFFFFF	#D3D3D3	69
4948	#FFFFFF	#D3D3D3	69
4950	#F4B2C9	#7D7D7D	42
4951	#DA4F8C	#242424	3
4952	#FFFFFF	#D3D3D3	69
4953	#FFFFFF	#D3D3D3	69
4954	#FFFFFF	#D3D3D3	69
4955	#FFFFFF	#D3D3D3	69
4956	#FFFFFF	#D3D3D3	69
4957	#FFFFFF	#D3D3D3	69
4958	#FFFFFF	#D3D3D3	69
4959	#FFFFFF	#D3D3D3	34
4960	#FFFFFF	#D3D3D3	34
4961	#FFFFFF	#D3D3D3	64
4962	#DA4F8C	#242424	3
4964	#FFFFFF	#D3D3D3	2
4965	#FFFFFF	#D3D3D3	85
4973	#DA4F8C	#242424	3
4984	#DA4F8C	#242424	3
4985	#FFFFFF	#D3D3D3	85
4986	#FFFFFF	#D3D3D3	2
4987	#FFFFFF	#D3D3D3	8
4988	#FFFFFF	#D3D3D3	8
4989	#FFFFFF	#D3D3D3	66
4990	#FFFFFF	#D3D3D3	8
4991	#FFFFFF	#D3D3D3	8
4992	#FFFFFF	#D3D3D3	76
4993	#FFFFFF	#D3D3D3	76
4994	#FFFFFF	#D3D3D3	76
4995	#FFFFFF	#D3D3D3	69
4996	#FFFFFF	#D3D3D3	69
4997	#FFFFFF	#D3D3D3	69
4998	#FFFFFF	#D3D3D3	69
4999	#FFFFFF	#D3D3D3	69
5001	#F4B2C9	#7D7D7D	42
5002	#DA4F8C	#242424	3
5003	#FFFFFF	#D3D3D3	69
5004	#FFFFFF	#D3D3D3	69
5005	#FFFFFF	#D3D3D3	69
5006	#FFFFFF	#D3D3D3	69
5007	#FFFFFF	#D3D3D3	69
5008	#FFFFFF	#D3D3D3	69
5009	#FFFFFF	#D3D3D3	34
5010	#FFFFFF	#D3D3D3	34
5011	#FFFFFF	#D3D3D3	64
5012	#FFFFFF	#D3D3D3	64
5013	#DA4F8C	#242424	3
5014	#FFFFFF	#D3D3D3	2
5015	#FFFFFF	#D3D3D3	85
5024	#DA4F8C	#242424	3
5034	#FFFFFF	#D3D3D3	85
5035	#FFFFFF	#D3D3D3	69
5036	#FFFFFF	#D3D3D3	2
5037	#FFFFFF	#D3D3D3	8
5038	#FFFFFF	#D3D3D3	8
5039	#FFFFFF	#D3D3D3	66
5040	#FFFFFF	#D3D3D3	8
5041	#FFFFFF	#D3D3D3	8
5042	#FFFFFF	#D3D3D3	8
5043	#FFFFFF	#D3D3D3	76
5044	#FFFFFF	#D3D3D3	76
5045	#FFFFFF	#D3D3D3	69
5046	#FFFFFF	#D3D3D3	69
5047	#FFFFFF	#D3D3D3	69
5048	#FFFFFF	#D3D3D3	69
5049	#FFFFFF	#D3D3D3	69
5051	#F4B2C9	#7D7D7D	42
5052	#DA4F8C	#242424	3
5053	#FFFFFF	#D3D3D3	69
5054	#FFFFFF	#D3D3D3	69
5055	#FFFFFF	#D3D3D3	69
5056	#FFFFFF	#D3D3D3	69
5057	#FFFFFF	#D3D3D3	69
5058	#FFFFFF	#D3D3D3	69
5059	#FFFFFF	#D3D3D3	34
5060	#FFFFFF	#D3D3D3	34
5061	#FFFFFF	#D3D3D3	64
5063	#DA4F8C	#242424	3
5064	#FFFFFF	#D3D3D3	2
5065	#FFFFFF	#D3D3D3	85
5074	#DA4F8C	#242424	3
5084	#FFFFFF	#D3D3D3	85
5085	#DA4F8C	#242424	3
5086	#FFFFFF	#D3D3D3	2
5087	#FFFFFF	#D3D3D3	8
5088	#FFFFFF	#D3D3D3	8
5089	#FFFFFF	#D3D3D3	66
5090	#FFFFFF	#D3D3D3	8
5091	#FFFFFF	#D3D3D3	8
5092	#FFFFFF	#D3D3D3	76
5093	#FFFFFF	#D3D3D3	8
5094	#FFFFFF	#D3D3D3	76
5095	#FFFFFF	#D3D3D3	76
5096	#FFFFFF	#D3D3D3	69
5097	#FFFFFF	#D3D3D3	69
5098	#FFFFFF	#D3D3D3	69
5099	#FFFFFF	#D3D3D3	69
5100	#FFFFFF	#D3D3D3	69
